-- Adminer 4.2.5 MySQL dump

SET NAMES utf8;
SET time_zone = '+00:00';
SET foreign_key_checks = 0;
SET sql_mode = 'NO_AUTO_VALUE_ON_ZERO';

DROP TABLE IF EXISTS `account_close_reasons`;
CREATE TABLE `account_close_reasons` (
  `id` bigint(20) NOT NULL AUTO_INCREMENT,
  `created_at` datetime NOT NULL,
  `updated_at` datetime NOT NULL,
  `reasons` text COLLATE utf8_unicode_ci NOT NULL,
  `display_order` int(11) NOT NULL,
  PRIMARY KEY (`id`)
) ENGINE=InnoDB DEFAULT CHARSET=utf8 COLLATE=utf8_unicode_ci;

INSERT INTO `account_close_reasons` (`id`, `created_at`, `updated_at`, `reasons`, `display_order`) VALUES
(1,	'2017-11-13 10:58:28',	'2017-11-13 09:12:01',	'I don\'t work as a Ondemandservicemarketplace.com anymore',	1),
(2,	'2017-11-13 10:59:02',	'2017-11-13 10:59:02',	'My experience with the customer was not great.',	2),
(3,	'2017-11-13 10:59:27',	'2017-11-13 10:59:27',	'My experience with the Ondemandservicemarketplace.com team was not great',	3),
(4,	'2017-11-13 11:00:26',	'2017-11-13 11:00:26',	'My experience with the customers and the Ondemandservicemarketplace.com team was not great.',	4),
(5,	'2017-11-13 11:02:18',	'2017-11-13 11:02:18',	'Other',	5);

DROP TABLE IF EXISTS `apns_devices`;
CREATE TABLE `apns_devices` (
  `id` bigint(20) unsigned NOT NULL AUTO_INCREMENT,
  `created_at` datetime NOT NULL,
  `updated_at` datetime NOT NULL,
  `user_id` bigint(20) unsigned DEFAULT NULL,
  `appname` varchar(255) COLLATE utf8_unicode_ci DEFAULT NULL,
  `appversion` varchar(255) COLLATE utf8_unicode_ci DEFAULT NULL,
  `deviceuid` varchar(255) COLLATE utf8_unicode_ci DEFAULT NULL,
  `devicetoken` varchar(255) COLLATE utf8_unicode_ci DEFAULT NULL,
  `devicename` varchar(255) COLLATE utf8_unicode_ci DEFAULT NULL,
  `devicemodel` varchar(255) COLLATE utf8_unicode_ci DEFAULT NULL,
  `deviceversion` varchar(255) COLLATE utf8_unicode_ci DEFAULT NULL,
  `pushbadge` varchar(255) COLLATE utf8_unicode_ci DEFAULT NULL,
  `pushalert` varchar(255) COLLATE utf8_unicode_ci DEFAULT NULL,
  `pushsound` varchar(255) COLLATE utf8_unicode_ci DEFAULT NULL,
  `development` varchar(255) COLLATE utf8_unicode_ci DEFAULT NULL,
  `status` varchar(255) COLLATE utf8_unicode_ci DEFAULT NULL,
  `latitude` double NOT NULL,
  `longitude` double NOT NULL,
  `devicetype` bigint(20) DEFAULT NULL,
  PRIMARY KEY (`id`),
  KEY `user_id` (`user_id`),
  CONSTRAINT `apns_devices_ibfk_2` FOREIGN KEY (`user_id`) REFERENCES `users` (`id`) ON DELETE CASCADE ON UPDATE NO ACTION
) ENGINE=InnoDB DEFAULT CHARSET=utf8 COLLATE=utf8_unicode_ci;


DROP TABLE IF EXISTS `appointments`;
CREATE TABLE `appointments` (
  `id` bigint(20) unsigned NOT NULL AUTO_INCREMENT,
  `created_at` timestamp NULL DEFAULT NULL,
  `updated_at` timestamp NULL DEFAULT NULL,
  `user_id` bigint(20) unsigned DEFAULT NULL,
  `provider_user_id` bigint(20) unsigned DEFAULT NULL,
  `appointment_status_id` bigint(20) unsigned NOT NULL DEFAULT '1',
  `appointment_from_date` date DEFAULT NULL,
  `appointment_to_date` date DEFAULT NULL,
  `appointment_from_time` varchar(255) COLLATE utf8_unicode_ci DEFAULT NULL,
  `appointment_to_time` varchar(255) COLLATE utf8_unicode_ci DEFAULT NULL,
  `customer_note` text COLLATE utf8_unicode_ci,
  `provider_note` text COLLATE utf8_unicode_ci,
  `total_booking_amount` double NOT NULL DEFAULT '0',
  `no_of_days` int(11) NOT NULL DEFAULT '0',
  `site_commission_from_freelancer` double(10,2) NOT NULL DEFAULT '0.00',
  `paid_escrow_amount_at` datetime DEFAULT NULL,
  `used_affiliate_amount` double(10,2) NOT NULL DEFAULT '0.00',
  `payment_gateway_id` bigint(20) unsigned DEFAULT NULL,
  `paypal_status` varchar(255) COLLATE utf8_unicode_ci DEFAULT NULL,
  `authorization_id` varchar(255) COLLATE utf8_unicode_ci DEFAULT NULL,
  `capture_id` varchar(255) COLLATE utf8_unicode_ci DEFAULT NULL,
  `payment_type` varchar(255) COLLATE utf8_unicode_ci DEFAULT 'authorize' COMMENT 'sale/authorize',
  `service_id` bigint(20) unsigned DEFAULT NULL,
  `cancellation_policy_id` bigint(20) unsigned DEFAULT NULL,
  `refunded_amount` double unsigned NOT NULL DEFAULT '0',
  `first_response_time` bigint(20) unsigned DEFAULT NULL COMMENT 'In minutes',
  `booked_minutes` bigint(20) unsigned NOT NULL DEFAULT '0',
  `work_location_address` varchar(255) COLLATE utf8_unicode_ci DEFAULT NULL,
  `work_location_address1` varchar(255) COLLATE utf8_unicode_ci DEFAULT NULL,
  `work_location_city_id` bigint(20) unsigned DEFAULT NULL,
  `work_location_state_id` bigint(20) unsigned DEFAULT NULL,
  `work_location_country_id` bigint(20) unsigned DEFAULT NULL,
  `work_location_postal_code` varchar(20) COLLATE utf8_unicode_ci DEFAULT NULL,
  `number_of_item` bigint(20) NOT NULL DEFAULT '1' COMMENT 'Like number of children or dogs',
  `user_credit_card_id` bigint(20) DEFAULT NULL,
  `site_commission_from_customer` double(10,2) NOT NULL DEFAULT '0.00',
  `is_review_posted` tinyint(4) NOT NULL DEFAULT '0',
  `review_reminder_notification_sent_count` tinyint(4) NOT NULL DEFAULT '0',
  `request_id` bigint(20) unsigned DEFAULT NULL,
  `is_appointment_for_interview` tinyint(3) unsigned NOT NULL DEFAULT '0',
  `bonus_amount` double(10,2) unsigned NOT NULL DEFAULT '0.00',
  `site_commission_from_freelancer_for_bonus_amount` double(10,2) unsigned NOT NULL DEFAULT '0.00',
  `site_commission_from_customer_for_bonus_amount` double(10,2) unsigned NOT NULL DEFAULT '0.00',
  `bonus_amount_note` text COLLATE utf8_unicode_ci,
  `is_paid_bonus_amount` tinyint(3) unsigned NOT NULL DEFAULT '0',
  PRIMARY KEY (`id`),
  KEY `user_id` (`user_id`),
  KEY `provider_user_id` (`provider_user_id`),
  KEY `appointment_status_id` (`appointment_status_id`),
  KEY `service_id` (`service_id`),
  KEY `cancellation_policy_id` (`cancellation_policy_id`),
  KEY `payment_gateway_id` (`payment_gateway_id`),
  KEY `user_credit_card_id` (`user_credit_card_id`),
  CONSTRAINT `appointments_ibfk_4` FOREIGN KEY (`service_id`) REFERENCES `services` (`id`) ON DELETE SET NULL ON UPDATE NO ACTION,
  CONSTRAINT `appointments_ibfk_5` FOREIGN KEY (`cancellation_policy_id`) REFERENCES `cancellation_policies` (`id`) ON DELETE SET NULL ON UPDATE NO ACTION,
  CONSTRAINT `appointments_ibfk_6` FOREIGN KEY (`payment_gateway_id`) REFERENCES `payment_gateways` (`id`) ON DELETE SET NULL ON UPDATE NO ACTION,
  CONSTRAINT `appointments_ibfk_7` FOREIGN KEY (`user_id`) REFERENCES `users` (`id`) ON DELETE CASCADE ON UPDATE NO ACTION,
  CONSTRAINT `appointments_ibfk_8` FOREIGN KEY (`provider_user_id`) REFERENCES `users` (`id`) ON DELETE CASCADE ON UPDATE NO ACTION,
  CONSTRAINT `appointments_ibfk_9` FOREIGN KEY (`user_credit_card_id`) REFERENCES `user_credit_cards` (`id`) ON DELETE SET NULL ON UPDATE NO ACTION
) ENGINE=InnoDB DEFAULT CHARSET=utf8 COLLATE=utf8_unicode_ci;

INSERT INTO `appointments` (`id`, `created_at`, `updated_at`, `user_id`, `provider_user_id`, `appointment_status_id`, `appointment_from_date`, `appointment_to_date`, `appointment_from_time`, `appointment_to_time`, `customer_note`, `provider_note`, `total_booking_amount`, `no_of_days`, `site_commission_from_freelancer`, `paid_escrow_amount_at`, `used_affiliate_amount`, `payment_gateway_id`, `paypal_status`, `authorization_id`, `capture_id`, `payment_type`, `service_id`, `cancellation_policy_id`, `refunded_amount`, `first_response_time`, `booked_minutes`, `work_location_address`, `work_location_address1`, `work_location_city_id`, `work_location_state_id`, `work_location_country_id`, `work_location_postal_code`, `number_of_item`, `user_credit_card_id`, `site_commission_from_customer`, `is_review_posted`, `review_reminder_notification_sent_count`, `request_id`, `is_appointment_for_interview`, `bonus_amount`, `site_commission_from_freelancer_for_bonus_amount`, `site_commission_from_customer_for_bonus_amount`, `bonus_amount_note`, `is_paid_bonus_amount`) VALUES
(16,	'2018-01-02 05:17:31',	'2018-01-02 05:18:17',	2,	8,	10,	'2018-01-24',	'2018-01-24',	'14:00:00',	'22:00:00',	NULL,	NULL,	200,	1,	36.00,	NULL,	0.00,	NULL,	'created',	NULL,	NULL,	'authorize',	7,	2,	0,	NULL,	480,	'Langelandsvegen 25, 6010 Ålesund, Norway',	'3/56',	7,	7,	167,	'6010',	1,	NULL,	0.00,	0,	0,	NULL,	0,	0.00,	0.00,	0.00,	NULL,	0),
(17,	'2018-01-02 05:22:08',	'2018-01-02 05:27:08',	2,	8,	3,	'2018-01-02',	'2018-01-02',	'18:00:00',	'22:00:00',	NULL,	NULL,	100,	1,	18.00,	'2018-01-02 10:53:13',	0.00,	NULL,	'pending',	'20060686N5565830L',	'5XL33973GW3352733',	'authorize',	7,	2,	0,	2,	240,	'Langelandsvegen 25, 6010 Ålesund, Norway',	'3/6',	7,	7,	167,	'6010',	1,	NULL,	0.00,	0,	0,	NULL,	0,	0.00,	0.00,	0.00,	NULL,	0),
(18,	'2018-01-02 05:31:15',	'2018-01-02 05:33:08',	2,	8,	2,	'2018-01-31',	'2018-01-31',	'11:00:00',	'20:00:00',	NULL,	NULL,	225,	1,	40.50,	'2018-01-02 11:02:04',	0.00,	NULL,	'pending',	'2UD864176T456011T',	'61528048796684026',	'authorize',	7,	2,	0,	1,	540,	'Langelandsvegen 25, 6010 Ålesund, Norway',	'3/4',	7,	7,	167,	'6010',	1,	NULL,	0.00,	0,	0,	NULL,	0,	0.00,	0.00,	0.00,	NULL,	0),
(19,	'2018-01-02 05:35:19',	'2018-01-02 05:38:51',	4,	8,	3,	'2018-01-03',	'2018-01-03',	'18:00:00',	'20:00:00',	NULL,	NULL,	50,	1,	9.00,	'2018-01-02 11:06:10',	0.00,	NULL,	'pending',	'5TR275920T859524F',	'84E164677K8515357',	'authorize',	7,	2,	0,	2,	120,	'Langelandsvegen 25, 6010 Ålesund, Norway',	'100',	7,	7,	167,	'6010',	1,	NULL,	0.00,	0,	0,	NULL,	0,	0.00,	0.00,	0.00,	NULL,	0),
(20,	'2018-01-02 06:11:58',	'2018-01-02 06:14:26',	2,	22,	3,	'2018-01-02',	'2018-01-02',	'18:00:00',	'22:00:00',	NULL,	NULL,	112,	1,	20.16,	'2018-01-02 11:42:48',	0.00,	NULL,	'pending',	'7W101329R0828443M',	'5KS5447549063093B',	'authorize',	5,	1,	0,	1,	240,	NULL,	NULL,	NULL,	NULL,	NULL,	NULL,	1,	NULL,	0.00,	0,	0,	NULL,	0,	0.00,	0.00,	0.00,	NULL,	0),
(22,	'2018-01-02 06:23:25',	'2018-01-02 06:30:44',	2,	22,	8,	'2018-02-02',	'2018-02-02',	'18:00:00',	'19:00:00',	NULL,	NULL,	28,	1,	5.04,	NULL,	0.00,	NULL,	NULL,	NULL,	NULL,	'authorize',	5,	1,	0,	7,	60,	'1 Martin Pl, Sydney NSW 2000, Australia',	'123',	21,	14,	14,	'2000',	1,	NULL,	0.00,	0,	0,	NULL,	0,	0.00,	0.00,	0.00,	NULL,	0),
(23,	'2018-01-02 06:27:56',	'2018-01-02 06:31:28',	2,	22,	2,	'2018-02-07',	'2018-02-07',	'18:00:00',	'21:00:00',	NULL,	NULL,	84,	1,	15.12,	'2018-01-02 11:59:12',	0.00,	NULL,	'pending',	'8LH22331KG504412X',	'0TS68664590032830',	'authorize',	5,	1,	0,	2,	180,	NULL,	NULL,	NULL,	NULL,	NULL,	NULL,	1,	NULL,	0.00,	0,	0,	NULL,	0,	0.00,	0.00,	0.00,	NULL,	0),
(24,	'2018-03-02 08:56:14',	'2018-03-02 08:56:14',	2,	8,	10,	'2018-03-10',	NULL,	'18:00:00',	'19:00:00',	NULL,	NULL,	23,	1,	11.50,	NULL,	0.00,	NULL,	NULL,	NULL,	NULL,	'authorize',	19,	1,	0,	NULL,	60,	NULL,	NULL,	NULL,	NULL,	NULL,	NULL,	1,	NULL,	0.00,	0,	0,	NULL,	1,	0.00,	0.00,	0.00,	NULL,	0),
(25,	'2018-03-05 00:16:18',	'2018-03-05 01:10:47',	2,	8,	10,	'2018-03-12',	NULL,	'18:00:00',	'19:00:00',	NULL,	NULL,	23,	1,	11.50,	NULL,	0.00,	NULL,	NULL,	NULL,	NULL,	'authorize',	19,	1,	0,	NULL,	60,	NULL,	NULL,	NULL,	NULL,	NULL,	NULL,	1,	2,	0.00,	0,	0,	NULL,	1,	0.00,	0.00,	0.00,	NULL,	0);

DROP TABLE IF EXISTS `appointment_modifications`;
CREATE TABLE `appointment_modifications` (
  `id` bigint(20) unsigned NOT NULL AUTO_INCREMENT,
  `user_id` bigint(20) unsigned DEFAULT NULL,
  `type` tinyint(2) NOT NULL DEFAULT '0' COMMENT '0-Unavailable in Particular Date And Time; 1 - Make a Day Fully Off; 2 - Unavailable In Every Particular Day And Time Recursively; 3 - Make a Day Fully On;',
  `unavailable_date` date DEFAULT NULL,
  `unavailable_from_time` time DEFAULT NULL,
  `unavailable_to_time` time DEFAULT NULL,
  `created_at` datetime NOT NULL,
  `updated_at` datetime NOT NULL,
  `day` varchar(255) DEFAULT NULL COMMENT 'AllDay, Sunday, Monday, Tuesday, Wednesday, Thursday, Friday,  Saturday',
  PRIMARY KEY (`id`),
  KEY `users_user_id` (`user_id`),
  CONSTRAINT `appointment_modifications_ibfk_1` FOREIGN KEY (`user_id`) REFERENCES `users` (`id`) ON DELETE CASCADE ON UPDATE NO ACTION
) ENGINE=InnoDB DEFAULT CHARSET=latin1;

INSERT INTO `appointment_modifications` (`id`, `user_id`, `type`, `unavailable_date`, `unavailable_from_time`, `unavailable_to_time`, `created_at`, `updated_at`, `day`) VALUES
(37,	3,	3,	'2018-04-22',	NULL,	NULL,	'2018-01-02 09:31:16',	'2018-01-02 09:31:16',	NULL),
(38,	3,	1,	'2018-01-17',	NULL,	NULL,	'2018-01-02 09:31:17',	'2018-01-02 09:31:17',	NULL),
(39,	3,	1,	'2018-01-18',	NULL,	NULL,	'2018-01-02 09:31:17',	'2018-01-02 09:31:17',	NULL),
(40,	3,	1,	'2018-02-21',	NULL,	NULL,	'2018-01-02 09:31:17',	'2018-01-02 09:31:17',	NULL),
(41,	3,	1,	'2018-02-20',	NULL,	NULL,	'2018-01-02 09:31:17',	'2018-01-02 09:31:17',	NULL),
(42,	3,	1,	'2018-03-28',	NULL,	NULL,	'2018-01-02 09:31:17',	'2018-01-02 09:31:17',	NULL),
(43,	3,	1,	'2018-03-29',	NULL,	NULL,	'2018-01-02 09:31:17',	'2018-01-02 09:31:17',	NULL),
(44,	3,	1,	'2018-03-27',	NULL,	NULL,	'2018-01-02 09:31:17',	'2018-01-02 09:31:17',	NULL),
(45,	3,	1,	'2018-04-24',	NULL,	NULL,	'2018-01-02 09:31:17',	'2018-01-02 09:31:17',	NULL),
(46,	3,	1,	'2018-05-10',	NULL,	NULL,	'2018-01-02 09:31:17',	'2018-01-02 09:31:17',	NULL),
(47,	3,	1,	'2018-05-11',	NULL,	NULL,	'2018-01-02 09:31:17',	'2018-01-02 09:31:17',	NULL),
(48,	8,	1,	'2018-02-06',	NULL,	NULL,	'2018-01-02 10:27:42',	'2018-01-02 10:27:42',	NULL),
(49,	8,	1,	'2018-02-07',	NULL,	NULL,	'2018-01-02 10:27:42',	'2018-01-02 10:27:42',	NULL),
(50,	8,	1,	'2018-02-08',	NULL,	NULL,	'2018-01-02 10:27:42',	'2018-01-02 10:27:42',	NULL),
(51,	8,	1,	'2018-03-13',	NULL,	NULL,	'2018-01-02 10:27:43',	'2018-01-02 10:27:43',	NULL),
(52,	8,	1,	'2018-03-14',	NULL,	NULL,	'2018-01-02 10:27:43',	'2018-01-02 10:27:43',	NULL),
(53,	8,	1,	'2018-03-15',	NULL,	NULL,	'2018-01-02 10:27:43',	'2018-01-02 10:27:43',	NULL),
(54,	8,	0,	'2018-01-22',	'16:00:00',	'18:00:00',	'2018-01-02 10:28:24',	'2018-01-02 10:28:24',	NULL),
(55,	16,	2,	NULL,	'18:00:00',	'18:30:00',	'2018-01-02 10:32:06',	'2018-01-02 10:32:06',	'AllDay'),
(56,	22,	1,	'2018-01-17',	NULL,	NULL,	'2018-01-02 10:37:14',	'2018-01-02 10:37:14',	NULL),
(57,	22,	1,	'2018-01-18',	NULL,	NULL,	'2018-01-02 10:37:14',	'2018-01-02 10:37:14',	NULL),
(58,	22,	1,	'2018-01-19',	NULL,	NULL,	'2018-01-02 10:37:14',	'2018-01-02 10:37:14',	NULL),
(59,	22,	1,	'2018-02-13',	NULL,	NULL,	'2018-01-02 10:37:14',	'2018-01-02 10:37:14',	NULL),
(60,	22,	1,	'2018-02-14',	NULL,	NULL,	'2018-01-02 10:37:14',	'2018-01-02 10:37:14',	NULL),
(61,	22,	1,	'2018-03-13',	NULL,	NULL,	'2018-01-02 10:37:14',	'2018-01-02 10:37:14',	NULL),
(62,	22,	1,	'2018-03-20',	NULL,	NULL,	'2018-01-02 10:37:14',	'2018-01-02 10:37:14',	NULL),
(63,	22,	1,	'2018-04-24',	NULL,	NULL,	'2018-01-02 10:37:14',	'2018-01-02 10:37:14',	NULL),
(64,	22,	1,	'2018-04-25',	NULL,	NULL,	'2018-01-02 10:37:14',	'2018-01-02 10:37:14',	NULL),
(65,	22,	1,	'2018-05-08',	NULL,	NULL,	'2018-01-02 10:37:14',	'2018-01-02 10:37:14',	NULL),
(66,	22,	1,	'2018-05-09',	NULL,	NULL,	'2018-01-02 10:37:14',	'2018-01-02 10:37:14',	NULL),
(67,	22,	1,	'2018-05-04',	NULL,	NULL,	'2018-01-02 10:37:14',	'2018-01-02 10:37:14',	NULL),
(68,	22,	0,	'2018-02-09',	'18:00:00',	'22:00:00',	'2018-01-02 10:39:02',	'2018-01-02 10:39:02',	NULL),
(69,	22,	0,	'2018-01-31',	'18:00:00',	'22:00:00',	'2018-01-02 10:39:11',	'2018-01-02 10:39:11',	NULL);

DROP TABLE IF EXISTS `appointment_settings`;
CREATE TABLE `appointment_settings` (
  `id` bigint(20) unsigned NOT NULL AUTO_INCREMENT,
  `user_id` bigint(20) unsigned DEFAULT NULL,
  `is_today_first_day` tinyint(4) NOT NULL DEFAULT '0',
  `calendar_slot_id` int(10) unsigned DEFAULT NULL,
  `practice_open` time DEFAULT NULL,
  `practice_close` time DEFAULT NULL,
  `type` tinyint(4) NOT NULL DEFAULT '0' COMMENT '0: Same for All, 1: Individual Days',
  `is_sunday_open` tinyint(4) NOT NULL DEFAULT '1',
  `sunday_practice_open` time DEFAULT NULL,
  `sunday_practice_close` time DEFAULT NULL,
  `is_monday_open` tinyint(4) NOT NULL DEFAULT '1',
  `monday_practice_open` time DEFAULT NULL,
  `monday_practice_close` time DEFAULT NULL,
  `is_tuesday_open` tinyint(4) NOT NULL DEFAULT '1',
  `tuesday_practice_open` time DEFAULT NULL,
  `tuesday_practice_close` time DEFAULT NULL,
  `is_wednesday_open` tinyint(4) NOT NULL DEFAULT '1',
  `wednesday_practice_open` time DEFAULT NULL,
  `wednesday_practice_close` time DEFAULT NULL,
  `is_thursday_open` tinyint(4) NOT NULL DEFAULT '1',
  `thursday_practice_open` time DEFAULT NULL,
  `thursday_practice_close` time DEFAULT NULL,
  `is_friday_open` tinyint(4) NOT NULL DEFAULT '1',
  `friday_practice_open` time DEFAULT NULL,
  `friday_practice_close` time DEFAULT NULL,
  `is_saturday_open` tinyint(4) NOT NULL DEFAULT '1',
  `saturday_practice_open` time DEFAULT NULL,
  `saturday_practice_close` time DEFAULT NULL,
  `created_at` timestamp NULL DEFAULT NULL,
  `updated_at` timestamp NULL DEFAULT NULL,
  PRIMARY KEY (`id`),
  KEY `user_id` (`user_id`),
  KEY `calendar_slot_id` (`calendar_slot_id`),
  CONSTRAINT `appointment_settings_ibfk_1` FOREIGN KEY (`user_id`) REFERENCES `users` (`id`) ON DELETE CASCADE ON UPDATE NO ACTION
) ENGINE=InnoDB DEFAULT CHARSET=utf8 COLLATE=utf8_unicode_ci;

INSERT INTO `appointment_settings` (`id`, `user_id`, `is_today_first_day`, `calendar_slot_id`, `practice_open`, `practice_close`, `type`, `is_sunday_open`, `sunday_practice_open`, `sunday_practice_close`, `is_monday_open`, `monday_practice_open`, `monday_practice_close`, `is_tuesday_open`, `tuesday_practice_open`, `tuesday_practice_close`, `is_wednesday_open`, `wednesday_practice_open`, `wednesday_practice_close`, `is_thursday_open`, `thursday_practice_open`, `thursday_practice_close`, `is_friday_open`, `friday_practice_open`, `friday_practice_close`, `is_saturday_open`, `saturday_practice_open`, `saturday_practice_close`, `created_at`, `updated_at`) VALUES
(1,	3,	0,	1,	'00:00:00',	'23:59:59',	1,	0,	'00:00:00',	'23:59:59',	1,	'00:00:00',	'23:59:59',	1,	'00:00:00',	'23:59:59',	1,	'00:00:00',	'23:59:59',	1,	'00:00:00',	'23:59:59',	1,	'00:00:00',	'23:59:59',	1,	'00:00:00',	'23:59:59',	'2017-12-08 07:10:04',	'2018-01-02 03:55:30'),
(2,	7,	0,	60,	'00:00:00',	'23:23:59',	1,	0,	'00:00:00',	'23:59:59',	1,	'00:00:00',	'23:59:59',	1,	'00:00:00',	'23:59:59',	1,	'00:00:00',	'23:59:59',	1,	'00:00:00',	'23:59:59',	1,	'00:00:00',	'23:59:59',	0,	'00:00:00',	'23:59:59',	'2017-12-11 00:51:49',	'2017-12-11 01:26:34'),
(3,	8,	0,	60,	'10:00:00',	'21:00:59',	0,	1,	'00:00:00',	'23:59:59',	1,	'00:00:00',	'23:59:59',	1,	'00:00:00',	'23:59:59',	1,	'00:00:00',	'23:59:59',	1,	'00:00:00',	'23:59:59',	1,	'00:00:00',	'00:00:00',	1,	'00:00:00',	'23:59:59',	'2017-12-16 05:53:54',	'2018-01-02 04:57:21'),
(4,	9,	0,	60,	'00:00:00',	'23:59:59',	0,	1,	NULL,	NULL,	1,	NULL,	NULL,	1,	NULL,	NULL,	1,	NULL,	NULL,	1,	NULL,	NULL,	1,	NULL,	NULL,	1,	NULL,	NULL,	'2017-12-16 06:19:29',	'2017-12-16 06:19:29'),
(7,	14,	0,	60,	'00:00:00',	'23:59:59',	0,	1,	NULL,	NULL,	1,	NULL,	NULL,	1,	NULL,	NULL,	1,	NULL,	NULL,	1,	NULL,	NULL,	1,	NULL,	NULL,	1,	NULL,	NULL,	'2017-12-26 05:35:19',	'2017-12-26 05:35:19'),
(8,	15,	0,	60,	'00:00:00',	'23:59:59',	0,	1,	NULL,	NULL,	1,	NULL,	NULL,	1,	NULL,	NULL,	1,	NULL,	NULL,	1,	NULL,	NULL,	1,	NULL,	NULL,	1,	NULL,	NULL,	'2017-12-28 00:48:24',	'2017-12-28 00:48:24'),
(9,	16,	0,	30,	'16:00:00',	'22:00:59',	1,	0,	'00:00:00',	'23:59:59',	1,	'16:00:00',	'22:00:59',	1,	'16:00:00',	'22:00:59',	1,	'16:00:00',	'22:00:59',	1,	'16:00:00',	'22:00:59',	1,	'16:00:00',	'16:00:00',	1,	'16:00:00',	'21:00:59',	'2017-12-28 01:13:02',	'2018-01-02 05:02:05'),
(10,	17,	0,	60,	'00:00:00',	'23:59:59',	0,	1,	NULL,	NULL,	1,	NULL,	NULL,	1,	NULL,	NULL,	1,	NULL,	NULL,	1,	NULL,	NULL,	1,	NULL,	NULL,	1,	NULL,	NULL,	'2017-12-29 01:49:07',	'2017-12-29 01:49:07'),
(11,	18,	0,	60,	'00:00:00',	'23:59:59',	0,	1,	NULL,	NULL,	1,	NULL,	NULL,	1,	NULL,	NULL,	1,	NULL,	NULL,	1,	NULL,	NULL,	1,	NULL,	NULL,	1,	NULL,	NULL,	'2017-12-29 03:27:00',	'2017-12-29 03:27:00'),
(12,	19,	0,	60,	'00:00:00',	'23:59:59',	0,	1,	NULL,	NULL,	1,	NULL,	NULL,	1,	NULL,	NULL,	1,	NULL,	NULL,	1,	NULL,	NULL,	1,	NULL,	NULL,	1,	NULL,	NULL,	'2017-12-29 04:44:04',	'2017-12-29 04:44:04'),
(13,	20,	0,	60,	'00:00:00',	'23:59:59',	0,	1,	NULL,	NULL,	1,	NULL,	NULL,	1,	NULL,	NULL,	1,	NULL,	NULL,	1,	NULL,	NULL,	1,	NULL,	NULL,	1,	NULL,	NULL,	'2017-12-29 04:53:57',	'2017-12-29 04:53:57'),
(14,	21,	0,	60,	'00:00:00',	'23:59:59',	0,	1,	NULL,	NULL,	1,	NULL,	NULL,	1,	NULL,	NULL,	1,	NULL,	NULL,	1,	NULL,	NULL,	1,	NULL,	NULL,	1,	NULL,	NULL,	'2017-12-29 05:21:03',	'2017-12-29 05:21:03'),
(15,	22,	0,	60,	'00:00:00',	'23:59:59',	0,	1,	NULL,	NULL,	1,	NULL,	NULL,	1,	NULL,	NULL,	1,	NULL,	NULL,	1,	NULL,	NULL,	1,	NULL,	NULL,	1,	NULL,	NULL,	'2017-12-29 05:38:03',	'2017-12-29 05:38:03'),
(16,	23,	0,	60,	'00:00:00',	'23:59:59',	0,	1,	NULL,	NULL,	1,	NULL,	NULL,	1,	NULL,	NULL,	1,	NULL,	NULL,	1,	NULL,	NULL,	1,	NULL,	NULL,	1,	NULL,	NULL,	'2017-12-29 06:03:33',	'2017-12-29 06:03:33'),
(17,	24,	0,	60,	'00:00:00',	'23:59:59',	0,	1,	NULL,	NULL,	1,	NULL,	NULL,	1,	NULL,	NULL,	1,	NULL,	NULL,	1,	NULL,	NULL,	1,	NULL,	NULL,	1,	NULL,	NULL,	'2017-12-29 06:12:41',	'2017-12-29 06:12:41'),
(18,	25,	0,	60,	'00:00:00',	'23:59:59',	0,	1,	NULL,	NULL,	1,	NULL,	NULL,	1,	NULL,	NULL,	1,	NULL,	NULL,	1,	NULL,	NULL,	1,	NULL,	NULL,	1,	NULL,	NULL,	'2017-12-29 06:18:15',	'2017-12-29 06:18:15');

DROP TABLE IF EXISTS `appointment_statuses`;
CREATE TABLE `appointment_statuses` (
  `id` bigint(20) unsigned NOT NULL AUTO_INCREMENT,
  `created_at` timestamp NULL DEFAULT NULL,
  `updated_at` timestamp NULL DEFAULT NULL,
  `name` varchar(255) COLLATE utf8_unicode_ci NOT NULL,
  `appointment_count` bigint(20) unsigned NOT NULL,
  PRIMARY KEY (`id`)
) ENGINE=InnoDB DEFAULT CHARSET=utf8 COLLATE=utf8_unicode_ci;

INSERT INTO `appointment_statuses` (`id`, `created_at`, `updated_at`, `name`, `appointment_count`) VALUES
(1,	'2017-09-25 05:35:39',	'2017-09-25 05:35:39',	'Pending Approval',	0),
(2,	'2017-09-25 05:35:39',	'2017-09-25 05:35:39',	'Approved',	0),
(3,	'2017-09-25 05:35:39',	'2017-09-25 05:35:39',	'Closed',	0),
(4,	'2017-09-25 05:35:39',	'2017-09-25 05:35:39',	'Cancelled',	0),
(5,	'2017-09-25 05:35:39',	'2017-09-25 05:35:39',	'Rejected',	0),
(6,	'2017-09-25 05:35:39',	'2017-09-25 05:35:39',	'Expired',	0),
(7,	'2017-09-25 05:35:39',	'2017-09-25 05:35:39',	'Present',	0),
(8,	'2017-10-13 10:28:09',	'2017-10-13 10:28:09',	'Enquiry',	0),
(9,	'2017-10-13 10:28:09',	'2017-10-13 10:28:09',	'Pre-approved',	0),
(10,	'2017-10-13 10:28:09',	'2017-10-13 10:28:09',	'Payment Pending',	0),
(11,	'2017-10-13 10:28:09',	'2017-10-13 10:28:09',	'CanceledByAdmin',	0),
(12,	'2017-11-23 06:38:27',	'2017-11-23 06:38:27',	'ReassignedServiceProvider',	0),
(13,	'2017-11-23 06:38:38',	'2017-11-23 06:38:38',	'Completed',	0);

DROP TABLE IF EXISTS `attachments`;
CREATE TABLE `attachments` (
  `id` bigint(20) NOT NULL AUTO_INCREMENT,
  `created_at` timestamp NULL DEFAULT NULL,
  `updated_at` timestamp NULL DEFAULT NULL,
  `class` varchar(200) COLLATE utf8_unicode_ci NOT NULL,
  `foreign_id` bigint(20) NOT NULL,
  `filename` varchar(510) COLLATE utf8_unicode_ci NOT NULL,
  `dir` varchar(200) COLLATE utf8_unicode_ci NOT NULL,
  `mimetype` varchar(200) COLLATE utf8_unicode_ci DEFAULT NULL,
  `filesize` bigint(20) DEFAULT NULL,
  `height` bigint(20) DEFAULT NULL,
  `width` bigint(20) DEFAULT NULL,
  `thumb` tinyint(4) DEFAULT NULL,
  `description` longtext COLLATE utf8_unicode_ci,
  PRIMARY KEY (`id`),
  KEY `foreign_id` (`foreign_id`)
) ENGINE=InnoDB DEFAULT CHARSET=utf8 COLLATE=utf8_unicode_ci;

INSERT INTO `attachments` (`id`, `created_at`, `updated_at`, `class`, `foreign_id`, `filename`, `dir`, `mimetype`, `filesize`, `height`, `width`, `thumb`, `description`) VALUES
(1,	'2017-12-08 07:09:26',	'2017-12-08 07:09:26',	'UserAvatar',	2,	'6464080c8733aec3a4c601e3d6e9edb835643ab617.jpg',	'UserAvatar/2',	'image/jpeg',	NULL,	273,	274,	NULL,	NULL),
(6,	'2017-12-08 07:40:25',	'2017-12-08 07:40:25',	'UserAvatar',	3,	'e12e23a6ceacfc11764d8828d89e9deb0f12c74d59.jpg',	'UserAvatar/3',	'image/jpeg',	NULL,	507,	508,	NULL,	NULL),
(12,	'2017-12-16 06:13:08',	'2017-12-16 06:13:08',	'UserAvatar',	8,	'8c23ee689a1038a8d47235e571a2069a70904bad39.jpg',	'UserAvatar/8',	'image/jpeg',	NULL,	131,	129,	NULL,	NULL),
(13,	'2017-12-16 06:13:39',	'2017-12-16 06:13:39',	'ListingPhoto',	8,	'665820c77e2c95a36d800f7f80fcc71e4f96ad9236.png',	'ListingPhoto/8',	'image/png',	NULL,	623,	793,	NULL,	NULL),
(14,	'2017-12-16 06:13:39',	'2017-12-16 06:13:39',	'ListingPhoto',	8,	'665820c77e2c95a36d800f7f80fcc71ea5d7173b3f.jpg',	'ListingPhoto/8',	'image/jpeg',	NULL,	602,	800,	NULL,	NULL),
(15,	'2017-12-16 06:13:40',	'2017-12-16 06:13:40',	'ListingPhoto',	8,	'665820c77e2c95a36d800f7f80fcc71e6d41a98d3b.png',	'ListingPhoto/8',	'image/png',	NULL,	661,	722,	NULL,	NULL),
(16,	'2017-12-16 06:13:55',	'2017-12-16 06:13:55',	'ListingPhoto',	8,	'1800f018b235f692123ea58b407fcabb657b1947c8.png',	'ListingPhoto/8',	'image/png',	NULL,	677,	802,	NULL,	NULL),
(19,	'2017-12-16 06:25:00',	'2017-12-16 06:25:00',	'ListingPhoto',	9,	'cbf89ca746bb8783fbd1daae6047d733add4272d35.jpg',	'ListingPhoto/9',	'image/jpeg',	NULL,	320,	450,	NULL,	NULL),
(21,	'2017-12-16 06:35:05',	'2017-12-16 06:35:05',	'UserAvatar',	9,	'3774293513652fce85f7b6582c38812693f6793139.jpg',	'UserAvatar/9',	'image/jpeg',	NULL,	507,	508,	NULL,	NULL),
(23,	'2017-12-16 07:11:16',	'2017-12-16 07:11:16',	'ListingPhoto',	9,	'ecfce8172ccaf49a1e9b0ac8c30ec7ca73905d45c9.jpg',	'ListingPhoto/9',	'image/jpeg',	NULL,	684,	800,	NULL,	NULL),
(24,	'2017-12-16 07:14:36',	'2017-12-16 07:14:36',	'ListingPhoto',	9,	'44566f68a0a10df737d7bd794947e9d44a4cef5b25.png',	'ListingPhoto/9',	'image/png',	NULL,	623,	793,	NULL,	NULL),
(25,	'2017-12-16 07:14:36',	'2017-12-16 07:14:36',	'ListingPhoto',	9,	'06ac22c409734cdeab9bd02d8c2fa3962d8ec6b3c4.jpg',	'ListingPhoto/9',	'image/jpeg',	NULL,	432,	650,	NULL,	NULL),
(26,	'2017-12-21 07:17:48',	'2017-12-21 07:17:48',	'UserAvatar',	10,	'8a3814edd08f9e20a29b255c3374756db049a93e95.jpg',	'UserAvatar/10',	'image/jpeg',	NULL,	507,	508,	NULL,	NULL),
(27,	'2017-12-22 01:09:26',	'2017-12-22 01:09:26',	'UserAvatar',	11,	'860bf0294346c94556b4fdc04ca8e3cf411e401cc5.jpg',	'UserAvatar/11',	'image/jpeg',	NULL,	602,	800,	NULL,	NULL),
(28,	'2017-12-22 02:45:43',	'2017-12-22 02:45:43',	'UserAvatar',	12,	'7d2f5de56b997a1420e827c75aac458a4d7eb385b4.png',	'UserAvatar/12',	'image/png',	NULL,	178,	158,	NULL,	NULL),
(29,	'2017-12-22 02:46:07',	'2017-12-22 02:46:07',	'ListingPhoto',	12,	'dfd283f75c8a11c71004bae3c525a8dc257cc0644a.jpg',	'ListingPhoto/12',	'image/jpeg',	NULL,	432,	650,	NULL,	NULL),
(30,	'2017-12-22 02:46:07',	'2017-12-22 02:46:07',	'ListingPhoto',	12,	'dfd283f75c8a11c71004bae3c525a8dc1d88e60e1a.jpg',	'ListingPhoto/12',	'image/jpeg',	NULL,	684,	800,	NULL,	NULL),
(31,	'2017-12-22 02:46:07',	'2017-12-22 02:46:07',	'ListingPhoto',	12,	'dfd283f75c8a11c71004bae3c525a8dc2ffa4c567b.jpg',	'ListingPhoto/12',	'image/jpeg',	NULL,	320,	450,	NULL,	NULL),
(32,	'2017-12-22 02:46:18',	'2017-12-22 02:46:18',	'ListingPhoto',	12,	'36b154b57d45e8bda09c57201809f6da73defe8648.jpg',	'ListingPhoto/12',	'image/jpeg',	NULL,	684,	800,	NULL,	NULL),
(93,	'2017-12-29 08:38:20',	'2017-12-29 08:38:20',	'UserAvatar',	22,	'74a9779021a9ec13fcaa4a1ac2b31825cef9fb9d34.jpg',	'UserAvatar/22',	'image/jpeg',	NULL,	335,	493,	NULL,	NULL),
(94,	'2017-12-29 08:39:26',	'2017-12-29 08:39:26',	'ListingPhoto',	22,	'e68882f5d7de95b9d9388ee598cba1ce89847c01a7.jpeg',	'ListingPhoto/22',	'image/jpeg',	NULL,	345,	512,	NULL,	NULL),
(95,	'2017-12-29 08:39:26',	'2017-12-29 08:39:26',	'ListingPhoto',	22,	'e68882f5d7de95b9d9388ee598cba1cee1cbd612ad.jpg',	'ListingPhoto/22',	'image/jpeg',	NULL,	214,	380,	NULL,	NULL),
(96,	'2017-12-29 08:39:26',	'2017-12-29 08:39:26',	'ListingPhoto',	22,	'e68882f5d7de95b9d9388ee598cba1ce0b3d592328.jpg',	'ListingPhoto/22',	'image/jpeg',	NULL,	1000,	2000,	NULL,	NULL),
(97,	'2017-12-29 08:39:26',	'2017-12-29 08:39:26',	'ListingPhoto',	22,	'e68882f5d7de95b9d9388ee598cba1ced0b4b2861f.jpg',	'ListingPhoto/22',	'image/jpeg',	NULL,	355,	730,	NULL,	NULL),
(98,	'2017-12-29 08:40:22',	'2017-12-29 08:40:22',	'UserAvatar',	23,	'ddce15ccb3b179766a7c4e9dbe3d47a9be1f5d97f6.jpg',	'UserAvatar/23',	'image/jpeg',	NULL,	469,	745,	NULL,	NULL),
(99,	'2017-12-29 08:41:00',	'2017-12-29 08:41:00',	'ListingPhoto',	23,	'e9a35a68ed5ed95ebed8013f4da2a768b5defcdb9a.jpg',	'ListingPhoto/23',	'image/jpeg',	NULL,	1412,	2123,	NULL,	NULL),
(100,	'2017-12-29 08:41:00',	'2017-12-29 08:41:00',	'ListingPhoto',	23,	'e9a35a68ed5ed95ebed8013f4da2a76823ad9968fd.jpg',	'ListingPhoto/23',	'image/jpeg',	NULL,	359,	540,	NULL,	NULL),
(101,	'2017-12-29 08:41:00',	'2017-12-29 08:41:00',	'ListingPhoto',	23,	'e9a35a68ed5ed95ebed8013f4da2a768511bcf494f.jpg',	'ListingPhoto/23',	'image/jpeg',	NULL,	333,	500,	NULL,	NULL),
(102,	'2017-12-29 08:41:00',	'2017-12-29 08:41:00',	'ListingPhoto',	23,	'e9a35a68ed5ed95ebed8013f4da2a76853a38c1a59.jpg',	'ListingPhoto/23',	'image/jpeg',	NULL,	380,	640,	NULL,	NULL),
(103,	'2017-12-29 08:41:42',	'2017-12-29 08:41:42',	'UserAvatar',	24,	'47e2d03ee83d57716d432a0287952065471c1e9b60.jpg',	'UserAvatar/24',	'image/jpeg',	NULL,	337,	450,	NULL,	NULL),
(104,	'2017-12-29 08:42:13',	'2017-12-29 08:42:13',	'ListingPhoto',	24,	'd8bdb0ceb37dd13a4db69c1e8bf1d82765c5119cc0.jpg',	'ListingPhoto/24',	'image/jpeg',	NULL,	683,	1024,	NULL,	NULL),
(105,	'2017-12-29 08:42:13',	'2017-12-29 08:42:13',	'ListingPhoto',	24,	'd8bdb0ceb37dd13a4db69c1e8bf1d827e96c48e7d6.jpg',	'ListingPhoto/24',	'image/jpeg',	NULL,	363,	628,	NULL,	NULL),
(106,	'2017-12-29 08:42:13',	'2017-12-29 08:42:13',	'ListingPhoto',	24,	'd8bdb0ceb37dd13a4db69c1e8bf1d827cbd1833bf5.jpg',	'ListingPhoto/24',	'image/jpeg',	NULL,	267,	400,	NULL,	NULL),
(107,	'2017-12-29 08:42:13',	'2017-12-29 08:42:13',	'ListingPhoto',	24,	'd8bdb0ceb37dd13a4db69c1e8bf1d827db492cb5f6.jpg',	'ListingPhoto/24',	'image/jpeg',	NULL,	667,	1000,	NULL,	NULL),
(108,	'2017-12-29 08:42:56',	'2017-12-29 08:42:56',	'UserAvatar',	25,	'3add0e26ae98cbf26632d5ab5d8bc064d9e9c7fa1f.jpg',	'UserAvatar/25',	'image/jpeg',	NULL,	394,	700,	NULL,	NULL),
(109,	'2017-12-29 08:43:25',	'2017-12-29 08:43:25',	'ListingPhoto',	25,	'74aec314e0ca839e552f596fc9116c276053e981a9.jpg',	'ListingPhoto/25',	'image/jpeg',	NULL,	599,	900,	NULL,	NULL),
(110,	'2017-12-29 08:43:25',	'2017-12-29 08:43:25',	'ListingPhoto',	25,	'74aec314e0ca839e552f596fc9116c27c2f5ce055b.jpg',	'ListingPhoto/25',	'image/jpeg',	NULL,	199,	300,	NULL,	NULL),
(111,	'2017-12-29 08:43:25',	'2017-12-29 08:43:25',	'ListingPhoto',	25,	'74aec314e0ca839e552f596fc9116c2713d93f094b.jpg',	'ListingPhoto/25',	'image/jpeg',	NULL,	600,	502,	NULL,	NULL),
(112,	'2017-12-29 08:43:25',	'2017-12-29 08:43:25',	'ListingPhoto',	25,	'74aec314e0ca839e552f596fc9116c27e8fe573bfa.jpg',	'ListingPhoto/25',	'image/jpeg',	NULL,	682,	634,	NULL,	NULL),
(113,	'2017-12-29 08:44:07',	'2017-12-29 08:44:07',	'UserAvatar',	16,	'793bae88add08f15343215a69daf575832c2b4b98c.jpg',	'UserAvatar/16',	'image/jpeg',	NULL,	900,	599,	NULL,	NULL),
(114,	'2017-12-29 08:47:39',	'2017-12-29 08:47:39',	'ListingPhoto',	16,	'2803e3206cc71b7e093c98ddf5fb6c5b48ab6871c6.jpg',	'ListingPhoto/16',	'image/jpeg',	NULL,	600,	398,	NULL,	NULL),
(115,	'2017-12-29 08:47:39',	'2017-12-29 08:47:39',	'ListingPhoto',	16,	'8b3f0135470aa868b9b0e0a19dfe96bbb97d8a1d76.jpeg',	'ListingPhoto/16',	'image/jpeg',	NULL,	2000,	1500,	NULL,	NULL),
(116,	'2017-12-29 08:47:39',	'2017-12-29 08:47:39',	'ListingPhoto',	16,	'8b3f0135470aa868b9b0e0a19dfe96bb7bf8c95361.jpg',	'ListingPhoto/16',	'image/jpeg',	NULL,	1000,	671,	NULL,	NULL),
(117,	'2017-12-29 08:47:39',	'2017-12-29 08:47:39',	'ListingPhoto',	16,	'2b37d99042b4a3541211d446f47b2bd98309c04780.jpg',	'ListingPhoto/16',	'image/jpeg',	NULL,	600,	420,	NULL,	NULL),
(118,	'2017-12-29 08:47:39',	'2017-12-29 08:47:39',	'ListingPhoto',	16,	'8b3f0135470aa868b9b0e0a19dfe96bbdc8db8a6a3.jpg',	'ListingPhoto/16',	'image/jpeg',	NULL,	600,	398,	NULL,	NULL),
(119,	'2017-12-29 08:48:49',	'2017-12-29 08:48:49',	'UserAvatar',	17,	'10a816524cbd0b72c29ea3704e59f692aa2b8d11ce.jpg',	'UserAvatar/17',	'image/jpeg',	NULL,	1024,	1536,	NULL,	NULL),
(120,	'2017-12-29 08:49:19',	'2017-12-29 08:49:19',	'ListingPhoto',	17,	'c473c2d162cf268e6b877cbe04ee643e1815155857.jpeg',	'ListingPhoto/17',	'image/jpeg',	NULL,	2000,	1500,	NULL,	NULL),
(121,	'2017-12-29 08:49:19',	'2017-12-29 08:49:19',	'ListingPhoto',	17,	'c473c2d162cf268e6b877cbe04ee643efa382fef53.jpg',	'ListingPhoto/17',	'image/jpeg',	NULL,	600,	420,	NULL,	NULL),
(122,	'2017-12-29 08:49:19',	'2017-12-29 08:49:19',	'ListingPhoto',	17,	'c473c2d162cf268e6b877cbe04ee643e5cf0da0fea.jpg',	'ListingPhoto/17',	'image/jpeg',	NULL,	600,	398,	NULL,	NULL),
(123,	'2017-12-29 08:49:19',	'2017-12-29 08:49:19',	'ListingPhoto',	17,	'c473c2d162cf268e6b877cbe04ee643e4ef4bbce4e.jpg',	'ListingPhoto/17',	'image/jpeg',	NULL,	409,	615,	NULL,	NULL),
(124,	'2017-12-29 08:49:59',	'2017-12-29 08:49:59',	'UserAvatar',	19,	'a525bb97c46f3048ee2d9c3a1dbbe76adef865d7b3.jpg',	'UserAvatar/19',	'image/jpeg',	NULL,	450,	300,	NULL,	NULL),
(125,	'2017-12-29 08:50:39',	'2017-12-29 08:50:39',	'ListingPhoto',	19,	'96fb9e512ed1fd1061c834debc19e240eeab13e196.jpg',	'ListingPhoto/19',	'image/jpeg',	NULL,	1300,	867,	NULL,	NULL),
(126,	'2017-12-29 08:50:40',	'2017-12-29 08:50:40',	'ListingPhoto',	19,	'96fb9e512ed1fd1061c834debc19e24033b18eab8b.jpg',	'ListingPhoto/19',	'image/jpeg',	NULL,	1300,	870,	NULL,	NULL),
(127,	'2017-12-29 08:50:40',	'2017-12-29 08:50:40',	'ListingPhoto',	19,	'96fb9e512ed1fd1061c834debc19e240ed4ff7de78.jpg',	'ListingPhoto/19',	'image/jpeg',	NULL,	300,	450,	NULL,	NULL),
(128,	'2017-12-29 08:50:40',	'2017-12-29 08:50:40',	'ListingPhoto',	19,	'96fb9e512ed1fd1061c834debc19e240e251c8e1d1.jpg',	'ListingPhoto/19',	'image/jpeg',	NULL,	866,	1300,	NULL,	NULL),
(129,	'2017-12-29 08:51:55',	'2017-12-29 08:51:55',	'UserAvatar',	20,	'5f634785bd9321c62edf9da347b85140c164afbdbf.jpg',	'UserAvatar/20',	'image/jpeg',	NULL,	900,	600,	NULL,	NULL),
(130,	'2017-12-29 08:54:13',	'2017-12-29 08:54:13',	'ListingPhoto',	20,	'94e7a0b811da1d4d79487c6d26720c2d097ba512a0.jpg',	'ListingPhoto/20',	'image/jpeg',	NULL,	470,	300,	NULL,	NULL),
(131,	'2017-12-29 08:54:13',	'2017-12-29 08:54:13',	'ListingPhoto',	20,	'46c963a6afc6f10f81d31db63a464b64b220f135af.jpg',	'ListingPhoto/20',	'image/jpeg',	NULL,	866,	1300,	NULL,	NULL),
(132,	'2017-12-29 08:54:13',	'2017-12-29 08:54:13',	'ListingPhoto',	20,	'46c963a6afc6f10f81d31db63a464b642d2789d3cf.jpg',	'ListingPhoto/20',	'image/jpeg',	NULL,	1300,	870,	NULL,	NULL),
(133,	'2017-12-29 08:54:13',	'2017-12-29 08:54:13',	'ListingPhoto',	20,	'46c963a6afc6f10f81d31db63a464b649067566152.jpg',	'ListingPhoto/20',	'image/jpeg',	NULL,	300,	450,	NULL,	NULL),
(134,	'2017-12-29 08:54:13',	'2017-12-29 08:54:13',	'ListingPhoto',	20,	'46c963a6afc6f10f81d31db63a464b6404ab5b3ed6.jpg',	'ListingPhoto/20',	'image/jpeg',	NULL,	900,	600,	NULL,	NULL),
(135,	'2017-12-29 09:05:15',	'2017-12-29 09:05:15',	'UserAvatar',	15,	'd784e04c9678cb2974949ed2428122ec2d879f92d8.jpg',	'UserAvatar/15',	'image/jpeg',	NULL,	340,	540,	NULL,	NULL),
(136,	'2017-12-29 09:05:44',	'2017-12-29 09:05:44',	'ListingPhoto',	15,	'6aba94f598145444e560ee98815de8f9d537e351e4.png',	'ListingPhoto/15',	'image/png',	NULL,	300,	450,	NULL,	NULL),
(137,	'2017-12-29 09:05:44',	'2017-12-29 09:05:44',	'ListingPhoto',	15,	'6aba94f598145444e560ee98815de8f986710bcfce.jpg',	'ListingPhoto/15',	'image/jpeg',	NULL,	565,	849,	NULL,	NULL),
(138,	'2017-12-29 09:05:44',	'2017-12-29 09:05:44',	'ListingPhoto',	15,	'6aba94f598145444e560ee98815de8f90f907c7a9f.jpg',	'ListingPhoto/15',	'image/jpeg',	NULL,	1123,	1660,	NULL,	NULL),
(139,	'2017-12-29 09:05:44',	'2017-12-29 09:05:44',	'ListingPhoto',	15,	'6aba94f598145444e560ee98815de8f9e9690b91a1.jpg',	'ListingPhoto/15',	'image/jpeg',	NULL,	385,	640,	NULL,	NULL),
(140,	'2017-12-29 09:09:55',	'2017-12-29 09:09:55',	'UserAvatar',	18,	'7ce568a2d1a9dd4bf3610ca483570628ea5220f76d.jpg',	'UserAvatar/18',	'image/jpeg',	NULL,	533,	800,	NULL,	NULL),
(141,	'2017-12-29 09:10:21',	'2017-12-29 09:10:21',	'ListingPhoto',	18,	'afff5b21a6e535a31190f7bf187a56a3713c2f5182.jpg',	'ListingPhoto/18',	'image/jpeg',	NULL,	250,	360,	NULL,	NULL),
(142,	'2017-12-29 09:10:21',	'2017-12-29 09:10:21',	'ListingPhoto',	18,	'afff5b21a6e535a31190f7bf187a56a3a4ba918ce2.jpg',	'ListingPhoto/18',	'image/jpeg',	NULL,	936,	1300,	NULL,	NULL),
(143,	'2017-12-29 09:10:21',	'2017-12-29 09:10:21',	'ListingPhoto',	18,	'afff5b21a6e535a31190f7bf187a56a372f4fdfd4f.jpg',	'ListingPhoto/18',	'image/jpeg',	NULL,	956,	1300,	NULL,	NULL),
(144,	'2017-12-29 09:10:21',	'2017-12-29 09:10:21',	'ListingPhoto',	18,	'afff5b21a6e535a31190f7bf187a56a3da1d97d33b.jpg',	'ListingPhoto/18',	'image/jpeg',	NULL,	896,	1344,	NULL,	NULL),
(145,	'2017-12-29 09:37:26',	'2017-12-29 09:37:26',	'UserAvatar',	7,	'f317c209fa9c536dc1a20cc472d452fbc81a4259b2.jpg',	'UserAvatar/7',	'image/jpeg',	NULL,	303,	396,	NULL,	NULL),
(146,	'2017-12-29 09:38:13',	'2017-12-29 09:38:13',	'ListingPhoto',	7,	'e04cf5805732edf76ae2d0860232cbd4ca828e289f.jpg',	'ListingPhoto/7',	'image/jpeg',	NULL,	525,	700,	NULL,	NULL),
(147,	'2017-12-29 09:38:13',	'2017-12-29 09:38:13',	'ListingPhoto',	7,	'e04cf5805732edf76ae2d0860232cbd45716645d5f.jpg',	'ListingPhoto/7',	'image/jpeg',	NULL,	303,	396,	NULL,	NULL),
(148,	'2017-12-29 09:38:31',	'2017-12-29 09:38:31',	'ListingPhoto',	7,	'b6130c0c1113db557f06d6da0f568842c854736b42.jpg',	'ListingPhoto/7',	'image/jpeg',	NULL,	525,	700,	NULL,	NULL),
(149,	'2017-12-29 09:38:31',	'2017-12-29 09:38:31',	'ListingPhoto',	7,	'b6130c0c1113db557f06d6da0f5688424e51028c74.jpg',	'ListingPhoto/7',	'image/jpeg',	NULL,	303,	396,	NULL,	NULL),
(150,	'2017-12-29 09:39:56',	'2017-12-29 09:39:56',	'ListingPhoto',	3,	'ce85fa99dc0f5b190b0c8fe7853bf0bba92a5c0d1d.jpg',	'ListingPhoto/3',	'image/jpeg',	NULL,	367,	550,	NULL,	NULL),
(151,	'2017-12-29 09:39:56',	'2017-12-29 09:39:56',	'ListingPhoto',	3,	'ce85fa99dc0f5b190b0c8fe7853bf0bbe4296f50fe.jpg',	'ListingPhoto/3',	'image/jpeg',	NULL,	380,	730,	NULL,	NULL),
(152,	'2017-12-29 09:39:56',	'2017-12-29 09:39:56',	'ListingPhoto',	3,	'ce85fa99dc0f5b190b0c8fe7853bf0bb21044afb0a.jpg',	'ListingPhoto/3',	'image/jpeg',	NULL,	166,	249,	NULL,	NULL),
(153,	'2017-12-29 09:39:56',	'2017-12-29 09:39:56',	'ListingPhoto',	3,	'ce85fa99dc0f5b190b0c8fe7853bf0bb5d362065d1.jpg',	'ListingPhoto/3',	'image/jpeg',	NULL,	447,	959,	NULL,	NULL),
(154,	'2017-12-29 09:42:29',	'2017-12-29 09:42:29',	'UserAvatar',	14,	'd528018b759be9b8616cdd49a42a52710c72b865cb.jpeg',	'UserAvatar/14',	'image/jpeg',	NULL,	315,	630,	NULL,	NULL),
(155,	'2017-12-29 09:43:23',	'2017-12-29 09:43:23',	'ListingPhoto',	14,	'd1f6980e276ad987a57dd677cd3e43373153588bc1.jpg',	'ListingPhoto/14',	'image/jpeg',	NULL,	300,	450,	NULL,	NULL),
(156,	'2017-12-29 09:43:23',	'2017-12-29 09:43:23',	'ListingPhoto',	14,	'd1f6980e276ad987a57dd677cd3e43370e68c2f527.jpeg',	'ListingPhoto/14',	'image/jpeg',	NULL,	315,	630,	NULL,	NULL),
(157,	'2017-12-29 09:43:33',	'2017-12-29 09:43:33',	'ListingPhoto',	14,	'b2ed065acca4b1ed507483abb7dfef2af73753863e.jpeg',	'ListingPhoto/14',	'image/jpeg',	NULL,	315,	630,	NULL,	NULL),
(158,	'2017-12-29 09:43:33',	'2017-12-29 09:43:33',	'ListingPhoto',	14,	'b2ed065acca4b1ed507483abb7dfef2aaa3626bffe.jpg',	'ListingPhoto/14',	'image/jpeg',	NULL,	300,	450,	NULL,	NULL),
(159,	'2017-12-29 09:44:50',	'2017-12-29 09:44:50',	'UserAvatar',	21,	'225a5291664cc62d4def720b8e7b522f90b53288e9.jpg',	'UserAvatar/21',	'image/jpeg',	NULL,	228,	250,	NULL,	NULL),
(160,	'2017-12-29 09:45:10',	'2017-12-29 09:45:10',	'ListingPhoto',	21,	'cb2c08345a2512b432df75a2dcf74395348ed4afdc.jpg',	'ListingPhoto/21',	'image/jpeg',	NULL,	228,	250,	NULL,	NULL),
(161,	'2017-12-29 09:45:11',	'2017-12-29 09:45:11',	'ListingPhoto',	21,	'cb2c08345a2512b432df75a2dcf74395db02cb1110.jpg',	'ListingPhoto/21',	'image/jpeg',	NULL,	600,	600,	NULL,	NULL),
(162,	'2017-12-29 09:45:11',	'2017-12-29 09:45:11',	'ListingPhoto',	21,	'cb2c08345a2512b432df75a2dcf74395dd90054884.jpg',	'ListingPhoto/21',	'image/jpeg',	NULL,	1000,	1000,	NULL,	NULL),
(163,	'2017-12-29 09:45:11',	'2017-12-29 09:45:11',	'ListingPhoto',	21,	'cb2c08345a2512b432df75a2dcf74395867c8c3367.jpg',	'ListingPhoto/21',	'image/jpeg',	NULL,	600,	900,	NULL,	NULL),
(168,	'2018-01-26 19:59:58',	'2018-01-26 19:59:58',	'Service',	1,	'7a8f94b44300ad76dd8f5aa721f3d25d0057ae3307.jpeg',	'Service/1',	'image/jpeg',	NULL,	197,	300,	NULL,	NULL),
(169,	'2018-01-26 20:00:29',	'2018-01-26 20:00:29',	'Service',	2,	'7f7d19c678e2b049cd81497cca86c1044b5eec9f0b.jpg',	'Service/2',	'image/jpeg',	NULL,	407,	647,	NULL,	NULL),
(170,	'2018-01-26 20:00:50',	'2018-01-26 20:00:50',	'Service',	10,	'ee098bb77a9473684168021fdce93f172e87d813fb.jpg',	'Service/10',	'image/jpeg',	NULL,	292,	520,	NULL,	NULL),
(171,	'2018-01-26 20:01:06',	'2018-01-26 20:01:06',	'Service',	11,	'0a2a83559776edc9d0f5f6935594f3db49b56c988c.jpg',	'Service/11',	'image/jpeg',	NULL,	340,	540,	NULL,	NULL),
(172,	'2018-01-26 20:06:17',	'2018-01-26 20:06:17',	'Service',	12,	'eca652698c7d2ed8bcd08378a2e428f42d0cfbf61e.jpg',	'Service/12',	'image/jpeg',	NULL,	200,	300,	NULL,	NULL),
(173,	'2018-01-26 20:07:12',	'2018-01-26 20:07:12',	'Service',	13,	'08e7340cb9ce0067a1aef84264055ea971cc483929.jpg',	'Service/13',	'image/jpeg',	NULL,	200,	300,	NULL,	NULL),
(174,	'2018-01-26 20:07:33',	'2018-01-26 20:07:33',	'Service',	15,	'd9a59f7d02cd33cc312672ebd4312caa5128e74029.png',	'Service/15',	'image/png',	NULL,	329,	460,	NULL,	NULL),
(175,	'2018-01-26 20:08:05',	'2018-01-26 20:08:05',	'Service',	16,	'0df19889b2cc2d1df209e41f33e0568e2e069bfe1a.jpg',	'Service/16',	'image/jpeg',	NULL,	225,	338,	NULL,	NULL),
(176,	'2018-01-26 20:08:19',	'2018-01-26 20:08:19',	'Service',	17,	'25a750c616a839b041f54e2cbf30388b1a823a9126.jpg',	'Service/17',	'image/jpeg',	NULL,	318,	630,	NULL,	NULL),
(177,	'2018-01-26 20:08:30',	'2018-01-26 20:08:30',	'Service',	18,	'bf2668a8d0bad2ab52e17b094a27eeed620b7b7b0d.jpg',	'Service/18',	'image/jpeg',	NULL,	164,	308,	NULL,	NULL),
(178,	'2018-01-26 20:13:35',	'2018-01-26 20:13:35',	'Service',	9,	'7aebe86eb64c0fd0ee08735205196ce90de4618ae0.jpg',	'Service/9',	'image/jpeg',	NULL,	281,	400,	NULL,	NULL),
(179,	'2018-01-26 20:13:49',	'2018-01-26 20:13:49',	'Service',	8,	'bac4b1cac46d43817ebbf1e2b22a12597f2fa7d5dd.jpg',	'Service/8',	'image/jpeg',	NULL,	639,	960,	NULL,	NULL),
(180,	'2018-01-26 20:14:33',	'2018-01-26 20:14:33',	'Service',	7,	'829fc64e3a58ac800ee300036bac0bbf37334f6fa2.jpg',	'Service/7',	'image/jpeg',	NULL,	326,	490,	NULL,	NULL),
(181,	'2018-01-26 20:15:58',	'2018-01-26 20:15:58',	'Service',	6,	'9244bb7d4f4e8120303e63b3c0a72e678d73514108.jpg',	'Service/6',	'image/jpeg',	NULL,	640,	640,	NULL,	NULL),
(182,	'2018-01-26 20:16:24',	'2018-01-26 20:16:24',	'Service',	5,	'69297dcc188475884eb265202ee859f0aca4379033.jpg',	'Service/5',	'image/jpeg',	NULL,	320,	480,	NULL,	NULL);

DROP TABLE IF EXISTS `blocked_users`;
CREATE TABLE `blocked_users` (
  `id` bigint(20) NOT NULL AUTO_INCREMENT,
  `created_at` timestamp NULL DEFAULT NULL,
  `updated_at` timestamp NULL DEFAULT NULL,
  `user_id` bigint(20) unsigned DEFAULT NULL,
  `blocked_user_id` bigint(20) unsigned DEFAULT NULL,
  PRIMARY KEY (`id`),
  KEY `user_id` (`user_id`),
  KEY `blocked_user_id` (`blocked_user_id`),
  CONSTRAINT `blocked_users_ibfk_1` FOREIGN KEY (`user_id`) REFERENCES `users` (`id`) ON DELETE CASCADE ON UPDATE NO ACTION,
  CONSTRAINT `blocked_users_ibfk_2` FOREIGN KEY (`blocked_user_id`) REFERENCES `users` (`id`) ON DELETE CASCADE ON UPDATE NO ACTION
) ENGINE=InnoDB DEFAULT CHARSET=utf8 COLLATE=utf8_unicode_ci;


DROP TABLE IF EXISTS `cancellation_policies`;
CREATE TABLE `cancellation_policies` (
  `id` bigint(20) unsigned NOT NULL AUTO_INCREMENT,
  `created_at` timestamp NULL DEFAULT NULL,
  `updated_at` timestamp NULL DEFAULT NULL,
  `name` varchar(255) COLLATE utf8_unicode_ci DEFAULT NULL,
  `description` text COLLATE utf8_unicode_ci,
  `days_before` bigint(20) NOT NULL DEFAULT '0',
  `days_before_refund_percentage` bigint(20) NOT NULL DEFAULT '0',
  `days_after` bigint(20) NOT NULL DEFAULT '0',
  `days_after_refund_percentage` bigint(20) NOT NULL DEFAULT '0',
  PRIMARY KEY (`id`)
) ENGINE=InnoDB DEFAULT CHARSET=utf8 COLLATE=utf8_unicode_ci;

INSERT INTO `cancellation_policies` (`id`, `created_at`, `updated_at`, `name`, `description`, `days_before`, `days_before_refund_percentage`, `days_after`, `days_after_refund_percentage`) VALUES
(1,	'2017-11-23 06:38:25',	'2017-11-23 06:38:25',	'Flexible',	'Full refund up to a day before service starts.',	1,	100,	1,	0),
(2,	'2017-11-23 06:38:25',	'2017-11-23 06:38:25',	'Moderate',	'Full refund with 5 days notice, 50% refund thereafter.',	5,	100,	5,	50),
(3,	'2017-11-23 06:38:25',	'2017-11-23 06:38:25',	'Strict',	'50% refund with 7 days notice, no refund thereafter.',	7,	50,	7,	0);

DROP TABLE IF EXISTS `categories`;
CREATE TABLE `categories` (
  `id` bigint(20) unsigned NOT NULL AUTO_INCREMENT,
  `created_at` timestamp NULL DEFAULT NULL,
  `updated_at` timestamp NULL DEFAULT NULL,
  `name` varchar(255) COLLATE utf8_unicode_ci NOT NULL,
  `is_enable_multiple_booking` tinyint(1) unsigned DEFAULT '0',
  `service_count` bigint(20) unsigned DEFAULT '0',
  `is_active` tinyint(1) NOT NULL DEFAULT '0',
  `is_enable_common_hourly_rate_for_all_sub_services` tinyint(1) NOT NULL DEFAULT '0',
  `icon_class` varchar(255) COLLATE utf8_unicode_ci DEFAULT NULL,
  `is_featured` tinyint(1) DEFAULT '0',
  PRIMARY KEY (`id`)
) ENGINE=InnoDB DEFAULT CHARSET=utf8 COLLATE=utf8_unicode_ci;

INSERT INTO `categories` (`id`, `created_at`, `updated_at`, `name`, `is_enable_multiple_booking`, `service_count`, `is_active`, `is_enable_common_hourly_rate_for_all_sub_services`, `icon_class`, `is_featured`) VALUES
(1,	'2017-11-01 11:13:46',	'2017-11-01 11:13:46',	'Dog Care',	0,	3,	1,	1,	'fa-paw',	1),
(2,	'2017-11-01 05:44:27',	'2017-12-29 02:17:19',	'Baby and Elder Care',	0,	4,	1,	1,	'fa-child',	1),
(3,	'2017-11-01 05:45:06',	'2017-12-29 02:48:17',	'Worker and Assistant',	0,	5,	1,	0,	'fa-users',	1),
(5,	'2017-12-27 10:13:31',	'2017-12-29 02:34:03',	'Health Care and Wellness',	0,	5,	1,	1,	'fa-user-md',	1);

DROP TABLE IF EXISTS `cities`;
CREATE TABLE `cities` (
  `id` bigint(20) unsigned NOT NULL AUTO_INCREMENT,
  `created_at` datetime NOT NULL,
  `updated_at` datetime NOT NULL,
  `country_id` bigint(20) unsigned DEFAULT NULL,
  `state_id` bigint(20) unsigned DEFAULT NULL,
  `name` varchar(45) COLLATE utf8_unicode_ci DEFAULT NULL,
  `latitude` float DEFAULT NULL,
  `longitude` float DEFAULT NULL,
  `is_active` tinyint(1) NOT NULL DEFAULT '0',
  PRIMARY KEY (`id`),
  KEY `country_id` (`country_id`),
  KEY `state_id` (`state_id`)
) ENGINE=MyISAM DEFAULT CHARSET=utf8 COLLATE=utf8_unicode_ci;

INSERT INTO `cities` (`id`, `created_at`, `updated_at`, `country_id`, `state_id`, `name`, `latitude`, `longitude`, `is_active`) VALUES
(1,	'2017-12-08 12:38:47',	'2017-12-08 12:38:47',	83,	1,	'Chemnitz',	NULL,	NULL,	0),
(2,	'2017-12-08 13:08:23',	'2017-12-08 13:08:23',	83,	2,	'Middle Franconia',	NULL,	NULL,	0),
(3,	'2017-12-08 13:14:52',	'2017-12-08 13:14:52',	109,	3,	'Città Metropolitana di Roma',	NULL,	NULL,	0),
(4,	'2017-12-08 13:17:46',	'2017-12-08 13:17:46',	239,	4,	'Greater London',	NULL,	NULL,	0),
(5,	'2017-12-08 13:20:29',	'2017-12-08 13:20:29',	213,	5,	'Madrid',	NULL,	NULL,	0),
(6,	'2017-12-11 06:48:17',	'2017-12-11 06:48:17',	213,	6,	'Soria',	NULL,	NULL,	0),
(7,	'2017-12-16 11:42:13',	'2017-12-16 11:42:13',	167,	7,	'Alesund',	NULL,	NULL,	0),
(8,	'2017-12-16 11:51:16',	'2017-12-16 11:51:16',	167,	8,	'Flåm',	NULL,	NULL,	0),
(9,	'2017-12-21 12:45:31',	'2017-12-21 12:45:31',	102,	9,	'Chennai',	NULL,	NULL,	0),
(10,	'2017-12-22 06:37:32',	'2017-12-22 06:37:32',	102,	10,	'Vishakhapatnam',	NULL,	NULL,	0),
(11,	'2017-12-22 08:10:42',	'2017-12-22 08:10:42',	36,	11,	'Velchevo, Lovech Province',	NULL,	NULL,	0),
(12,	'2017-12-26 11:10:01',	'2017-12-26 11:10:01',	167,	12,	'Oslo',	NULL,	NULL,	0),
(13,	'2017-12-28 06:38:01',	'2017-12-28 06:38:01',	83,	13,	'Berlin',	NULL,	NULL,	0),
(14,	'2017-12-29 07:25:42',	'2017-12-29 07:25:42',	239,	4,	'Greater Manchester',	NULL,	NULL,	0),
(15,	'2017-12-29 09:32:26',	'2017-12-29 09:32:26',	239,	4,	'Cambridgeshire',	NULL,	NULL,	0),
(16,	'2017-12-29 10:29:07',	'2017-12-29 10:29:07',	239,	4,	'Hartford County',	NULL,	NULL,	0),
(17,	'2017-12-30 15:00:40',	'2017-12-30 15:00:40',	14,	14,	'Sydney',	NULL,	NULL,	0),
(18,	'2017-12-30 15:01:56',	'2017-12-30 15:01:56',	14,	15,	'Melbourne',	NULL,	NULL,	0),
(19,	'2017-12-30 15:02:59',	'2017-12-30 15:02:59',	112,	16,	'Melbourne',	NULL,	NULL,	0),
(20,	'2017-12-30 15:05:58',	'2017-12-30 15:05:58',	112,	17,	'Yokohama',	NULL,	NULL,	0),
(21,	'2018-01-02 11:53:15',	'2018-01-02 11:53:15',	14,	14,	'Council of the City of Sydney',	NULL,	NULL,	0);

DROP TABLE IF EXISTS `contacts`;
CREATE TABLE `contacts` (
  `id` bigint(20) unsigned NOT NULL AUTO_INCREMENT,
  `created_at` timestamp NULL DEFAULT NULL,
  `updated_at` timestamp NULL DEFAULT NULL,
  `user_id` bigint(20) unsigned DEFAULT NULL,
  `first_name` varchar(100) COLLATE utf8_unicode_ci DEFAULT NULL,
  `last_name` varchar(100) COLLATE utf8_unicode_ci DEFAULT NULL,
  `email` varchar(255) COLLATE utf8_unicode_ci DEFAULT NULL,
  `subject` varchar(255) COLLATE utf8_unicode_ci DEFAULT NULL,
  `message` text COLLATE utf8_unicode_ci,
  `telephone` bigint(20) DEFAULT NULL,
  `is_contact_for_address_verification` tinyint(4) NOT NULL DEFAULT '0',
  PRIMARY KEY (`id`),
  KEY `contacts_user_id_index` (`user_id`),
  CONSTRAINT `contacts_ibfk_2` FOREIGN KEY (`user_id`) REFERENCES `users` (`id`) ON DELETE CASCADE ON UPDATE NO ACTION
) ENGINE=InnoDB DEFAULT CHARSET=utf8 COLLATE=utf8_unicode_ci;


DROP TABLE IF EXISTS `countries`;
CREATE TABLE `countries` (
  `id` int(11) NOT NULL AUTO_INCREMENT,
  `created_at` datetime DEFAULT NULL,
  `updated_at` datetime DEFAULT NULL,
  `name` varchar(400) COLLATE utf8_unicode_ci DEFAULT NULL,
  `iso2` varchar(2) COLLATE utf8_unicode_ci DEFAULT NULL,
  `iso3` varchar(3) COLLATE utf8_unicode_ci DEFAULT NULL,
  `phone` varchar(10) COLLATE utf8_unicode_ci DEFAULT NULL,
  `is_active` tinyint(1) DEFAULT '0',
  PRIMARY KEY (`id`),
  KEY `countries_name` (`name`(255))
) ENGINE=InnoDB DEFAULT CHARSET=utf8 COLLATE=utf8_unicode_ci;

INSERT INTO `countries` (`id`, `created_at`, `updated_at`, `name`, `iso2`, `iso3`, `phone`, `is_active`) VALUES
(1,	'2016-08-09 14:43:25',	'2016-08-09 14:43:25',	'Afghanistan',	'AF',	'AFG',	'+93',	1),
(2,	'2016-08-09 14:43:25',	'2016-08-09 14:43:25',	'Aland Islands',	'AX',	'ALA',	'+358-18',	1),
(3,	'2016-08-09 14:43:25',	'2016-08-09 14:43:25',	'Albania',	'AL',	'ALB',	'+355',	1),
(4,	'2016-08-09 14:43:25',	'2016-08-09 14:43:25',	'Algeria',	'DZ',	'DZA',	'+213',	1),
(5,	'2016-08-09 14:43:25',	'2016-08-09 14:43:25',	'American Samoa',	'AS',	'ASM',	'+1-684',	1),
(6,	'2016-08-09 14:43:25',	'2016-08-09 14:43:25',	'Andorra',	'AD',	'AND',	'+376',	1),
(7,	'2016-08-09 14:43:25',	'2016-08-09 14:43:25',	'Angola',	'AO',	'AGO',	'+244',	1),
(8,	'2016-08-09 14:43:25',	'2016-08-09 14:43:25',	'Anguilla',	'AI',	'AIA',	'+1-264',	1),
(9,	'2016-08-09 14:43:25',	'2016-08-09 14:43:25',	'Antarctica',	'AQ',	'ATA',	'+672',	1),
(10,	'2016-08-09 14:43:25',	'2016-08-09 14:43:25',	'Antigua and Barbuda',	'AG',	'ATG',	'+1-268',	1),
(11,	'2016-08-09 14:43:25',	'2016-08-09 14:43:25',	'Argentina',	'AR',	'ARG',	'+54',	1),
(12,	'2016-08-09 14:43:25',	'2016-08-09 14:43:25',	'Armenia',	'AM',	'ARM',	'+374',	1),
(13,	'2016-08-09 14:43:25',	'2016-08-09 14:43:25',	'Aruba',	'AW',	'ABW',	'+297',	1),
(14,	'2016-08-09 14:43:25',	'2016-08-09 14:43:25',	'Australia',	'AU',	'AUS',	'+61',	1),
(15,	'2016-08-09 14:43:25',	'2016-08-09 14:43:25',	'Austria',	'AT',	'AUT',	'+43',	1),
(16,	'2016-08-09 14:43:25',	'2016-08-09 14:43:25',	'Azerbaijan',	'AZ',	'AZE',	'+994',	1),
(17,	'2016-08-09 14:43:25',	'2016-08-09 14:43:25',	'Bahamas',	'BS',	'BHS',	'+1-242',	1),
(18,	'2016-08-09 14:43:25',	'2016-08-09 14:43:25',	'Bahrain',	'BH',	'BHR',	'+973',	1),
(19,	'2016-08-09 14:43:25',	'2016-08-09 14:43:25',	'Bangladesh',	'BD',	'BGD',	'+880',	1),
(20,	'2016-08-09 14:43:25',	'2016-08-09 14:43:25',	'Barbados',	'BB',	'BRB',	'+1-246',	1),
(21,	'2016-08-09 14:43:25',	'2016-08-09 14:43:25',	'Belarus',	'BY',	'BLR',	'+375',	1),
(22,	'2016-08-09 14:43:25',	'2016-08-09 14:43:25',	'Belgium',	'BE',	'BEL',	'+32',	1),
(23,	'2016-08-09 14:43:25',	'2016-08-09 14:43:25',	'Belize',	'BZ',	'BLZ',	'+501',	1),
(24,	'2016-08-09 14:43:25',	'2016-08-09 14:43:25',	'Benin',	'BJ',	'BEN',	'+229',	1),
(25,	'2016-08-09 14:43:25',	'2016-08-09 14:43:25',	'Bermuda',	'BM',	'BMU',	'+1-441',	1),
(26,	'2016-08-09 14:43:25',	'2016-08-09 14:43:25',	'Bhutan',	'BT',	'BTN',	'+975',	1),
(27,	'2016-08-09 14:43:25',	'2016-08-09 14:43:25',	'Bolivia',	'BO',	'BOL',	'+591',	1),
(28,	'2016-08-09 14:43:25',	'2016-08-09 14:43:25',	'Bonaire, Saint Eustatius and Saba ',	'BQ',	'BES',	'+599',	1),
(29,	'2016-08-09 14:43:25',	'2016-08-09 14:43:25',	'Bosnia and Herzegovina',	'BA',	'BIH',	'+387',	1),
(30,	'2016-08-09 14:43:25',	'2016-08-09 14:43:25',	'Botswana',	'BW',	'BWA',	'+267',	1),
(31,	'2016-08-09 14:43:25',	'2016-08-09 14:43:25',	'Bouvet Island',	'BV',	'BVT',	'+55',	1),
(32,	'2016-08-09 14:43:25',	'2016-08-09 14:43:25',	'Brazil',	'BR',	'BRA',	'+55',	1),
(33,	'2016-08-09 14:43:25',	'2016-08-09 14:43:25',	'British Indian Ocean Territory',	'IO',	'IOT',	'+246',	1),
(34,	'2016-08-09 14:43:25',	'2016-08-09 14:43:25',	'British Virgin Islands',	'VG',	'VGB',	'+1-284',	1),
(35,	'2016-08-09 14:43:25',	'2016-08-09 14:43:25',	'Brunei',	'BN',	'BRN',	'+673',	1),
(36,	'2016-08-09 14:43:25',	'2016-08-09 14:43:25',	'Bulgaria',	'BG',	'BGR',	'+359',	1),
(37,	'2016-08-09 14:43:25',	'2016-08-09 14:43:25',	'Burkina Faso',	'BF',	'BFA',	'+226',	1),
(38,	'2016-08-09 14:43:25',	'2016-08-09 14:43:25',	'Burundi',	'BI',	'BDI',	'+257',	1),
(39,	'2016-08-09 14:43:25',	'2016-08-09 14:43:25',	'Cambodia',	'KH',	'KHM',	'+855',	1),
(40,	'2016-08-09 14:43:25',	'2016-08-09 14:43:25',	'Cameroon',	'CM',	'CMR',	'+237',	1),
(41,	'2016-08-09 14:43:25',	'2016-08-09 14:43:25',	'Canada',	'CA',	'CAN',	'+1',	1),
(42,	'2016-08-09 14:43:25',	'2016-08-09 14:43:25',	'Cape Verde',	'CV',	'CPV',	'+238',	1),
(43,	'2016-08-09 14:43:25',	'2016-08-09 14:43:25',	'Cayman Islands',	'KY',	'CYM',	'+1-345',	1),
(44,	'2016-08-09 14:43:25',	'2016-08-09 14:43:25',	'Central African Republic',	'CF',	'CAF',	'+236',	1),
(45,	'2016-08-09 14:43:25',	'2016-08-09 14:43:25',	'Chad',	'TD',	'TCD',	'+235',	1),
(46,	'2016-08-09 14:43:25',	'2016-08-09 14:43:25',	'Chile',	'CL',	'CHL',	'+56',	1),
(47,	'2016-08-09 14:43:25',	'2016-08-09 14:43:25',	'China',	'CN',	'CHN',	'+86',	1),
(48,	'2016-08-09 14:43:25',	'2016-08-09 14:43:25',	'Christmas Island',	'CX',	'CXR',	'+61',	1),
(49,	'2016-08-09 14:43:25',	'2016-08-09 14:43:25',	'Cocos Islands',	'CC',	'CCK',	'+61',	1),
(50,	'2016-08-09 14:43:25',	'2016-08-09 14:43:25',	'Colombia',	'CO',	'COL',	'+57',	1),
(51,	'2016-08-09 14:43:25',	'2016-08-09 14:43:25',	'Comoros',	'KM',	'COM',	'+269',	1),
(52,	'2016-08-09 14:43:25',	'2016-08-09 14:43:25',	'Cook Islands',	'CK',	'COK',	'+682',	1),
(53,	'2016-08-09 14:43:25',	'2016-08-09 14:43:25',	'Costa Rica',	'CR',	'CRI',	'+506',	1),
(54,	'2016-08-09 14:43:25',	'2016-08-09 14:43:25',	'Croatia',	'HR',	'HRV',	'+385',	1),
(55,	'2016-08-09 14:43:25',	'2016-08-09 14:43:25',	'Cuba',	'CU',	'CUB',	'+53',	1),
(56,	'2016-08-09 14:43:25',	'2016-08-09 14:43:25',	'Curacao',	'CW',	'CUW',	'+599',	1),
(57,	'2016-08-09 14:43:25',	'2016-08-09 14:43:25',	'Cyprus',	'CY',	'CYP',	'+357',	1),
(58,	'2016-08-09 14:43:25',	'2016-08-09 14:43:25',	'Czech Republic',	'CZ',	'CZE',	'+420',	1),
(59,	'2016-08-09 14:43:25',	'2016-08-09 14:43:25',	'Democratic Republic of the Congo',	'CD',	'COD',	'+243',	1),
(60,	'2016-08-09 14:43:25',	'2016-08-09 14:43:25',	'Denmark',	'DK',	'DNK',	'+45',	1),
(61,	'2016-08-09 14:43:25',	'2016-08-09 14:43:25',	'Djibouti',	'DJ',	'DJI',	'+253',	1),
(62,	'2016-08-09 14:43:25',	'2016-08-09 14:43:25',	'Dominica',	'DM',	'DMA',	'+1-767',	1),
(63,	'2016-08-09 14:43:25',	'2016-08-09 14:43:25',	'Dominican Republic',	'DO',	'DOM',	'+1-809',	1),
(64,	'2016-08-09 14:43:25',	'2016-08-09 14:43:25',	'East Timor',	'TL',	'TLS',	'+670',	1),
(65,	'2016-08-09 14:43:25',	'2016-08-09 14:43:25',	'Ecuador',	'EC',	'ECU',	'+593',	1),
(66,	'2016-08-09 14:43:25',	'2016-08-09 14:43:25',	'Egypt',	'EG',	'EGY',	'+20',	1),
(67,	'2016-08-09 14:43:25',	'2016-08-09 14:43:25',	'El Salvador',	'SV',	'SLV',	'+503',	1),
(68,	'2016-08-09 14:43:25',	'2016-08-09 14:43:25',	'Equatorial Guinea',	'GQ',	'GNQ',	'+240',	1),
(69,	'2016-08-09 14:43:25',	'2016-08-09 14:43:25',	'Eritrea',	'ER',	'ERI',	'+291',	1),
(70,	'2016-08-09 14:43:25',	'2016-08-09 14:43:25',	'Estonia',	'EE',	'EST',	'+372',	1),
(71,	'2016-08-09 14:43:25',	'2016-08-09 14:43:25',	'Ethiopia',	'ET',	'ETH',	'+251',	1),
(72,	'2016-08-09 14:43:25',	'2016-08-09 14:43:25',	'Falkland Islands',	'FK',	'FLK',	'+500',	1),
(73,	'2016-08-09 14:43:25',	'2016-08-09 14:43:25',	'Faroe Islands',	'FO',	'FRO',	'+298',	1),
(74,	'2016-08-09 14:43:25',	'2016-08-09 14:43:25',	'Fiji',	'FJ',	'FJI',	'+679',	1),
(75,	'2016-08-09 14:43:25',	'2016-08-09 14:43:25',	'Finland',	'FI',	'FIN',	'+358',	1),
(76,	'2016-08-09 14:43:25',	'2016-08-09 14:43:25',	'France',	'FR',	'FRA',	'+33',	1),
(77,	'2016-08-09 14:43:25',	'2016-08-09 14:43:25',	'French Guiana',	'GF',	'GUF',	'+594',	1),
(78,	'2016-08-09 14:43:25',	'2016-08-09 14:43:25',	'French Polynesia',	'PF',	'PYF',	'+689',	1),
(79,	'2016-08-09 14:43:25',	'2016-08-09 14:43:25',	'French Southern Territories',	'TF',	'ATF',	'+262',	1),
(80,	'2016-08-09 14:43:25',	'2016-08-09 14:43:25',	'Gabon',	'GA',	'GAB',	'+241',	1),
(81,	'2016-08-09 14:43:25',	'2016-08-09 14:43:25',	'Gambia',	'GM',	'GMB',	'+220',	1),
(82,	'2016-08-09 14:43:25',	'2016-08-09 14:43:25',	'Georgia',	'GE',	'GEO',	'+995',	1),
(83,	'2016-08-09 14:43:25',	'2016-08-09 14:43:25',	'Germany',	'DE',	'DEU',	'+49',	1),
(84,	'2016-08-09 14:43:25',	'2016-08-09 14:43:25',	'Ghana',	'GH',	'GHA',	'+233',	1),
(85,	'2016-08-09 14:43:25',	'2016-08-09 14:43:25',	'Gibraltar',	'GI',	'GIB',	'+350',	1),
(86,	'2016-08-09 14:43:25',	'2016-08-09 14:43:25',	'Greece',	'GR',	'GRC',	'+30',	1),
(87,	'2016-08-09 14:43:25',	'2016-08-09 14:43:25',	'Greenland',	'GL',	'GRL',	'+299',	1),
(88,	'2016-08-09 14:43:25',	'2016-08-09 14:43:25',	'Grenada',	'GD',	'GRD',	'+1-473',	1),
(89,	'2016-08-09 14:43:25',	'2016-08-09 14:43:25',	'Guadeloupe',	'GP',	'GLP',	'+590',	1),
(90,	'2016-08-09 14:43:25',	'2016-08-09 14:43:25',	'Guam',	'GU',	'GUM',	'+1-671',	1),
(91,	'2016-08-09 14:43:25',	'2016-08-09 14:43:25',	'Guatemala',	'GT',	'GTM',	'+502',	1),
(92,	'2016-08-09 14:43:25',	'2016-08-09 14:43:25',	'Guernsey',	'GG',	'GGY',	'+44-1481',	1),
(93,	'2016-08-09 14:43:25',	'2016-08-09 14:43:25',	'Guinea',	'GN',	'GIN',	'+224',	1),
(94,	'2016-08-09 14:43:25',	'2016-08-09 14:43:25',	'Guinea-Bissau',	'GW',	'GNB',	'+245',	1),
(95,	'2016-08-09 14:43:25',	'2016-08-09 14:43:25',	'Guyana',	'GY',	'GUY',	'+592',	1),
(96,	'2016-08-09 14:43:25',	'2016-08-09 14:43:25',	'Haiti',	'HT',	'HTI',	'+509',	1),
(97,	'2016-08-09 14:43:25',	'2016-08-09 14:43:25',	'Heard Island and McDonald Islands',	'HM',	'HMD',	'+0',	1),
(98,	'2016-08-09 14:43:25',	'2016-08-09 14:43:25',	'Honduras',	'HN',	'HND',	'+504',	1),
(99,	'2016-08-09 14:43:25',	'2016-08-09 14:43:25',	'Hong Kong',	'HK',	'HKG',	'+852',	1),
(100,	'2016-08-09 14:43:25',	'2016-08-09 14:43:25',	'Hungary',	'HU',	'HUN',	'+36',	1),
(101,	'2016-08-09 14:43:25',	'2016-08-09 14:43:25',	'Iceland',	'IS',	'ISL',	'+354',	1),
(102,	'2016-08-09 14:43:25',	'2016-08-09 14:43:25',	'India',	'IN',	'IND',	'+91',	1),
(103,	'2016-08-09 14:43:25',	'2016-08-09 14:43:25',	'Indonesia',	'ID',	'IDN',	'+62',	1),
(104,	'2016-08-09 14:43:25',	'2016-08-09 14:43:25',	'Iran',	'IR',	'IRN',	'+98',	1),
(105,	'2016-08-09 14:43:25',	'2016-08-09 14:43:25',	'Iraq',	'IQ',	'IRQ',	'+964',	1),
(106,	'2016-08-09 14:43:25',	'2016-08-09 14:43:25',	'Ireland',	'IE',	'IRL',	'+353',	1),
(107,	'2016-08-09 14:43:25',	'2016-08-09 14:43:25',	'Isle of Man',	'IM',	'IMN',	'+44-1624',	1),
(108,	'2016-08-09 14:43:25',	'2016-08-09 14:43:25',	'Israel',	'IL',	'ISR',	'+972',	1),
(109,	'2016-08-09 14:43:25',	'2016-08-09 14:43:25',	'Italy',	'IT',	'ITA',	'+39',	1),
(110,	'2016-08-09 14:43:25',	'2016-08-09 14:43:25',	'Ivory Coast',	'CI',	'CIV',	'+225',	1),
(111,	'2016-08-09 14:43:25',	'2016-08-09 14:43:25',	'Jamaica',	'JM',	'JAM',	'+1-876',	1),
(112,	'2016-08-09 14:43:25',	'2016-08-09 14:43:25',	'Japan',	'JP',	'JPN',	'+81',	1),
(113,	'2016-08-09 14:43:25',	'2016-08-09 14:43:25',	'Jersey',	'JE',	'JEY',	'+44-1534',	1),
(114,	'2016-08-09 14:43:25',	'2016-08-09 14:43:25',	'Jordan',	'JO',	'JOR',	'+962',	1),
(115,	'2016-08-09 14:43:25',	'2016-08-09 14:43:25',	'Kazakhstan',	'KZ',	'KAZ',	'+7',	1),
(116,	'2016-08-09 14:43:25',	'2016-08-09 14:43:25',	'Kenya',	'KE',	'KEN',	'+254',	1),
(117,	'2016-08-09 14:43:25',	'2016-08-09 14:43:25',	'Kiribati',	'KI',	'KIR',	'+686',	1),
(118,	'2016-08-09 14:43:25',	'2016-08-09 14:43:25',	'Kosovo',	'XK',	'XKX',	'+383',	1),
(119,	'2016-08-09 14:43:25',	'2016-08-09 14:43:25',	'Kuwait',	'KW',	'KWT',	'+965',	1),
(120,	'2016-08-09 14:43:25',	'2016-08-09 14:43:25',	'Kyrgyzstan',	'KG',	'KGZ',	'+996',	1),
(121,	'2016-08-09 14:43:25',	'2016-08-09 14:43:25',	'Laos',	'LA',	'LAO',	'+856',	1),
(122,	'2016-08-09 14:43:25',	'2016-08-09 14:43:25',	'Latvia',	'LV',	'LVA',	'+371',	1),
(123,	'2016-08-09 14:43:25',	'2016-08-09 14:43:25',	'Lebanon',	'LB',	'LBN',	'+961',	1),
(124,	'2016-08-09 14:43:25',	'2016-08-09 14:43:25',	'Lesotho',	'LS',	'LSO',	'+266',	1),
(125,	'2016-08-09 14:43:25',	'2016-08-09 14:43:25',	'Liberia',	'LR',	'LBR',	'+231',	1),
(126,	'2016-08-09 14:43:25',	'2016-08-09 14:43:25',	'Libya',	'LY',	'LBY',	'+218',	1),
(127,	'2016-08-09 14:43:25',	'2016-08-09 14:43:25',	'Liechtenstein',	'LI',	'LIE',	'+423',	1),
(128,	'2016-08-09 14:43:25',	'2016-08-09 14:43:25',	'Lithuania',	'LT',	'LTU',	'+370',	1),
(129,	'2016-08-09 14:43:25',	'2016-08-09 14:43:25',	'Luxembourg',	'LU',	'LUX',	'+352',	1),
(130,	'2016-08-09 14:43:25',	'2016-08-09 14:43:25',	'Macao',	'MO',	'MAC',	'+853',	1),
(131,	'2016-08-09 14:43:25',	'2016-08-09 14:43:25',	'Macedonia',	'MK',	'MKD',	'+389',	1),
(132,	'2016-08-09 14:43:25',	'2016-08-09 14:43:25',	'Madagascar',	'MG',	'MDG',	'+261',	1),
(133,	'2016-08-09 14:43:25',	'2016-08-09 14:43:25',	'Malawi',	'MW',	'MWI',	'+265',	1),
(134,	'2016-08-09 14:43:25',	'2016-08-09 14:43:25',	'Malaysia',	'MY',	'MYS',	'+60',	1),
(135,	'2016-08-09 14:43:25',	'2016-08-09 14:43:25',	'Maldives',	'MV',	'MDV',	'+960',	1),
(136,	'2016-08-09 14:43:25',	'2016-08-09 14:43:25',	'Mali',	'ML',	'MLI',	'+223',	1),
(137,	'2016-08-09 14:43:25',	'2016-08-09 14:43:25',	'Malta',	'MT',	'MLT',	'+356',	1),
(138,	'2016-08-09 14:43:25',	'2016-08-09 14:43:25',	'Marshall Islands',	'MH',	'MHL',	'+692',	1),
(139,	'2016-08-09 14:43:25',	'2016-08-09 14:43:25',	'Martinique',	'MQ',	'MTQ',	'+596',	1),
(140,	'2016-08-09 14:43:25',	'2016-08-09 14:43:25',	'Mauritania',	'MR',	'MRT',	'+222',	1),
(141,	'2016-08-09 14:43:25',	'2016-08-09 14:43:25',	'Mauritius',	'MU',	'MUS',	'+230',	1),
(142,	'2016-08-09 14:43:25',	'2016-08-09 14:43:25',	'Mayotte',	'YT',	'MYT',	'+262',	1),
(143,	'2016-08-09 14:43:25',	'2016-08-09 14:43:25',	'Mexico',	'MX',	'MEX',	'+52',	1),
(144,	'2016-08-09 14:43:25',	'2016-08-09 14:43:25',	'Micronesia',	'FM',	'FSM',	'+691',	1),
(145,	'2016-08-09 14:43:25',	'2016-08-09 14:43:25',	'Moldova',	'MD',	'MDA',	'+373',	1),
(146,	'2016-08-09 14:43:25',	'2016-08-09 14:43:25',	'Monaco',	'MC',	'MCO',	'+377',	1),
(147,	'2016-08-09 14:43:25',	'2016-08-09 14:43:25',	'Mongolia',	'MN',	'MNG',	'+976',	1),
(148,	'2016-08-09 14:43:25',	'2016-08-09 14:43:25',	'Montenegro',	'ME',	'MNE',	'+382',	1),
(149,	'2016-08-09 14:43:25',	'2016-08-09 14:43:25',	'Montserrat',	'MS',	'MSR',	'+1-664',	1),
(150,	'2016-08-09 14:43:25',	'2016-08-09 14:43:25',	'Morocco',	'MA',	'MAR',	'+212',	1),
(151,	'2016-08-09 14:43:25',	'2016-08-09 14:43:25',	'Mozambique',	'MZ',	'MOZ',	'+258',	1),
(152,	'2016-08-09 14:43:25',	'2016-08-09 14:43:25',	'Myanmar',	'MM',	'MMR',	'+95',	1),
(153,	'2016-08-09 14:43:25',	'2016-08-09 14:43:25',	'Namibia',	'NA',	'NAM',	'+264',	1),
(154,	'2016-08-09 14:43:25',	'2016-08-09 14:43:25',	'Nauru',	'NR',	'NRU',	'+674',	1),
(155,	'2016-08-09 14:43:25',	'2016-08-09 14:43:25',	'Nepal',	'NP',	'NPL',	'+977',	1),
(156,	'2016-08-09 14:43:25',	'2016-08-09 14:43:25',	'Netherlands',	'NL',	'NLD',	'+31',	1),
(157,	'2016-08-09 14:43:25',	'2016-08-09 14:43:25',	'Netherlands Antilles',	'AN',	'ANT',	'+599',	1),
(158,	'2016-08-09 14:43:25',	'2016-08-09 14:43:25',	'New Caledonia',	'NC',	'NCL',	'+687',	1),
(159,	'2016-08-09 14:43:25',	'2016-08-09 14:43:25',	'New Zealand',	'NZ',	'NZL',	'+64',	1),
(160,	'2016-08-09 14:43:25',	'2016-08-09 14:43:25',	'Nicaragua',	'NI',	'NIC',	'+505',	1),
(161,	'2016-08-09 14:43:25',	'2016-08-09 14:43:25',	'Niger',	'NE',	'NER',	'+227',	1),
(162,	'2016-08-09 14:43:25',	'2016-08-09 14:43:25',	'Nigeria',	'NG',	'NGA',	'+234',	1),
(163,	'2016-08-09 14:43:25',	'2016-08-09 14:43:25',	'Niue',	'NU',	'NIU',	'+683',	1),
(164,	'2016-08-09 14:43:25',	'2016-08-09 14:43:25',	'Norfolk Island',	'NF',	'NFK',	'+672',	1),
(165,	'2016-08-09 14:43:25',	'2016-08-09 14:43:25',	'North Korea',	'KP',	'PRK',	'+850',	1),
(166,	'2016-08-09 14:43:25',	'2016-08-09 14:43:25',	'Northern Mariana Islands',	'MP',	'MNP',	'+1-670',	1),
(167,	'2016-08-09 14:43:25',	'2016-08-09 14:43:25',	'Norway',	'NO',	'NOR',	'+47',	1),
(168,	'2016-08-09 14:43:25',	'2016-08-09 14:43:25',	'Oman',	'OM',	'OMN',	'+968',	1),
(169,	'2016-08-09 14:43:25',	'2016-08-09 14:43:25',	'Pakistan',	'PK',	'PAK',	'+92',	1),
(170,	'2016-08-09 14:43:25',	'2016-08-09 14:43:25',	'Palau',	'PW',	'PLW',	'+680',	1),
(171,	'2016-08-09 14:43:25',	'2016-08-09 14:43:25',	'Palestinian Territory',	'PS',	'PSE',	'+970',	1),
(172,	'2016-08-09 14:43:25',	'2016-08-09 14:43:25',	'Panama',	'PA',	'PAN',	'+507',	1),
(173,	'2016-08-09 14:43:25',	'2016-08-09 14:43:25',	'Papua New Guinea',	'PG',	'PNG',	'+675',	1),
(174,	'2016-08-09 14:43:25',	'2016-08-09 14:43:25',	'Paraguay',	'PY',	'PRY',	'+595',	1),
(175,	'2016-08-09 14:43:25',	'2016-08-09 14:43:25',	'Peru',	'PE',	'PER',	'+51',	1),
(176,	'2016-08-09 14:43:25',	'2016-08-09 14:43:25',	'Philippines',	'PH',	'PHL',	'+63',	1),
(177,	'2016-08-09 14:43:25',	'2016-08-09 14:43:25',	'Pitcairn',	'PN',	'PCN',	'+870',	1),
(178,	'2016-08-09 14:43:25',	'2016-08-09 14:43:25',	'Poland',	'PL',	'POL',	'+48',	1),
(179,	'2016-08-09 14:43:25',	'2016-08-09 14:43:25',	'Portugal',	'PT',	'PRT',	'+351',	1),
(180,	'2016-08-09 14:43:25',	'2016-08-09 14:43:25',	'Puerto Rico',	'PR',	'PRI',	'+1-787',	1),
(181,	'2016-08-09 14:43:25',	'2016-08-09 14:43:25',	'Qatar',	'QA',	'QAT',	'+974',	1),
(182,	'2016-08-09 14:43:25',	'2016-08-09 14:43:25',	'Republic of the Congo',	'CG',	'COG',	'+242',	1),
(183,	'2016-08-09 14:43:25',	'2016-08-09 14:43:25',	'Reunion',	'RE',	'REU',	'+262',	1),
(184,	'2016-08-09 14:43:25',	'2016-08-09 14:43:25',	'Romania',	'RO',	'ROU',	'+40',	1),
(185,	'2016-08-09 14:43:25',	'2016-08-09 14:43:25',	'Russia',	'RU',	'RUS',	'+7',	1),
(186,	'2016-08-09 14:43:25',	'2016-08-09 14:43:25',	'Rwanda',	'RW',	'RWA',	'+250',	1),
(187,	'2016-08-09 14:43:25',	'2016-08-09 14:43:25',	'Saint Barthelemy',	'BL',	'BLM',	'+590',	1),
(188,	'2016-08-09 14:43:25',	'2016-08-09 14:43:25',	'Saint Helena',	'SH',	'SHN',	'+290',	1),
(189,	'2016-08-09 14:43:25',	'2016-08-09 14:43:25',	'Saint Kitts and Nevis',	'KN',	'KNA',	'+1-869',	1),
(190,	'2016-08-09 14:43:25',	'2016-08-09 14:43:25',	'Saint Lucia',	'LC',	'LCA',	'+1-758',	1),
(191,	'2016-08-09 14:43:25',	'2016-08-09 14:43:25',	'Saint Martin',	'MF',	'MAF',	'+590',	1),
(192,	'2016-08-09 14:43:25',	'2016-08-09 14:43:25',	'Saint Pierre and Miquelon',	'PM',	'SPM',	'+508',	1),
(193,	'2016-08-09 14:43:25',	'2016-08-09 14:43:25',	'Saint Vincent and the Grenadines',	'VC',	'VCT',	'+1-784',	1),
(194,	'2016-08-09 14:43:25',	'2016-08-09 14:43:25',	'Samoa',	'WS',	'WSM',	'+685',	1),
(195,	'2016-08-09 14:43:25',	'2016-08-09 14:43:25',	'San Marino',	'SM',	'SMR',	'+378',	1),
(196,	'2016-08-09 14:43:25',	'2016-08-09 14:43:25',	'Sao Tome and Principe',	'ST',	'STP',	'+239',	1),
(197,	'2016-08-09 14:43:25',	'2016-08-09 14:43:25',	'Saudi Arabia',	'SA',	'SAU',	'+966',	1),
(198,	'2016-08-09 14:43:25',	'2016-08-09 14:43:25',	'Senegal',	'SN',	'SEN',	'+221',	1),
(199,	'2016-08-09 14:43:25',	'2016-08-09 14:43:25',	'Serbia',	'RS',	'SRB',	'+381',	1),
(200,	'2016-08-09 14:43:25',	'2016-08-09 14:43:25',	'Serbia and Montenegro',	'CS',	'SCG',	'+381',	1),
(201,	'2016-08-09 14:43:25',	'2016-08-09 14:43:25',	'Seychelles',	'SC',	'SYC',	'+248',	1),
(202,	'2016-08-09 14:43:25',	'2016-08-09 14:43:25',	'Sierra Leone',	'SL',	'SLE',	'+232',	1),
(203,	'2016-08-09 14:43:25',	'2016-08-09 14:43:25',	'Singapore',	'SG',	'SGP',	'+65',	1),
(204,	'2016-08-09 14:43:25',	'2016-08-09 14:43:25',	'Sint Maarten',	'SX',	'SXM',	'+599',	1),
(205,	'2016-08-09 14:43:25',	'2016-08-09 14:43:25',	'Slovakia',	'SK',	'SVK',	'+421',	1),
(206,	'2016-08-09 14:43:25',	'2016-08-09 14:43:25',	'Slovenia',	'SI',	'SVN',	'+386',	1),
(207,	'2016-08-09 14:43:25',	'2016-08-09 14:43:25',	'Solomon Islands',	'SB',	'SLB',	'+677',	1),
(208,	'2016-08-09 14:43:25',	'2016-08-09 14:43:25',	'Somalia',	'SO',	'SOM',	'+252',	1),
(209,	'2016-08-09 14:43:25',	'2016-08-09 14:43:25',	'South Africa',	'ZA',	'ZAF',	'+27',	1),
(210,	'2016-08-09 14:43:25',	'2016-08-09 14:43:25',	'South Georgia and the South Sandwich Islands',	'GS',	'SGS',	'+500',	1),
(211,	'2016-08-09 14:43:25',	'2016-08-09 14:43:25',	'South Korea',	'KR',	'KOR',	'+82',	1),
(212,	'2016-08-09 14:43:25',	'2016-08-09 14:43:25',	'South Sudan',	'SS',	'SSD',	'+211',	1),
(213,	'2016-08-09 14:43:25',	'2016-08-09 14:43:25',	'Spain',	'ES',	'ESP',	'+34',	1),
(214,	'2016-08-09 14:43:25',	'2016-08-09 14:43:25',	'Sri Lanka',	'LK',	'LKA',	'+94',	1),
(215,	'2016-08-09 14:43:25',	'2016-08-09 14:43:25',	'Sudan',	'SD',	'SDN',	'+249',	1),
(216,	'2016-08-09 14:43:25',	'2016-08-09 14:43:25',	'Suriname',	'SR',	'SUR',	'+597',	1),
(217,	'2016-08-09 14:43:25',	'2016-08-09 14:43:25',	'Svalbard and Jan Mayen',	'SJ',	'SJM',	'+47',	1),
(218,	'2016-08-09 14:43:25',	'2016-08-09 14:43:25',	'Swaziland',	'SZ',	'SWZ',	'+268',	1),
(219,	'2016-08-09 14:43:25',	'2016-08-09 14:43:25',	'Sweden',	'SE',	'SWE',	'+46',	1),
(220,	'2016-08-09 14:43:25',	'2016-08-09 14:43:25',	'Switzerland',	'CH',	'CHE',	'+41',	1),
(221,	'2016-08-09 14:43:25',	'2016-08-09 14:43:25',	'Syria',	'SY',	'SYR',	'+963',	1),
(222,	'2016-08-09 14:43:25',	'2016-08-09 14:43:25',	'Taiwan',	'TW',	'TWN',	'+886',	1),
(223,	'2016-08-09 14:43:25',	'2016-08-09 14:43:25',	'Tajikistan',	'TJ',	'TJK',	'+992',	1),
(224,	'2016-08-09 14:43:25',	'2016-08-09 14:43:25',	'Tanzania',	'TZ',	'TZA',	'+255',	1),
(225,	'2016-08-09 14:43:25',	'2016-08-09 14:43:25',	'Thailand',	'TH',	'THA',	'+66',	1),
(226,	'2016-08-09 14:43:25',	'2016-08-09 14:43:25',	'Togo',	'TG',	'TGO',	'+228',	1),
(227,	'2016-08-09 14:43:25',	'2016-08-09 14:43:25',	'Tokelau',	'TK',	'TKL',	'+690',	1),
(228,	'2016-08-09 14:43:25',	'2016-08-09 14:43:25',	'Tonga',	'TO',	'TON',	'+676',	1),
(229,	'2016-08-09 14:43:25',	'2016-08-09 14:43:25',	'Trinidad and Tobago',	'TT',	'TTO',	'+1-868',	1),
(230,	'2016-08-09 14:43:25',	'2016-08-09 14:43:25',	'Tunisia',	'TN',	'TUN',	'+216',	1),
(231,	'2016-08-09 14:43:25',	'2016-08-09 14:43:25',	'Turkey',	'TR',	'TUR',	'+90',	1),
(232,	'2016-08-09 14:43:25',	'2016-08-09 14:43:25',	'Turkmenistan',	'TM',	'TKM',	'+993',	1),
(233,	'2016-08-09 14:43:25',	'2016-08-09 14:43:25',	'Turks and Caicos Islands',	'TC',	'TCA',	'+1-649',	1),
(234,	'2016-08-09 14:43:25',	'2016-08-09 14:43:25',	'Tuvalu',	'TV',	'TUV',	'+688',	1),
(235,	'2016-08-09 14:43:25',	'2016-08-09 14:43:25',	'U.S. Virgin Islands',	'VI',	'VIR',	'+1-340',	1),
(236,	'2016-08-09 14:43:25',	'2016-08-09 14:43:25',	'Uganda',	'UG',	'UGA',	'+256',	1),
(237,	'2016-08-09 14:43:25',	'2016-08-09 14:43:25',	'Ukraine',	'UA',	'UKR',	'+380',	1),
(238,	'2016-08-09 14:43:25',	'2016-08-09 14:43:25',	'United Arab Emirates',	'AE',	'ARE',	'+971',	1),
(239,	'2016-08-09 14:43:25',	'2016-08-09 14:43:25',	'United Kingdom',	'GB',	'GBR',	'+44',	1),
(240,	'2016-08-09 14:43:25',	'2016-08-09 14:43:25',	'United States',	'US',	'USA',	'+1',	1),
(241,	'2016-08-09 14:43:25',	'2016-08-09 14:43:25',	'United States Minor Outlying Islands',	'UM',	'UMI',	'+1',	1),
(242,	'2016-08-09 14:43:25',	'2016-08-09 14:43:25',	'Uruguay',	'UY',	'URY',	'+598',	1),
(243,	'2016-08-09 14:43:25',	'2016-08-09 14:43:25',	'Uzbekistan',	'UZ',	'UZB',	'+998',	1),
(244,	'2016-08-09 14:43:25',	'2016-08-09 14:43:25',	'Vanuatu',	'VU',	'VUT',	'+678',	1),
(245,	'2016-08-09 14:43:25',	'2016-08-09 14:43:25',	'Vatican',	'VA',	'VAT',	'+379',	1),
(246,	'2016-08-09 14:43:25',	'2016-08-09 14:43:25',	'Venezuela',	'VE',	'VEN',	'+58',	1),
(247,	'2016-08-09 14:43:25',	'2016-08-09 14:43:25',	'Vietnam',	'VN',	'VNM',	'+84',	1),
(248,	'2016-08-09 14:43:25',	'2016-08-09 14:43:25',	'Wallis and Futuna',	'WF',	'WLF',	'+681',	1),
(249,	'2016-08-09 14:43:25',	'2016-08-09 14:43:25',	'Western Sahara',	'EH',	'ESH',	'+212',	1),
(250,	'2016-08-09 14:43:25',	'2016-08-09 14:43:25',	'Yemen',	'YE',	'YEM',	'+967',	1),
(251,	'2016-08-09 14:43:25',	'2016-08-09 14:43:25',	'Zambia',	'ZM',	'ZMB',	'+260',	1),
(252,	'2016-08-09 14:43:25',	'2016-08-09 14:43:25',	'Zimbabwe',	'ZW',	'ZWE',	'+263',	1);

DROP TABLE IF EXISTS `email_templates`;
CREATE TABLE `email_templates` (
  `id` bigint(20) unsigned NOT NULL AUTO_INCREMENT,
  `created_at` timestamp NULL DEFAULT NULL,
  `updated_at` timestamp NULL DEFAULT NULL,
  `name` varchar(255) COLLATE utf8_unicode_ci NOT NULL,
  `subject` varchar(255) COLLATE utf8_unicode_ci NOT NULL,
  `body_content` text COLLATE utf8_unicode_ci NOT NULL,
  `filename` varchar(255) COLLATE utf8_unicode_ci NOT NULL,
  `from_name` varchar(255) COLLATE utf8_unicode_ci NOT NULL,
  `info` varchar(255) COLLATE utf8_unicode_ci NOT NULL,
  `reply_to` varchar(255) COLLATE utf8_unicode_ci NOT NULL,
  `plugin` varchar(255) COLLATE utf8_unicode_ci DEFAULT NULL,
  PRIMARY KEY (`id`),
  KEY `email_templates_id_index` (`id`)
) ENGINE=InnoDB DEFAULT CHARSET=utf8 COLLATE=utf8_unicode_ci;

INSERT INTO `email_templates` (`id`, `created_at`, `updated_at`, `name`, `subject`, `body_content`, `filename`, `from_name`, `info`, `reply_to`, `plugin`) VALUES
(1,	'2016-05-13 00:08:27',	'2016-05-13 00:08:27',	'Forgot Password',	'Forgot Password',	'<link href=\"http://fonts.googleapis.com/css?family=Open+Sans\" rel=\"stylesheet\" type=\"text/css\" />\r\n<div style=\"margin: 5px 0pt; padding: 20px; width: 700px; font-family: Open Sans,sans-serif; background-color: #f2f2f2; background-repeat: no-repeat;-webkit-border-radius: 10px;\r\n   -moz-border-radius: 10px;\r\n   border-radius: 10px;\">\r\n   <div style=\"border-bottom: 1px solid #ccc; margin: 0pt; background: -moz-linear-gradient(top, #ffffff 0%, #f2f2f2 100%);\r\n      background: -webkit-linear-gradient(top, #ffffff 0%,#f2f2f2 100%);\r\n      background: -o-linear-gradient(top, #ffffff 0%,#f2f2f2 100%);\r\n      background: -ms-linear-gradient(top, #ffffff 0%,#f2f2f2 100%);\r\n      filter: progid:DXImageTransform.Microsoft.gradient( startColorstr=\'\'\'\'#ffffff\'\'\'\', endColorstr=\'\'\'\'#f2f2f2\'\'\'\',GradientType=0 ); \r\n      min-height: 70px;\">\r\n      <table cellspacing=\"0\" cellpadding=\"0\" width=\"700\">\r\n         <tbody>\r\n            <tr>\r\n               <td  valign=\"top\" style=\"padding:14px 0 0 10px; width: 110px; min-height: 37px;\">\r\n                  <a style=\"color: #0981be;\" title=\"##SITE_NAME##\" href=\"#\" target=\"_blank\"></a>\r\n                  <a style=\"color: #0981be;\" title=\"##SITE_NAME##\" href=\"##SITE_URL##\" target=\"_blank\">\r\n                  <img style=\"padding-right: 15px; border: 0px 1px 0px 0px none solid none none -moz-use-text-color #333333 -moz-use-text-color -moz-use-text-color;\" alt=\"[Image: ##SITE_NAME##]\" src=\"##SITE_URL##/images/logo.png\" />\r\n                  </a>\r\n               </td>\r\n            </tr>\r\n         </tbody>\r\n      </table>\r\n   </div>\r\n   <div style=\" padding: 20px; background-repeat: no-repeat; background-color: #ffffff; box-shadow: 0 0 7px rgba(0, 0, 0, 0.067);\">\r\n      <table style=\"background-color: #ffffff;\" width=\"100%\">\r\n         <tbody>\r\n            <tr>\r\n               <td style=\"padding: 20px 30px 5px;\">\r\n                  <p style=\"color: #545454; font-size: 18px;\">Dear ##USERNAME##,</p>\r\n                  <table border=\"0\" width=\"100%\">\r\n                     <tbody>\r\n                        <tr>\r\n                           <td>\r\n                              <div class=\"col-sm-9\">\r\n                                 <div class=\"clsShopPreviCart no-mar\">\r\n                                    <p class=\"dc clsPreHead textb\">A password request has been made for your user account at ##SITE_NAME##.</p>\r\n                                    <table border=\"0\" width=\"100%\">\r\n                                       <p class=\"dc clsPreHead textb\">\r\n										<tr>\r\n										   <td>New password:  ##PASSWORD##</td>\r\n										   \r\n									   </tr></p>\r\n									   <tr></tr>\r\n                                       <tr>\r\n                                          <td colspan=\"2\" style=\"padding:30px 5px;\"> \r\n                                             If you did not request this action and feel this is in error, please contact us at ##CONTACT_EMAIL##. \r\n                                          </td>\r\n                                       </tr>                                             \r\n                                    </table>\r\n                                    <div class=\"clsCardInnBg\"> </div>\r\n                                 </div>\r\n                              </div>\r\n                           </td>\r\n			\r\n                        <tr>\r\n                           <td>&nbsp;</td>\r\n                        </tr>\r\n						</tr>\r\n                     </tbody>\r\n                  </table>\r\n                  <table style=\"background-color: #ffffff;\" width=\"100%\">\r\n                     <tbody>\r\n                        <tr>\r\n                           <td>\r\n                              <div style=\"border-top: 1px solid #d6d6d6; padding: 15px 30px 25px; margin: 0pt 30px;\">\r\n                                 <h4 style=\" font-size: 22px; font-weight: bold; text-align: center; margin: 0pt 0pt 5px; line-height: 26px; color: #30BCEF;\">Thanks,</h4>\r\n                                 <h5 style=\" color: #545454; line-height: 20px; text-align: center; margin: 0pt; font-size: 16px;\">##SITE_NAME## - <a style=\"color: #30BCEF;\" title=\"##SITE_NAME## - Collective Buying Power\" href=\"##SITE_URL##\" target=\"_blank\">##SITE_URL##</a></h5>\r\n                              </div>\r\n                           </td>\r\n                        </tr>\r\n                     </tbody>\r\n                  </table>\r\n               </td>\r\n            </tr>\r\n         </tbody>\r\n      </table>\r\n      <table style=\"margin-top: 2px; background-color: #f5f5f5;\" width=\"100%\">\r\n         <tbody>\r\n            <tr>\r\n               <td>\r\n                  <p style=\" color: #000; font-size: 12px; text-align: center; line-height: 16px; margin: 10px;\">Need help? Have feedback? Feel free to <a style=\"color: #30BCEF;\" title=\"Contact ##SITE_NAME##\" href=\"##SITE_URL##/contactus\" target=\"_blank\">Contact Us</a></p>\r\n               </td>\r\n            </tr>\r\n         </tbody>\r\n      </table>\r\n   </div>\r\n   <table cellspacing=\"0\" cellpadding=\"0\" width=\"720px\">\r\n      <tbody>\r\n         <tr>\r\n            <td align=\"center\">\r\n               <p style=\"font-size: 11px; color: #929292; margin: 3px; padding-top: 10px;\">Delivered by <a style=\"color: #30BCEF;\" title=\"##SITE_NAME##\" href=\"##SITE_URL##\" target=\"_blank\">##SITE_NAME##</a></p>\r\n            </td>\r\n         </tr>\r\n      </tbody>\r\n   </table>\r\n</div>\r\n',	'',	'##FROM_EMAIL##',	'we will send this mail, when user submit the forgot password form.',	'##REPLY_TO_EMAIL##',	NULL),
(2,	'2016-05-13 00:08:27',	'2016-07-17 11:35:25',	'Activation Request',	'Please verify your ##SITE_NAME## email address',	'<link href=\"http://fonts.googleapis.com/css?family=Open+Sans\" rel=\"stylesheet\" type=\"text/css\" />\r\n<div style=\"margin: 5px 0pt; padding: 20px; width: 700px; font-family: Open Sans,sans-serif; background-color: #f2f2f2; background-repeat: no-repeat;-webkit-border-radius: 10px;\r\n   -moz-border-radius: 10px;\r\n   border-radius: 10px;\">\r\n   <div style=\"border-bottom: 1px solid #ccc; margin: 0pt; background: -moz-linear-gradient(top, #ffffff 0%, #f2f2f2 100%);\r\n      background: -webkit-linear-gradient(top, #ffffff 0%,#f2f2f2 100%);\r\n      background: -o-linear-gradient(top, #ffffff 0%,#f2f2f2 100%);\r\n      background: -ms-linear-gradient(top, #ffffff 0%,#f2f2f2 100%);\r\n      filter: progid:DXImageTransform.Microsoft.gradient( startColorstr=\'\'\'\'#ffffff\'\'\'\', endColorstr=\'\'\'\'#f2f2f2\'\'\'\',GradientType=0 ); \r\n      min-height: 70px;\">\r\n      <table cellspacing=\"0\" cellpadding=\"0\" width=\"700\">\r\n         <tbody>\r\n            <tr>\r\n               <td  valign=\"top\" style=\"padding:14px 0 0 10px; width: 110px; min-height: 37px;\">\r\n                  <a style=\"color: #0981be;\" title=\"##SITE_NAME##\" href=\"#\" target=\"_blank\"></a>\r\n                  <a style=\"color: #0981be;\" title=\"##SITE_NAME##\" href=\"##SITE_URL##\" target=\"_blank\">\r\n                  <img style=\"padding-right: 15px; border: 0px 1px 0px 0px none solid none none -moz-use-text-color #333333 -moz-use-text-color -moz-use-text-color;\" alt=\"[Image: ##SITE_NAME##]\" src=\"##SITE_URL##/images/logo.png\" />\r\n                  </a>\r\n               </td>\r\n            </tr>\r\n         </tbody>\r\n      </table>\r\n   </div>\r\n   <div style=\" padding: 20px; background-repeat: no-repeat; background-color: #ffffff; box-shadow: 0 0 7px rgba(0, 0, 0, 0.067);\">\r\n      <table style=\"background-color: #ffffff;\" width=\"100%\">\r\n         <tbody>\r\n            <tr>\r\n               <td style=\"padding: 20px 30px 5px;\">\r\n                  <p style=\"color: #545454; font-size: 18px;\">Dear ##USERNAME##,</p>\r\n                  <table border=\"0\" width=\"100%\">\r\n                     <tbody>\r\n                        <tr>\r\n                           <td>\r\n                              <div class=\"col-sm-9\">\r\n                                 <div class=\"clsShopPreviCart no-mar\">\r\n                                    <p class=\"dc clsPreHead textb\">Welcome @ ##SITE_NAME##!. Your account has been created.</p>\r\n									<p class=\"dc clsPreHead textb\">Please visit the following URL to verify your email address:<br></p>\r\n                                    <table border=\"0\" width=\"100%\">\r\n                                       <p class=\"dc clsPreHead textb\">\r\n										<tr>\r\n										   <td colspan=\"2\">##ACTIVATION_URL## </td>\r\n									   </tr></p>\r\n									   <tr></tr>\r\n                                       <tr>\r\n                                          <td colspan=\"2\" style=\"padding:30px 5px;\"> \r\n                                             If you did not request this action and feel this is in error, please contact us at ##CONTACT_MAIL##. \r\n                                          </td>\r\n                                       </tr>                                             \r\n                                    </table>\r\n                                    <div class=\"clsCardInnBg\"> </div>\r\n                                 </div>\r\n                              </div>\r\n                           </td>\r\n                        <tr>\r\n                           <td>&nbsp;</td>\r\n                        </tr>\r\n						</tr>\r\n                     </tbody>\r\n                  </table>\r\n                  <table style=\"background-color: #ffffff;\" width=\"100%\">\r\n                     <tbody>\r\n                        <tr>\r\n                           <td>\r\n                              <div style=\"border-top: 1px solid #d6d6d6; padding: 15px 30px 25px; margin: 0pt 30px;\">\r\n                                 <h4 style=\" font-size: 22px; font-weight: bold; text-align: center; margin: 0pt 0pt 5px; line-height: 26px; color: #30BCEF;\">Thanks,</h4>\r\n                                 <h5 style=\" color: #545454; line-height: 20px; text-align: center; margin: 0pt; font-size: 16px;\">##SITE_NAME## - <a style=\"color: #30BCEF;\" title=\"##SITE_NAME## - Collective Buying Power\" href=\"##SITE_URL##\" target=\"_blank\">##SITE_URL##</a></h5>\r\n                              </div>\r\n                           </td>\r\n                        </tr>\r\n                     </tbody>\r\n                  </table>\r\n               </td>\r\n            </tr>\r\n         </tbody>\r\n      </table>\r\n      <table style=\"margin-top: 2px; background-color: #f5f5f5;\" width=\"100%\">\r\n         <tbody>\r\n            <tr>\r\n               <td>\r\n                  <p style=\" color: #000; font-size: 12px; text-align: center; line-height: 16px; margin: 10px;\">Need help? Have feedback? Feel free to <a style=\"color: #30BCEF;\" title=\"Contact ##SITE_NAME##\" href=\"##CONTACT_EMAIL##\" target=\"_blank\">Contact Us</a></p>\r\n               </td>\r\n            </tr>\r\n         </tbody>\r\n      </table>\r\n   </div>\r\n   <table cellspacing=\"0\" cellpadding=\"0\" width=\"720px\">\r\n      <tbody>\r\n         <tr>\r\n            <td align=\"center\">\r\n               <p style=\"font-size: 11px; color: #929292; margin: 3px; padding-top: 10px;\">Delivered by <a style=\"color: #30BCEF;\" title=\"##SITE_NAME##\" href=\"##SITE_URL##\" target=\"_blank\">##SITE_NAME##</a></p>\r\n            </td>\r\n         </tr>\r\n      </tbody>\r\n   </table>\r\n</div>',	'',	'##FROM_EMAIL##',	'we will send this mail, when user registering an account he/she will get an activation request.',	'##REPLY_TO_EMAIL##',	NULL),
(3,	'2016-05-13 00:08:27',	'2016-05-13 00:08:27',	'Welcome Email',	'Welcome to ##SITE_NAME##',	'<link href=\"http://fonts.googleapis.com/css?family=Open+Sans\" rel=\"stylesheet\" type=\"text/css\" />\n<div style=\"margin: 5px 0pt; padding: 20px; width: 700px; font-family: Open Sans,sans-serif; background-color: #f2f2f2; background-repeat: no-repeat;-webkit-border-radius: 10px;\n   -moz-border-radius: 10px;\n   border-radius: 10px;\">\n   <div style=\"border-bottom: 1px solid #ccc; margin: 0pt; background: -moz-linear-gradient(top, #ffffff 0%, #f2f2f2 100%);\n      background: -webkit-linear-gradient(top, #ffffff 0%,#f2f2f2 100%);\n      background: -o-linear-gradient(top, #ffffff 0%,#f2f2f2 100%);\n      background: -ms-linear-gradient(top, #ffffff 0%,#f2f2f2 100%);\n      filter: progid:DXImageTransform.Microsoft.gradient( startColorstr=\'\'\'\'#ffffff\'\'\'\', endColorstr=\'\'\'\'#f2f2f2\'\'\'\',GradientType=0 ); \n      min-height: 70px;\">\n      <table cellspacing=\"0\" cellpadding=\"0\" width=\"700\">\n         <tbody>\n            <tr>\n               <td  valign=\"top\" style=\"padding:14px 0 0 10px; width: 110px; min-height: 37px;\">\n                  <a style=\"color: #0981be;\" title=\"##SITE_NAME##\" href=\"#\" target=\"_blank\"></a>\n                  <a style=\"color: #0981be;\" title=\"##SITE_NAME##\" href=\"##SITE_URL##\" target=\"_blank\">\n                  <img style=\"padding-right: 15px; border: 0px 1px 0px 0px none solid none none -moz-use-text-color #333333 -moz-use-text-color -moz-use-text-color;\" alt=\"[Image: ##SITE_NAME##]\" src=\"##SITE_URL##/images/logo.png\" />\n                  </a>\n               </td>\n            </tr>\n         </tbody>\n      </table>\n   </div>\n   <div style=\" padding: 20px; background-repeat: no-repeat; background-color: #ffffff; box-shadow: 0 0 7px rgba(0, 0, 0, 0.067);\">\n      <table style=\"background-color: #ffffff;\" width=\"100%\">\n         <tbody>\n            <tr>\n               <td style=\"padding: 20px 30px 5px;\">\n                  <p style=\"color: #545454; font-size: 18px;\">Dear ##USERNAME##,</p>\n                  <table border=\"0\" width=\"100%\">\n                     <tbody>\n                        <tr>\n                           <td>\n                              <div class=\"col-sm-9\">\n                                 <div class=\"clsShopPreviCart no-mar\">\n                                    <p class=\"dc clsPreHead textb\">We wish to say a quick hello and thanks for registering at ##SITE_NAME##..</p>\n                                    <table border=\"0\" width=\"100%\">\n									   <tr></tr>\n                                       <tr>\n                                          <td colspan=\"2\" style=\"padding:30px 5px;\"> \n                                             If you did not request this action and feel this is in error, please contact us at ##CONTACT_MAIL##. \n                                          </td>\n                                       </tr>                                             \n                                    </table>\n                                    <div class=\"clsCardInnBg\"> </div>\n                                 </div>\n                              </div>\n                           </td>\n                        <tr>\n                           <td>&nbsp;</td>\n                        </tr>\n						</tr>\n                     </tbody>\n                  </table>\n                  <table style=\"background-color: #ffffff;\" width=\"100%\">\n                     <tbody>\n                        <tr>\n                           <td>\n                              <div style=\"border-top: 1px solid #d6d6d6; padding: 15px 30px 25px; margin: 0pt 30px;\">\n                                 <h4 style=\" font-size: 22px; font-weight: bold; text-align: center; margin: 0pt 0pt 5px; line-height: 26px; color: #30BCEF;\">Thanks,</h4>\n                                 <h5 style=\" color: #545454; line-height: 20px; text-align: center; margin: 0pt; font-size: 16px;\">##SITE_NAME## - <a style=\"color: #30BCEF;\" title=\"##SITE_NAME## - Collective Buying Power\" href=\"##SITE_URL##\" target=\"_blank\">##SITE_URL##</a></h5>\n                              </div>\n                           </td>\n                        </tr>\n                     </tbody>\n                  </table>\n               </td>\n            </tr>\n         </tbody>\n      </table>\n      <table style=\"margin-top: 2px; background-color: #f5f5f5;\" width=\"100%\">\n         <tbody>\n            <tr>\n               <td>\n                  <p style=\" color: #000; font-size: 12px; text-align: center; line-height: 16px; margin: 10px;\">Need help? Have feedback? Feel free to <a style=\"color: #30BCEF;\" title=\"Contact ##SITE_NAME##\" href=\"##SITE_URL##/contactus\" target=\"_blank\">Contact Us</a></p>\n               </td>\n            </tr>\n         </tbody>\n      </table>\n   </div>\n   <table cellspacing=\"0\" cellpadding=\"0\" width=\"720px\">\n      <tbody>\n         <tr>\n            <td align=\"center\">\n               <p style=\"font-size: 11px; color: #929292; margin: 3px; padding-top: 10px;\">Delivered by <a style=\"color: #30BCEF;\" title=\"##SITE_NAME##\" href=\"##SITE_URL##\" target=\"_blank\">##SITE_NAME##</a></p>\n            </td>\n         </tr>\n      </tbody>\n   </table>\n</div>\n',	'',	'##FROM_EMAIL##',	'we will send this mail, when user register in this site and get activate.',	'##REPLY_TO_EMAIL##',	NULL),
(4,	'2016-05-13 00:08:27',	'2016-05-13 00:08:27',	'New User Join',	'New user joined in ##SITE_NAME## account',	'<link href=\"http://fonts.googleapis.com/css?family=Open+Sans\" rel=\"stylesheet\" type=\"text/css\" />\n<div style=\"margin: 5px 0pt; padding: 20px; width: 700px; font-family: Open Sans,sans-serif; background-color: #f2f2f2; background-repeat: no-repeat;-webkit-border-radius: 10px;\n   -moz-border-radius: 10px;\n   border-radius: 10px;\">\n   <div style=\"border-bottom: 1px solid #ccc; margin: 0pt; background: -moz-linear-gradient(top, #ffffff 0%, #f2f2f2 100%);\n      background: -webkit-linear-gradient(top, #ffffff 0%,#f2f2f2 100%);\n      background: -o-linear-gradient(top, #ffffff 0%,#f2f2f2 100%);\n      background: -ms-linear-gradient(top, #ffffff 0%,#f2f2f2 100%);\n      filter: progid:DXImageTransform.Microsoft.gradient( startColorstr=\'\'#ffffff\'\', endColorstr=\'\'#f2f2f2\'\',GradientType=0 ); \n      min-height: 70px;\">\n      <table cellspacing=\"0\" cellpadding=\"0\" width=\"700\">\n         <tbody>\n            <tr>\n               <td  valign=\"top\" style=\"padding:14px 0 0 10px; width: 110px; min-height: 37px;\">\n                  <a style=\"color: #0981be;\" title=\"##SITE_NAME##\" href=\"#\" target=\"_blank\"></a>\n                  <a style=\"color: #0981be;\" title=\"##SITE_NAME##\" href=\"##SITE_URL##\" target=\"_blank\">\n                  <img style=\"padding-right: 15px; border: 0px 1px 0px 0px none solid none none -moz-use-text-color #333333 -moz-use-text-color -moz-use-text-color;\" alt=\"[Image: ##SITE_NAME##]\" src=\"##SITE_URL##/images/logo.png\" />\n                  </a>\n               </td>\n            </tr>\n         </tbody>\n      </table>\n   </div>\n   <div style=\" padding: 20px; background-repeat: no-repeat; background-color: #ffffff; box-shadow: 0 0 7px rgba(0, 0, 0, 0.067);\">\n      <table style=\"background-color: #ffffff;\" width=\"100%\">\n         <tbody>\n            <tr>\n               <td style=\"padding: 20px 30px 5px;\">\n                  <p style=\"color: #545454; font-size: 18px;\">Hi,</p>\n                  <table border=\"0\" width=\"100%\">\n                     <tbody>\n                        <tr>\n                           <td>\n                              <div class=\"col-sm-9\">\n                                 <div class=\"clsShopPreviCart no-mar\">\n                                    <p class=\"dc clsPreHead textb\">A new user named \"##USERNAME##\" has joined in ##SITE_NAME## account.<br></p>\n                                    <table border=\"0\" width=\"100%\">\n                                       <p class=\"dc clsPreHead textb\">\n										<tr>\n										   <td>Username: </td>\n										   <td>##USERNAME##</td> \n									   </tr>\n									   <tr>\n										   <td >Email: </td>\n										   <td>##EMAIL##</td> \n									   </tr>\n									   </p>\n									   <tr></tr>                                           \n                                    </table>\n                                    <div class=\"clsCardInnBg\"> </div>\n                                 </div>\n                              </div>\n                           </td>\n			\n                        <tr>\n                           <td>&nbsp;</td>\n                        </tr>\n						</tr>\n                     </tbody>\n                  </table>\n                  <table style=\"background-color: #ffffff;\" width=\"100%\">\n                     <tbody>\n                        <tr>\n                           <td>\n                              <div style=\"border-top: 1px solid #d6d6d6; padding: 15px 30px 25px; margin: 0pt 30px;\">\n                                 <h4 style=\" font-size: 22px; font-weight: bold; text-align: center; margin: 0pt 0pt 5px; line-height: 26px; color: #30BCEF;\">Thanks,</h4>\n                                 <h5 style=\" color: #545454; line-height: 20px; text-align: center; margin: 0pt; font-size: 16px;\">##SITE_NAME## - <a style=\"color: #30BCEF;\" title=\"##SITE_NAME## - Collective Buying Power\" href=\"##SITE_URL##\" target=\"_blank\">##SITE_URL##</a></h5>\n                              </div>\n                           </td>\n                        </tr>\n                     </tbody>\n                  </table>\n               </td>\n            </tr>\n         </tbody>\n      </table>\n      <table style=\"margin-top: 2px; background-color: #f5f5f5;\" width=\"100%\">\n         <tbody>\n            <tr>\n               <td>\n                  <p style=\" color: #000; font-size: 12px; text-align: center; line-height: 16px; margin: 10px;\">Need help? Have feedback? Feel free to <a style=\"color: #30BCEF;\" title=\"Contact ##SITE_NAME##\" href=\"##SITE_URL##/contactus\" target=\"_blank\">Contact Us</a></p>\n               </td>\n            </tr>\n         </tbody>\n      </table>\n   </div>\n   <table cellspacing=\"0\" cellpadding=\"0\" width=\"720px\">\n      <tbody>\n         <tr>\n            <td align=\"center\">\n               <p style=\"font-size: 11px; color: #929292; margin: 3px; padding-top: 10px;\">Delivered by <a style=\"color: #30BCEF;\" title=\"##SITE_NAME##\" href=\"##SITE_URL##\" target=\"_blank\">##SITE_NAME##</a></p>\n            </td>\n         </tr>\n      </tbody>\n   </table>\n</div>',	'',	'##FROM_EMAIL##',	'we will send this mail to admin, when a new user registered in the site. For this you have to enable \"admin mail after register\" in the settings page.',	'##REPLY_TO_EMAIL##',	NULL),
(5,	'2016-05-13 00:08:27',	'2016-05-13 00:08:27',	'Admin User Add',	'Welcome to ##SITE_NAME##',	'<link href=\"http://fonts.googleapis.com/css?family=Open+Sans\" rel=\"stylesheet\" type=\"text/css\" />\n<div style=\"margin: 5px 0pt; padding: 20px; width: 700px; font-family: Open Sans,sans-serif; background-color: #f2f2f2; background-repeat: no-repeat;-webkit-border-radius: 10px;\n   -moz-border-radius: 10px;\n   border-radius: 10px;\">\n   <div style=\"border-bottom: 1px solid #ccc; margin: 0pt; background: -moz-linear-gradient(top, #ffffff 0%, #f2f2f2 100%);\n      background: -webkit-linear-gradient(top, #ffffff 0%,#f2f2f2 100%);\n      background: -o-linear-gradient(top, #ffffff 0%,#f2f2f2 100%);\n      background: -ms-linear-gradient(top, #ffffff 0%,#f2f2f2 100%);\n      filter: progid:DXImageTransform.Microsoft.gradient( startColorstr=\'\'\'\'#ffffff\'\'\'\', endColorstr=\'\'\'\'#f2f2f2\'\'\'\',GradientType=0 ); \n      min-height: 70px;\">\n      <table cellspacing=\"0\" cellpadding=\"0\" width=\"700\">\n         <tbody>\n            <tr>\n               <td  valign=\"top\" style=\"padding:14px 0 0 10px; width: 110px; min-height: 37px;\">\n                  <a style=\"color: #0981be;\" title=\"##SITE_NAME##\" href=\"#\" target=\"_blank\"></a>\n                  <a style=\"color: #0981be;\" title=\"##SITE_NAME##\" href=\"##SITE_URL##\" target=\"_blank\">\n                  <img style=\"padding-right: 15px; border: 0px 1px 0px 0px none solid none none -moz-use-text-color #333333 -moz-use-text-color -moz-use-text-color;\" alt=\"[Image: ##SITE_NAME##]\" src=\"##SITE_URL##/images/logo.png\" />\n                  </a>\n               </td>\n            </tr>\n         </tbody>\n      </table>\n   </div>\n   <div style=\" padding: 20px; background-repeat: no-repeat; background-color: #ffffff; box-shadow: 0 0 7px rgba(0, 0, 0, 0.067);\">\n      <table style=\"background-color: #ffffff;\" width=\"100%\">\n         <tbody>\n            <tr>\n               <td style=\"padding: 20px 30px 5px;\">\n                  <p style=\"color: #545454; font-size: 18px;\">Dear ##USERNAME##,</p>\n                  <table border=\"0\" width=\"100%\">\n                     <tbody>\n                        <tr>\n                           <td>\n                              <div class=\"col-sm-9\">\n                                 <div class=\"clsShopPreviCart no-mar\">\n                                    <p class=\"dc clsPreHead textb\">##SITE_NAME## team added you as a user in ##SITE_NAME##.<br></p>\n                                    <table border=\"0\" width=\"100%\">\n                                       <p class=\"dc clsPreHead textb\">\n									   <tr>\n										   <td colspan=\"2\">Your account details.</td> \n									   </tr>\n										<tr>\n										   <td>##LOGINLABEL##:</td>\n										   <td>##USEDTOLOGIN##</td> \n									   </tr>\n									   <tr>\n										   <td>Password: </td>\n										   <td>##PASSWORD##</td> \n									   </tr>\n									   </p>\n									   <tr></tr>                                           \n                                    </table>\n                                    <div class=\"clsCardInnBg\"> </div>\n                                 </div>\n                              </div>\n                           </td>\n			\n                        <tr>\n                           <td>&nbsp;</td>\n                        </tr>\n						</tr>\n                     </tbody>\n                  </table>\n                  <table style=\"background-color: #ffffff;\" width=\"100%\">\n                     <tbody>\n                        <tr>\n                           <td>\n                              <div style=\"border-top: 1px solid #d6d6d6; padding: 15px 30px 25px; margin: 0pt 30px;\">\n                                 <h4 style=\" font-size: 22px; font-weight: bold; text-align: center; margin: 0pt 0pt 5px; line-height: 26px; color: #30BCEF;\">Thanks,</h4>\n                                 <h5 style=\" color: #545454; line-height: 20px; text-align: center; margin: 0pt; font-size: 16px;\">##SITE_NAME## - <a style=\"color: #30BCEF;\" title=\"##SITE_NAME## - Collective Buying Power\" href=\"##SITE_URL##\" target=\"_blank\">##SITE_URL##</a></h5>\n                              </div>\n                           </td>\n                        </tr>\n                     </tbody>\n                  </table>\n               </td>\n            </tr>\n         </tbody>\n      </table>\n      <table style=\"margin-top: 2px; background-color: #f5f5f5;\" width=\"100%\">\n         <tbody>\n            <tr>\n               <td>\n                  <p style=\" color: #000; font-size: 12px; text-align: center; line-height: 16px; margin: 10px;\">Need help? Have feedback? Feel free to <a style=\"color: #30BCEF;\" title=\"Contact ##SITE_NAME##\" href=\"##SITE_URL##/contactus\" target=\"_blank\">Contact Us</a></p>\n               </td>\n            </tr>\n         </tbody>\n      </table>\n   </div>\n   <table cellspacing=\"0\" cellpadding=\"0\" width=\"720px\">\n      <tbody>\n         <tr>\n            <td align=\"center\">\n               <p style=\"font-size: 11px; color: #929292; margin: 3px; padding-top: 10px;\">Delivered by <a style=\"color: #30BCEF;\" title=\"##SITE_NAME##\" href=\"##SITE_URL##\" target=\"_blank\">##SITE_NAME##</a></p>\n            </td>\n         </tr>\n      </tbody>\n   </table>\n</div>',	'',	'##FROM_EMAIL##',	'we will send this mail to user, when a admin add a new user.',	'##REPLY_TO_EMAIL##',	NULL),
(6,	'2016-05-13 00:08:27',	'2016-05-13 00:08:27',	'Admin User Active',	'Your ##SITE_NAME## account has been activated',	'<link href=\"http://fonts.googleapis.com/css?family=Open+Sans\" rel=\"stylesheet\" type=\"text/css\" />\n<div style=\"margin: 5px 0pt; padding: 20px; width: 700px; font-family: Open Sans,sans-serif; background-color: #f2f2f2; background-repeat: no-repeat;-webkit-border-radius: 10px;\n   -moz-border-radius: 10px;\n   border-radius: 10px;\">\n   <div style=\"border-bottom: 1px solid #ccc; margin: 0pt; background: -moz-linear-gradient(top, #ffffff 0%, #f2f2f2 100%);\n      background: -webkit-linear-gradient(top, #ffffff 0%,#f2f2f2 100%);\n      background: -o-linear-gradient(top, #ffffff 0%,#f2f2f2 100%);\n      background: -ms-linear-gradient(top, #ffffff 0%,#f2f2f2 100%);\n      filter: progid:DXImageTransform.Microsoft.gradient( startColorstr=\'\'\'\'#ffffff\'\'\'\', endColorstr=\'\'\'\'#f2f2f2\'\'\'\',GradientType=0 ); \n      min-height: 70px;\">\n      <table cellspacing=\"0\" cellpadding=\"0\" width=\"700\">\n         <tbody>\n            <tr>\n               <td  valign=\"top\" style=\"padding:14px 0 0 10px; width: 110px; min-height: 37px;\">\n                  <a style=\"color: #0981be;\" title=\"##SITE_NAME##\" href=\"#\" target=\"_blank\"></a>\n                  <a style=\"color: #0981be;\" title=\"##SITE_NAME##\" href=\"##SITE_URL##\" target=\"_blank\">\n                  <img style=\"padding-right: 15px; border: 0px 1px 0px 0px none solid none none -moz-use-text-color #333333 -moz-use-text-color -moz-use-text-color;\" alt=\"[Image: ##SITE_NAME##]\" src=\"##SITE_URL##/images/logo.png\" />\n                  </a>\n               </td>\n            </tr>\n         </tbody>\n      </table>\n   </div>\n   <div style=\" padding: 20px; background-repeat: no-repeat; background-color: #ffffff; box-shadow: 0 0 7px rgba(0, 0, 0, 0.067);\">\n      <table style=\"background-color: #ffffff;\" width=\"100%\">\n         <tbody>\n            <tr>\n               <td style=\"padding: 20px 30px 5px;\">\n                  <p style=\"color: #545454; font-size: 18px;\">Dear ##USERNAME##,</p>\n                  <table border=\"0\" width=\"100%\">\n                     <tbody>\n                        <tr>\n                           <td>\n                              <div class=\"col-sm-9\">\n                                 <div class=\"clsShopPreviCart no-mar\">\n                                    <p class=\"dc clsPreHead textb\">Your account has been activated.<br></p>\n                                    <div class=\"clsCardInnBg\"> </div>\n                                 </div>\n                              </div>\n                           </td>\n			\n                        <tr>\n                           <td>&nbsp;</td>\n                        </tr>\n						</tr>\n                     </tbody>\n                  </table>\n                  <table style=\"background-color: #ffffff;\" width=\"100%\">\n                     <tbody>\n                        <tr>\n                           <td>\n                              <div style=\"border-top: 1px solid #d6d6d6; padding: 15px 30px 25px; margin: 0pt 30px;\">\n                                 <h4 style=\" font-size: 22px; font-weight: bold; text-align: center; margin: 0pt 0pt 5px; line-height: 26px; color: #30BCEF;\">Thanks,</h4>\n                                 <h5 style=\" color: #545454; line-height: 20px; text-align: center; margin: 0pt; font-size: 16px;\">##SITE_NAME## - <a style=\"color: #30BCEF;\" title=\"##SITE_NAME## - Collective Buying Power\" href=\"##SITE_URL##\" target=\"_blank\">##SITE_URL##</a></h5>\n                              </div>\n                           </td>\n                        </tr>\n                     </tbody>\n                  </table>\n               </td>\n            </tr>\n         </tbody>\n      </table>\n      <table style=\"margin-top: 2px; background-color: #f5f5f5;\" width=\"100%\">\n         <tbody>\n            <tr>\n               <td>\n                  <p style=\" color: #000; font-size: 12px; text-align: center; line-height: 16px; margin: 10px;\">Need help? Have feedback? Feel free to <a style=\"color: #30BCEF;\" title=\"Contact ##SITE_NAME##\" href=\"##SITE_URL##/contactus\" target=\"_blank\">Contact Us</a></p>\n               </td>\n            </tr>\n         </tbody>\n      </table>\n   </div>\n   <table cellspacing=\"0\" cellpadding=\"0\" width=\"720px\">\n      <tbody>\n         <tr>\n            <td align=\"center\">\n               <p style=\"font-size: 11px; color: #929292; margin: 3px; padding-top: 10px;\">Delivered by <a style=\"color: #30BCEF;\" title=\"##SITE_NAME##\" href=\"##SITE_URL##\" target=\"_blank\">##SITE_NAME##</a></p>\n            </td>\n         </tr>\n      </tbody>\n   </table>\n</div>',	'',	'##FROM_EMAIL##',	'We will send this mail to user, when user active by administrator.',	'##REPLY_TO_EMAIL##',	NULL),
(7,	'2016-05-13 00:08:27',	'2016-05-13 00:08:27',	'Admin User Deactivate',	'Your ##SITE_NAME## account has been deactivated',	'<link href=\"http://fonts.googleapis.com/css?family=Open+Sans\" rel=\"stylesheet\" type=\"text/css\" />\n<div style=\"margin: 5px 0pt; padding: 20px; width: 700px; font-family: Open Sans,sans-serif; background-color: #f2f2f2; background-repeat: no-repeat;-webkit-border-radius: 10px;\n   -moz-border-radius: 10px;\n   border-radius: 10px;\">\n   <div style=\"border-bottom: 1px solid #ccc; margin: 0pt; background: -moz-linear-gradient(top, #ffffff 0%, #f2f2f2 100%);\n      background: -webkit-linear-gradient(top, #ffffff 0%,#f2f2f2 100%);\n      background: -o-linear-gradient(top, #ffffff 0%,#f2f2f2 100%);\n      background: -ms-linear-gradient(top, #ffffff 0%,#f2f2f2 100%);\n      filter: progid:DXImageTransform.Microsoft.gradient( startColorstr=\'\'\'\'#ffffff\'\'\'\', endColorstr=\'\'\'\'#f2f2f2\'\'\'\',GradientType=0 ); \n      min-height: 70px;\">\n      <table cellspacing=\"0\" cellpadding=\"0\" width=\"700\">\n         <tbody>\n            <tr>\n               <td  valign=\"top\" style=\"padding:14px 0 0 10px; width: 110px; min-height: 37px;\">\n                  <a style=\"color: #0981be;\" title=\"##SITE_NAME##\" href=\"#\" target=\"_blank\"></a>\n                  <a style=\"color: #0981be;\" title=\"##SITE_NAME##\" href=\"##SITE_URL##\" target=\"_blank\">\n                  <img style=\"padding-right: 15px; border: 0px 1px 0px 0px none solid none none -moz-use-text-color #333333 -moz-use-text-color -moz-use-text-color;\" alt=\"[Image: ##SITE_NAME##]\" src=\"##SITE_URL##/images/logo.png\" />\n                  </a>\n               </td>\n            </tr>\n         </tbody>\n      </table>\n   </div>\n   <div style=\" padding: 20px; background-repeat: no-repeat; background-color: #ffffff; box-shadow: 0 0 7px rgba(0, 0, 0, 0.067);\">\n      <table style=\"background-color: #ffffff;\" width=\"100%\">\n         <tbody>\n            <tr>\n               <td style=\"padding: 20px 30px 5px;\">\n                  <p style=\"color: #545454; font-size: 18px;\">Dear ##USERNAME##,</p>\n                  <table border=\"0\" width=\"100%\">\n                     <tbody>\n                        <tr>\n                           <td>\n                              <div class=\"col-sm-9\">\n                                 <div class=\"clsShopPreviCart no-mar\">\n                                    <p class=\"dc clsPreHead textb\">Your ##SITE_NAME## account has been deactivated.<br></p>\n                                    <div class=\"clsCardInnBg\"> </div>\n                                 </div>\n                              </div>\n                           </td>\n			\n                        <tr>\n                           <td>&nbsp;</td>\n                        </tr>\n						</tr>\n                     </tbody>\n                  </table>\n                  <table style=\"background-color: #ffffff;\" width=\"100%\">\n                     <tbody>\n                        <tr>\n                           <td>\n                              <div style=\"border-top: 1px solid #d6d6d6; padding: 15px 30px 25px; margin: 0pt 30px;\">\n                                 <h4 style=\" font-size: 22px; font-weight: bold; text-align: center; margin: 0pt 0pt 5px; line-height: 26px; color: #30BCEF;\">Thanks,</h4>\n                                 <h5 style=\" color: #545454; line-height: 20px; text-align: center; margin: 0pt; font-size: 16px;\">##SITE_NAME## - <a style=\"color: #30BCEF;\" title=\"##SITE_NAME## - Collective Buying Power\" href=\"##SITE_URL##\" target=\"_blank\">##SITE_URL##</a></h5>\n                              </div>\n                           </td>\n                        </tr>\n                     </tbody>\n                  </table>\n               </td>\n            </tr>\n         </tbody>\n      </table>\n      <table style=\"margin-top: 2px; background-color: #f5f5f5;\" width=\"100%\">\n         <tbody>\n            <tr>\n               <td>\n                  <p style=\" color: #000; font-size: 12px; text-align: center; line-height: 16px; margin: 10px;\">Need help? Have feedback? Feel free to <a style=\"color: #30BCEF;\" title=\"Contact ##SITE_NAME##\" href=\"##SITE_URL##/contactus\" target=\"_blank\">Contact Us</a></p>\n               </td>\n            </tr>\n         </tbody>\n      </table>\n   </div>\n   <table cellspacing=\"0\" cellpadding=\"0\" width=\"720px\">\n      <tbody>\n         <tr>\n            <td align=\"center\">\n               <p style=\"font-size: 11px; color: #929292; margin: 3px; padding-top: 10px;\">Delivered by <a style=\"color: #30BCEF;\" title=\"##SITE_NAME##\" href=\"##SITE_URL##\" target=\"_blank\">##SITE_NAME##</a></p>\n            </td>\n         </tr>\n      </tbody>\n   </table>\n</div>\n',	'',	'##FROM_EMAIL##',	'We will send this mail to user, when user active by administrator.',	'##REPLY_TO_EMAIL##',	NULL),
(8,	'2016-05-13 00:08:27',	'2016-05-13 00:08:27',	'Admin User Delete',	'Your ##SITE_NAME## account has been removed',	'<link href=\"http://fonts.googleapis.com/css?family=Open+Sans\" rel=\"stylesheet\" type=\"text/css\" />\n<div style=\"margin: 5px 0pt; padding: 20px; width: 700px; font-family: Open Sans,sans-serif; background-color: #f2f2f2; background-repeat: no-repeat;-webkit-border-radius: 10px;\n   -moz-border-radius: 10px;\n   border-radius: 10px;\">\n   <div style=\"border-bottom: 1px solid #ccc; margin: 0pt; background: -moz-linear-gradient(top, #ffffff 0%, #f2f2f2 100%);\n      background: -webkit-linear-gradient(top, #ffffff 0%,#f2f2f2 100%);\n      background: -o-linear-gradient(top, #ffffff 0%,#f2f2f2 100%);\n      background: -ms-linear-gradient(top, #ffffff 0%,#f2f2f2 100%);\n      filter: progid:DXImageTransform.Microsoft.gradient( startColorstr=\'\'\'\'#ffffff\'\'\'\', endColorstr=\'\'\'\'#f2f2f2\'\'\'\',GradientType=0 ); \n      min-height: 70px;\">\n      <table cellspacing=\"0\" cellpadding=\"0\" width=\"700\">\n         <tbody>\n            <tr>\n               <td  valign=\"top\" style=\"padding:14px 0 0 10px; width: 110px; min-height: 37px;\">\n                  <a style=\"color: #0981be;\" title=\"##SITE_NAME##\" href=\"#\" target=\"_blank\"></a>\n                  <a style=\"color: #0981be;\" title=\"##SITE_NAME##\" href=\"##SITE_URL##\" target=\"_blank\">\n                  <img style=\"padding-right: 15px; border: 0px 1px 0px 0px none solid none none -moz-use-text-color #333333 -moz-use-text-color -moz-use-text-color;\" alt=\"[Image: ##SITE_NAME##]\" src=\"##SITE_URL##/images/logo.png\" />\n                  </a>\n               </td>\n            </tr>\n         </tbody>\n      </table>\n   </div>\n   <div style=\" padding: 20px; background-repeat: no-repeat; background-color: #ffffff; box-shadow: 0 0 7px rgba(0, 0, 0, 0.067);\">\n      <table style=\"background-color: #ffffff;\" width=\"100%\">\n         <tbody>\n            <tr>\n               <td style=\"padding: 20px 30px 5px;\">\n                  <p style=\"color: #545454; font-size: 18px;\">Dear ##USERNAME##,</p>\n                  <table border=\"0\" width=\"100%\">\n                     <tbody>\n                        <tr>\n                           <td>\n                              <div class=\"col-sm-9\">\n                                 <div class=\"clsShopPreviCart no-mar\">\n                                    <p class=\"dc clsPreHead textb\">Your ##SITE_NAME## account has been removed.<br></p>\n                                    <div class=\"clsCardInnBg\"> </div>\n                                 </div>\n                              </div>\n                           </td>\n			\n                        <tr>\n                           <td>&nbsp;</td>\n                        </tr>\n						</tr>\n                     </tbody>\n                  </table>\n                  <table style=\"background-color: #ffffff;\" width=\"100%\">\n                     <tbody>\n                        <tr>\n                           <td>\n                              <div style=\"border-top: 1px solid #d6d6d6; padding: 15px 30px 25px; margin: 0pt 30px;\">\n                                 <h4 style=\" font-size: 22px; font-weight: bold; text-align: center; margin: 0pt 0pt 5px; line-height: 26px; color: #30BCEF;\">Thanks,</h4>\n                                 <h5 style=\" color: #545454; line-height: 20px; text-align: center; margin: 0pt; font-size: 16px;\">##SITE_NAME## - <a style=\"color: #30BCEF;\" title=\"##SITE_NAME## - Collective Buying Power\" href=\"##SITE_URL##\" target=\"_blank\">##SITE_URL##</a></h5>\n                              </div>\n                           </td>\n                        </tr>\n                     </tbody>\n                  </table>\n               </td>\n            </tr>\n         </tbody>\n      </table>\n      <table style=\"margin-top: 2px; background-color: #f5f5f5;\" width=\"100%\">\n         <tbody>\n            <tr>\n               <td>\n                  <p style=\" color: #000; font-size: 12px; text-align: center; line-height: 16px; margin: 10px;\">Need help? Have feedback? Feel free to <a style=\"color: #30BCEF;\" title=\"Contact ##SITE_NAME##\" href=\"##SITE_URL##/contactus\" target=\"_blank\">Contact Us</a></p>\n               </td>\n            </tr>\n         </tbody>\n      </table>\n   </div>\n   <table cellspacing=\"0\" cellpadding=\"0\" width=\"720px\">\n      <tbody>\n         <tr>\n            <td align=\"center\">\n               <p style=\"font-size: 11px; color: #929292; margin: 3px; padding-top: 10px;\">Delivered by <a style=\"color: #30BCEF;\" title=\"##SITE_NAME##\" href=\"##SITE_URL##\" target=\"_blank\">##SITE_NAME##</a></p>\n            </td>\n         </tr>\n      </tbody>\n   </table>\n</div>',	'',	'##FROM_EMAIL##',	'We will send this mail to user, when user delete by administrator.',	'##REPLY_TO_EMAIL##',	NULL),
(9,	'2016-05-13 00:08:27',	'2016-05-13 00:08:27',	'Admin Change Password',	'Password changed',	'<link href=\"http://fonts.googleapis.com/css?family=Open+Sans\" rel=\"stylesheet\" type=\"text/css\" />\n<div style=\"margin: 5px 0pt; padding: 20px; width: 700px; font-family: Open Sans,sans-serif; background-color: #f2f2f2; background-repeat: no-repeat;-webkit-border-radius: 10px;\n   -moz-border-radius: 10px;\n   border-radius: 10px;\">\n   <div style=\"border-bottom: 1px solid #ccc; margin: 0pt; background: -moz-linear-gradient(top, #ffffff 0%, #f2f2f2 100%);\n      background: -webkit-linear-gradient(top, #ffffff 0%,#f2f2f2 100%);\n      background: -o-linear-gradient(top, #ffffff 0%,#f2f2f2 100%);\n      background: -ms-linear-gradient(top, #ffffff 0%,#f2f2f2 100%);\n      filter: progid:DXImageTransform.Microsoft.gradient( startColorstr=\'\'\'\'#ffffff\'\'\'\', endColorstr=\'\'\'\'#f2f2f2\'\'\'\',GradientType=0 ); \n      min-height: 70px;\">\n      <table cellspacing=\"0\" cellpadding=\"0\" width=\"700\">\n         <tbody>\n            <tr>\n               <td  valign=\"top\" style=\"padding:14px 0 0 10px; width: 110px; min-height: 37px;\">\n                  <a style=\"color: #0981be;\" title=\"##SITE_NAME##\" href=\"#\" target=\"_blank\"></a>\n                  <a style=\"color: #0981be;\" title=\"##SITE_NAME##\" href=\"##SITE_URL##\" target=\"_blank\">\n                  <img style=\"padding-right: 15px; border: 0px 1px 0px 0px none solid none none -moz-use-text-color #333333 -moz-use-text-color -moz-use-text-color;\" alt=\"[Image: ##SITE_NAME##]\" src=\"##SITE_URL##/images/logo.png\" />\n                  </a>\n               </td>\n            </tr>\n         </tbody>\n      </table>\n   </div>\n   <div style=\" padding: 20px; background-repeat: no-repeat; background-color: #ffffff; box-shadow: 0 0 7px rgba(0, 0, 0, 0.067);\">\n      <table style=\"background-color: #ffffff;\" width=\"100%\">\n         <tbody>\n            <tr>\n               <td style=\"padding: 20px 30px 5px;\">\n                  <p style=\"color: #545454; font-size: 18px;\">Dear ##USERNAME##,</p>\n                  <table border=\"0\" width=\"100%\">\n                     <tbody>\n                        <tr>\n                           <td>\n                              <div class=\"col-sm-9\">\n                                 <div class=\"clsShopPreviCart no-mar\">\n                                    <p class=\"dc clsPreHead textb\">Admin reset your password for your  ##SITE_NAME## account.<br></p>\n                                    <table border=\"0\" width=\"100%\">\n                                       <p class=\"dc clsPreHead textb\">\n										<tr>\n										   <td>Your new password:</td>\n										   <td>##PASSWORD##</td> \n									   </tr>\n									   </p>\n									   <tr></tr>                                           \n                                    </table>\n                                    <div class=\"clsCardInnBg\"> </div>\n                                 </div>\n                              </div>\n                           </td>\n			\n                        <tr>\n                           <td>&nbsp;</td>\n                        </tr>\n						</tr>\n                     </tbody>\n                  </table>\n                  <table style=\"background-color: #ffffff;\" width=\"100%\">\n                     <tbody>\n                        <tr>\n                           <td>\n                              <div style=\"border-top: 1px solid #d6d6d6; padding: 15px 30px 25px; margin: 0pt 30px;\">\n                                 <h4 style=\" font-size: 22px; font-weight: bold; text-align: center; margin: 0pt 0pt 5px; line-height: 26px; color: #30BCEF;\">Thanks,</h4>\n                                 <h5 style=\" color: #545454; line-height: 20px; text-align: center; margin: 0pt; font-size: 16px;\">##SITE_NAME## - <a style=\"color: #30BCEF;\" title=\"##SITE_NAME## - Collective Buying Power\" href=\"##SITE_URL##\" target=\"_blank\">##SITE_URL##</a></h5>\n                              </div>\n                           </td>\n                        </tr>\n                     </tbody>\n                  </table>\n               </td>\n            </tr>\n         </tbody>\n      </table>\n      <table style=\"margin-top: 2px; background-color: #f5f5f5;\" width=\"100%\">\n         <tbody>\n            <tr>\n               <td>\n                  <p style=\" color: #000; font-size: 12px; text-align: center; line-height: 16px; margin: 10px;\">Need help? Have feedback? Feel free to <a style=\"color: #30BCEF;\" title=\"Contact ##SITE_NAME##\" href=\"##SITE_URL##/contactus\" target=\"_blank\">Contact Us</a></p>\n               </td>\n            </tr>\n         </tbody>\n      </table>\n   </div>\n   <table cellspacing=\"0\" cellpadding=\"0\" width=\"720px\">\n      <tbody>\n         <tr>\n            <td align=\"center\">\n               <p style=\"font-size: 11px; color: #929292; margin: 3px; padding-top: 10px;\">Delivered by <a style=\"color: #30BCEF;\" title=\"##SITE_NAME##\" href=\"##SITE_URL##\" target=\"_blank\">##SITE_NAME##</a></p>\n            </td>\n         </tr>\n      </tbody>\n   </table>\n</div>',	'',	'##FROM_EMAIL##',	'we will send this mail to user, when admin change user\'s password.',	'##REPLY_TO_EMAIL##',	NULL),
(10,	'2016-05-13 00:08:27',	'2016-05-13 00:08:27',	'Contact Us',	'[##SITE_NAME##] ##SUBJECT##',	'<link href=\"http://fonts.googleapis.com/css?family=Open+Sans\" rel=\"stylesheet\" type=\"text/css\" />\n<div style=\"margin: 5px 0pt; padding: 20px; width: 700px; font-family: Open Sans,sans-serif; background-color: #f2f2f2; background-repeat: no-repeat;-webkit-border-radius: 10px;\n   -moz-border-radius: 10px;\n   border-radius: 10px;\">\n   <div style=\"border-bottom: 1px solid #ccc; margin: 0pt; background: -moz-linear-gradient(top, #ffffff 0%, #f2f2f2 100%);\n      background: -webkit-linear-gradient(top, #ffffff 0%,#f2f2f2 100%);\n      background: -o-linear-gradient(top, #ffffff 0%,#f2f2f2 100%);\n      background: -ms-linear-gradient(top, #ffffff 0%,#f2f2f2 100%);\n      filter: progid:DXImageTransform.Microsoft.gradient( startColorstr=\'\'\'\'#ffffff\'\'\'\', endColorstr=\'\'\'\'#f2f2f2\'\'\'\',GradientType=0 ); \n      min-height: 70px;\">\n      <table cellspacing=\"0\" cellpadding=\"0\" width=\"700\">\n         <tbody>\n            <tr>\n               <td  valign=\"top\" style=\"padding:14px 0 0 10px; width: 110px; min-height: 37px;\">\n                  <a style=\"color: #0981be;\" title=\"##SITE_NAME##\" href=\"#\" target=\"_blank\"></a>\n                  <a style=\"color: #0981be;\" title=\"##SITE_NAME##\" href=\"##SITE_URL##\" target=\"_blank\">\n                  <img style=\"padding-right: 15px; border: 0px 1px 0px 0px none solid none none -moz-use-text-color #333333 -moz-use-text-color -moz-use-text-color;\" alt=\"[Image: ##SITE_NAME##]\" src=\"##SITE_URL##/images/logo.png\" />\n                  </a>\n               </td>\n            </tr>\n         </tbody>\n      </table>\n   </div>\n   <div style=\" padding: 20px; background-repeat: no-repeat; background-color: #ffffff; box-shadow: 0 0 7px rgba(0, 0, 0, 0.067);\">\n      <table style=\"background-color: #ffffff;\" width=\"100%\">\n         <tbody>\n            <tr>\n               <td style=\"padding: 20px 30px 5px;\">\n                  <p style=\"color: #545454; font-size: 18px;\">Dear Admin,</p>\n                  <table border=\"0\" width=\"100%\">\n                     <tbody>\n                        <tr>\n                           <td>\n                              <div class=\"col-sm-9\">\n                                 <div class=\"clsShopPreviCart no-mar\">\n                                    <p class=\"dc clsPreHead textb\">##MESSAGE##<br></p>\n                                    <table border=\"0\" width=\"100%\">\n                                       <p class=\"dc clsPreHead textb\">\n										<tr>\n										   <td>Telephone:</td>\n										   <td>##TELEPHONE##</td> \n									   </tr>\n									   <tr>\n										   <td>IP:</td>\n										   <td>##IP##</td> \n									   </tr>\n									   <tr>\n										   <td>Whois:</td>\n										   <td>http://whois.sc/##IP##</td> \n									   </tr>\n									   <tr>\n										   <td>URL:</td>\n										   <td>##FROM_URL##</td> \n									   </tr>\n									   </p>\n									   <tr></tr>                                           \n                                    </table>\n                                    <div class=\"clsCardInnBg\"> </div>\n                                 </div>\n                              </div>\n                           </td>\n			\n                        <tr>\n                           <td>&nbsp;</td>\n                        </tr>\n						</tr>\n                     </tbody>\n                  </table>\n                  <table style=\"background-color: #ffffff;\" width=\"100%\">\n                     <tbody>\n                        <tr>\n                           <td>\n                              <div style=\"border-top: 1px solid #d6d6d6; padding: 15px 30px 25px; margin: 0pt 30px;\">\n                                 <h4 style=\" font-size: 22px; font-weight: bold; text-align: center; margin: 0pt 0pt 5px; line-height: 26px; color: #30BCEF;\">Thanks,</h4>\n                                 <h5 style=\" color: #545454; line-height: 20px; text-align: center; margin: 0pt; font-size: 16px;\">##SITE_NAME## - <a style=\"color: #30BCEF;\" title=\"##SITE_NAME## - Collective Buying Power\" href=\"##SITE_URL##\" target=\"_blank\">##SITE_URL##</a></h5>\n                              </div>\n                           </td>\n                        </tr>\n                     </tbody>\n                  </table>\n               </td>\n            </tr>\n         </tbody>\n      </table>\n      <table style=\"margin-top: 2px; background-color: #f5f5f5;\" width=\"100%\">\n         <tbody>\n            <tr>\n               <td>\n                  <p style=\" color: #000; font-size: 12px; text-align: center; line-height: 16px; margin: 10px;\">Need help? Have feedback? Feel free to <a style=\"color: #30BCEF;\" title=\"Contact ##SITE_NAME##\" href=\"##SITE_URL##/contactus\" target=\"_blank\">Contact Us</a></p>\n               </td>\n            </tr>\n         </tbody>\n      </table>\n   </div>\n   <table cellspacing=\"0\" cellpadding=\"0\" width=\"720px\">\n      <tbody>\n         <tr>\n            <td align=\"center\">\n               <p style=\"font-size: 11px; color: #929292; margin: 3px; padding-top: 10px;\">Delivered by <a style=\"color: #30BCEF;\" title=\"##SITE_NAME##\" href=\"##SITE_URL##\" target=\"_blank\">##SITE_NAME##</a></p>\n            </td>\n         </tr>\n      </tbody>\n   </table>\n</div>',	'',	'##FROM_EMAIL##',	'We will send this mail to admin, when user submit any contact form.',	'##REPLY_TO_EMAIL##',	NULL),
(11,	'2016-05-13 00:08:27',	'2016-05-13 00:08:27',	'Contact Us Auto Reply',	'[##SITE_NAME##] RE: ##SUBJECT##',	'<link href=\"http://fonts.googleapis.com/css?family=Open+Sans\" rel=\"stylesheet\" type=\"text/css\" />\n<div style=\"margin: 5px 0pt; padding: 20px; width: 700px; font-family: Open Sans,sans-serif; background-color: #f2f2f2; background-repeat: no-repeat;-webkit-border-radius: 10px;\n   -moz-border-radius: 10px;\n   border-radius: 10px;\">\n   <div style=\"border-bottom: 1px solid #ccc; margin: 0pt; background: -moz-linear-gradient(top, #ffffff 0%, #f2f2f2 100%);\n      background: -webkit-linear-gradient(top, #ffffff 0%,#f2f2f2 100%);\n      background: -o-linear-gradient(top, #ffffff 0%,#f2f2f2 100%);\n      background: -ms-linear-gradient(top, #ffffff 0%,#f2f2f2 100%);\n      filter: progid:DXImageTransform.Microsoft.gradient( startColorstr=\'\'\'\'#ffffff\'\'\'\', endColorstr=\'\'\'\'#f2f2f2\'\'\'\',GradientType=0 ); \n      min-height: 70px;\">\n      <table cellspacing=\"0\" cellpadding=\"0\" width=\"700\">\n         <tbody>\n            <tr>\n               <td  valign=\"top\" style=\"padding:14px 0 0 10px; width: 110px; min-height: 37px;\">\n                  <a style=\"color: #0981be;\" title=\"##SITE_NAME##\" href=\"#\" target=\"_blank\"></a>\n                  <a style=\"color: #0981be;\" title=\"##SITE_NAME##\" href=\"##SITE_URL##\" target=\"_blank\">\n                  <img style=\"padding-right: 15px; border: 0px 1px 0px 0px none solid none none -moz-use-text-color #333333 -moz-use-text-color -moz-use-text-color;\" alt=\"[Image: ##SITE_NAME##]\" src=\"##SITE_URL##/images/logo.png\" />\n                  </a>\n               </td>\n            </tr>\n         </tbody>\n      </table>\n   </div>\n   <div style=\" padding: 20px; background-repeat: no-repeat; background-color: #ffffff; box-shadow: 0 0 7px rgba(0, 0, 0, 0.067);\">\n      <table style=\"background-color: #ffffff;\" width=\"100%\">\n         <tbody>\n            <tr>\n               <td style=\"padding: 20px 30px 5px;\">\n                  <p style=\"color: #545454; font-size: 18px;\">Dear ##USERNAME##,</p>\n                  <table border=\"0\" width=\"100%\">\n                     <tbody>\n                        <tr>\n                           <td>\n                              <div class=\"col-sm-9\">\n                                 <div class=\"clsShopPreviCart no-mar\">\n                                    <p class=\"dc clsPreHead textb\">Thanks for contacting us. We\'ll get back to you shortly.<br></p>\n                                    <p class=\"dc clsPreHead textb\">Please do not reply to this automated response. If you have not contacted us and if you feel this is an error, please contact us through our site ##CONTACT_EMAIL##<br></p>\n                                    <div class=\"clsCardInnBg\"> </div>\n                                 </div>\n								 <div class=\"clsShopPreviCart no-mar\">\n                                    <p class=\"dc clsPreHead textb\">------ you wrote -----<br></p>\n                                    <p class=\"dc clsPreHead textb\">##MESSAGE##<br></p>\n                                    <div class=\"clsCardInnBg\"> </div>\n                                 </div>\n                              </div>\n                           </td>\n			\n                        <tr>\n                           <td>&nbsp;</td>\n                        </tr>\n						</tr>\n                     </tbody>\n                  </table>\n                  <table style=\"background-color: #ffffff;\" width=\"100%\">\n                     <tbody>\n                        <tr>\n                           <td>\n                              <div style=\"border-top: 1px solid #d6d6d6; padding: 15px 30px 25px; margin: 0pt 30px;\">\n                                 <h4 style=\" font-size: 22px; font-weight: bold; text-align: center; margin: 0pt 0pt 5px; line-height: 26px; color: #30BCEF;\">Thanks,</h4>\n                                 <h5 style=\" color: #545454; line-height: 20px; text-align: center; margin: 0pt; font-size: 16px;\">##SITE_NAME## - <a style=\"color: #30BCEF;\" title=\"##SITE_NAME## - Collective Buying Power\" href=\"##SITE_URL##\" target=\"_blank\">##SITE_URL##</a></h5>\n                              </div>\n                           </td>\n                        </tr>\n                     </tbody>\n                  </table>\n               </td>\n            </tr>\n         </tbody>\n      </table>\n      <table style=\"margin-top: 2px; background-color: #f5f5f5;\" width=\"100%\">\n         <tbody>\n            <tr>\n               <td>\n                  <p style=\" color: #000; font-size: 12px; text-align: center; line-height: 16px; margin: 10px;\">Need help? Have feedback? Feel free to <a style=\"color: #30BCEF;\" title=\"Contact ##SITE_NAME##\" href=\"##SITE_URL##/contactus\" target=\"_blank\">Contact Us</a></p>\n               </td>\n            </tr>\n         </tbody>\n      </table>\n   </div>\n   <table cellspacing=\"0\" cellpadding=\"0\" width=\"720px\">\n      <tbody>\n         <tr>\n            <td align=\"center\">\n               <p style=\"font-size: 11px; color: #929292; margin: 3px; padding-top: 10px;\">Delivered by <a style=\"color: #30BCEF;\" title=\"##SITE_NAME##\" href=\"##SITE_URL##\" target=\"_blank\">##SITE_NAME##</a></p>\n            </td>\n         </tr>\n      </tbody>\n   </table>\n</div>',	'',	'##CONTACT_FROM_EMAIL##',	'we will send this mail to user, when user submit the contact us form.',	'',	NULL),
(27,	'2017-09-28 04:50:34',	'2017-09-28 04:50:34',	'Invite Friends',	'Invitation by  ##INVITED_USER_NAME##',	'<link href=\"http://fonts.googleapis.com/css?family=Open+Sans\" rel=\"stylesheet\" type=\"text/css\" />\n<div style=\"margin: 5px 0pt; padding: 20px; width: 700px; font-family: Open Sans,sans-serif; background-color: #f2f2f2; background-repeat: no-repeat;-webkit-border-radius: 10px;\n   -moz-border-radius: 10px;\n   border-radius: 10px;\">\n   <div style=\"border-bottom: 1px solid #ccc; margin: 0pt; background: -moz-linear-gradient(top, #ffffff 0%, #f2f2f2 100%);\n      background: -webkit-linear-gradient(top, #ffffff 0%,#f2f2f2 100%);\n      background: -o-linear-gradient(top, #ffffff 0%,#f2f2f2 100%);\n      background: -ms-linear-gradient(top, #ffffff 0%,#f2f2f2 100%);\n      filter: progid:DXImageTransform.Microsoft.gradient( startColorstr=\'\'#ffffff\'\', endColorstr=\'\'#f2f2f2\'\',GradientType=0 ); \n      min-height: 70px;\">\n      <table cellspacing=\"0\" cellpadding=\"0\" width=\"700\">\n         <tbody>\n            <tr>\n               <td  valign=\"top\" style=\"padding:14px 0 0 10px; width: 110px; min-height: 37px;\">\n                  <a style=\"color: #0981be;\" title=\"##SITE_NAME##\" href=\"#\" target=\"_blank\"></a>\n                  <a style=\"color: #0981be;\" title=\"##SITE_NAME##\" href=\"##SITE_URL##\" target=\"_blank\">\n                  <img style=\"padding-right: 15px; border: 0px 1px 0px 0px none solid none none -moz-use-text-color #333333 -moz-use-text-color -moz-use-text-color;\" alt=\"[Image: ##SITE_NAME##]\" src=\"##SITE_URL##/images/logo.png\" />\n                  </a>\n               </td>\n            </tr>\n         </tbody>\n      </table>\n   </div>\n   <div style=\" padding: 20px; background-repeat: no-repeat; background-color: #ffffff; box-shadow: 0 0 7px rgba(0, 0, 0, 0.067);\">\n      <table style=\"background-color: #ffffff;\" width=\"100%\">\n         <tbody>\n            <tr>\n               <td style=\"padding: 20px 30px 5px;\">\n                  <p style=\"color: #545454; font-size: 18px;\">Hi ##NAME##,</p>\n                  <table border=\"0\" width=\"100%\">\n                     <tbody>\n                        <tr>\n                           <td>\n                              <div class=\"col-sm-9\">\n                                 <div class=\"clsShopPreviCart no-mar\">\n                                    ##MESSAGE##\n                                    <div class=\"clsCardInnBg\"> </div>\n                                 </div>\n                              </div>\n                           </td>\n                        <tr>\n                           <td>&nbsp;</td>\n                        </tr>\n						</tr>\n                     </tbody>\n                  </table>\n                  Use my personal link to get the credit: ##INVITE_URL##\n                  <br/><br/><br/>\n                  Regards, <br/>\n                  ##INVITED_USER_NAME##\n\n                  <table style=\"background-color: #ffffff;\" width=\"100%\">\n                     <tbody>\n                        <tr>\n                           <td>\n                              <div style=\"border-top: 1px solid #d6d6d6; padding: 15px 30px 25px; margin: 0pt 30px;\">\n                                 <h4 style=\" font-size: 22px; font-weight: bold; text-align: center; margin: 0pt 0pt 5px; line-height: 26px; color: #30BCEF;\">Thanks,</h4>\n                                 <h5 style=\" color: #545454; line-height: 20px; text-align: center; margin: 0pt; font-size: 16px;\">##SITE_NAME## - <a style=\"color: #30BCEF;\" title=\"##SITE_NAME## - Collective Buying Power\" href=\"##SITE_URL##\" target=\"_blank\">##SITE_URL##</a></h5>\n                              </div>\n                           </td>\n                        </tr>\n                     </tbody>\n                  </table>\n               </td>\n            </tr>\n         </tbody>\n      </table>\n      <table style=\"margin-top: 2px; background-color: #f5f5f5;\" width=\"100%\">\n         <tbody>\n            <tr>\n               <td>\n                  <p style=\" color: #000; font-size: 12px; text-align: center; line-height: 16px; margin: 10px;\">Need help? Have feedback? Feel free to <a style=\"color: #30BCEF;\" title=\"Contact ##SITE_NAME##\" href=\"##SITE_URL##/contactus\" target=\"_blank\">Contact Us</a></p>\n               </td>\n            </tr>\n         </tbody>\n      </table>\n   </div>\n   <table cellspacing=\"0\" cellpadding=\"0\" width=\"720px\">\n      <tbody>\n         <tr>\n            <td align=\"center\">\n               <p style=\"font-size: 11px; color: #929292; margin: 3px; padding-top: 10px;\">Delivered by <a style=\"color: #30BCEF;\" title=\"##SITE_NAME##\" href=\"##SITE_URL##\" target=\"_blank\">##SITE_NAME##</a></p>\n            </td>\n         </tr>\n      </tbody>\n   </table>\n</div>',	'',	'##FROM_EMAIL##',	'we will send this mail, when user invites',	'##REPLY_TO_EMAIL##',	'Referral/Referral'),
(28,	'2017-11-14 07:59:31',	'2017-11-14 07:59:31',	'New Message',	'##USERNAME## sent you a message on ##SITE_NAME##...',	'<link href=\"http://fonts.googleapis.com/css?family=Open+Sans\" rel=\"stylesheet\" type=\"text/css\" />\n<div style=\"margin: 5px 0pt; padding: 20px; width: 700px; font-family: Open Sans,sans-serif; background-color: #f2f2f2; background-repeat: no-repeat;-webkit-border-radius: 10px;\n   -moz-border-radius: 10px;\n   border-radius: 10px;\">\n   <div style=\"border-bottom: 1px solid #ccc; margin: 0pt; background: -moz-linear-gradient(top, #ffffff 0%, #f2f2f2 100%);\n      background: -webkit-linear-gradient(top, #ffffff 0%,#f2f2f2 100%);\n      background: -o-linear-gradient(top, #ffffff 0%,#f2f2f2 100%);\n      background: -ms-linear-gradient(top, #ffffff 0%,#f2f2f2 100%);\n      filter: progid:DXImageTransform.Microsoft.gradient( startColorstr=\'\'#ffffff\'\', endColorstr=\'\'#f2f2f2\'\',GradientType=0 ); \n      min-height: 70px;\">\n      <table cellspacing=\"0\" cellpadding=\"0\" width=\"700\">\n         <tbody>\n            <tr>\n               <td  valign=\"top\" style=\"padding:14px 0 0 10px; width: 110px; min-height: 37px;\">\n                  <a style=\"color: #0981be;\" title=\"##SITE_NAME##\" href=\"#\" target=\"_blank\"></a>\n                  <a style=\"color: #0981be;\" title=\"##SITE_NAME##\" href=\"##SITE_URL##\" target=\"_blank\">\n                  <img style=\"padding-right: 15px; border: 0px 1px 0px 0px none solid none none -moz-use-text-color #333333 -moz-use-text-color -moz-use-text-color;\" alt=\"[Image: ##SITE_NAME##]\" src=\"##SITE_URL##/images/logo.png\" />\n                  </a>\n               </td>\n            </tr>\n         </tbody>\n      </table>\n   </div>\n   <div style=\" padding: 20px; background-repeat: no-repeat; background-color: #ffffff; box-shadow: 0 0 7px rgba(0, 0, 0, 0.067);\">\n      <table style=\"background-color: #ffffff;\" width=\"100%\">\n         <tbody>\n            <tr>\n               <td style=\"padding: 20px 30px 5px;\">\n                  <p style=\"color: #545454; font-size: 18px;\">Dear ##OTHERUSERNAME##,</p>\n                  <table border=\"0\" width=\"100%\">\n                     <tbody>\n                        <tr>\n                           <td>\n                              <div class=\"col-sm-9\">\n                                 <div class=\"clsShopPreviCart no-mar\">\n                                    <p class=\"dc clsPreHead textb\">##USERNAME## sent you a message in ##SITE_NAME##</p>\n                                    <table border=\"0\" width=\"100%\">\n                                       <p class=\"dc clsPreHead textb\">\n                                       	<tr>\n										   <td>Type of Service: ##SERVICENAME##</td> \n									   </tr>\n                                        <tr>\n										   <td>Booking for: ##APPOINTMENT_DATE##</td> \n									   </tr>\n										<tr>\n										   <td>##MESSAGE##</td> \n									   </tr>\n										<tr>\n										   <td>##MESSAGE_LINK##</td> \n									   </tr>                                       \n                                       </p>\n									   <tr></tr>                                           \n                                    </table>\n                                    <div class=\"clsCardInnBg\"> </div>\n                                 </div>\n                              </div>\n                           </td>\n			\n                        <tr>\n                           <td>&nbsp;</td>\n                        </tr>\n						</tr>\n                     </tbody>\n                  </table>\n                  <table style=\"background-color: #ffffff;\" width=\"100%\">\n                     <tbody>\n                        <tr>\n                           <td>\n                              <div style=\"border-top: 1px solid #d6d6d6; padding: 15px 30px 25px; margin: 0pt 30px;\">\n                                 <h4 style=\" font-size: 22px; font-weight: bold; text-align: center; margin: 0pt 0pt 5px; line-height: 26px; color: #30BCEF;\">Thanks,</h4>\n                                 <h5 style=\" color: #545454; line-height: 20px; text-align: center; margin: 0pt; font-size: 16px;\">##SITE_NAME## - <a style=\"color: #30BCEF;\" title=\"##SITE_NAME## - Collective Buying Power\" href=\"##SITE_URL##\" target=\"_blank\">##SITE_URL##</a></h5>\n                              </div>\n                           </td>\n                        </tr>\n                     </tbody>\n                  </table>\n               </td>\n            </tr>\n         </tbody>\n      </table>\n      <table style=\"margin-top: 2px; background-color: #f5f5f5;\" width=\"100%\">\n         <tbody>\n            <tr>\n               <td>\n                  <p style=\" color: #000; font-size: 12px; text-align: center; line-height: 16px; margin: 10px;\">Need help? Have feedback? Feel free to <a style=\"color: #30BCEF;\" title=\"Contact ##SITE_NAME##\" href=\"##CONTACT_EMAIL##\" target=\"_blank\">Contact Us</a></p>\n               </td>\n            </tr>\n         </tbody>\n      </table>\n   </div>\n   <table cellspacing=\"0\" cellpadding=\"0\" width=\"720px\">\n      <tbody>\n         <tr>\n            <td align=\"center\">\n               <p style=\"font-size: 11px; color: #929292; margin: 3px; padding-top: 10px;\">Delivered by <a style=\"color: #30BCEF;\" title=\"##SITE_NAME##\" href=\"##SITE_URL##\" target=\"_blank\">##SITE_NAME##</a></p>\n            </td>\n         </tr>\n      </tbody>\n   </table>\n</div>',	'',	'##FROM_EMAIL##',	'we will send this mail, when a user get new message',	'##REPLY_TO_EMAIL##',	NULL),
(29,	'2017-11-14 07:59:31',	'2017-11-14 07:59:31',	'New Enquiry',	'[##SITE_NAME##] You have received new enquiry request',	'<link href=\"http://fonts.googleapis.com/css?family=Open+Sans\" rel=\"stylesheet\" type=\"text/css\" />\r\n<div style=\"margin: 5px 0pt; padding: 20px; width: 700px; font-family: Open Sans,sans-serif; background-color: #f2f2f2; background-repeat: no-repeat;-webkit-border-radius: 10px;\r\n   -moz-border-radius: 10px;\r\n   border-radius: 10px;\">\r\n   <div style=\"border-bottom: 1px solid #ccc; margin: 0pt; background: -moz-linear-gradient(top, #ffffff 0%, #f2f2f2 100%);\r\n      background: -webkit-linear-gradient(top, #ffffff 0%,#f2f2f2 100%);\r\n      background: -o-linear-gradient(top, #ffffff 0%,#f2f2f2 100%);\r\n      background: -ms-linear-gradient(top, #ffffff 0%,#f2f2f2 100%);\r\n      filter: progid:DXImageTransform.Microsoft.gradient( startColorstr=\'\'\'\'#ffffff\'\'\'\', endColorstr=\'\'\'\'#f2f2f2\'\'\'\',GradientType=0 ); \r\n      min-height: 70px;\">\r\n      <table cellspacing=\"0\" cellpadding=\"0\" width=\"700\">\r\n         <tbody>\r\n            <tr>\r\n               <td  valign=\"top\" style=\"padding:14px 0 0 10px; width: 110px; min-height: 37px;\">\r\n                  <a style=\"color: #0981be;\" title=\"##SITE_NAME##\" href=\"#\" target=\"_blank\"></a>\r\n                  <a style=\"color: #0981be;\" title=\"##SITE_NAME##\" href=\"##SITE_URL##\" target=\"_blank\">\r\n                  <img style=\"padding-right: 15px; border: 0px 1px 0px 0px none solid none none -moz-use-text-color #333333 -moz-use-text-color -moz-use-text-color;\" alt=\"[Image: ##SITE_NAME##]\" src=\"##SITE_URL##/images/logo.png\" />\r\n                  </a>\r\n               </td>\r\n            </tr>\r\n         </tbody>\r\n      </table>\r\n   </div>\r\n   <div style=\" padding: 20px; background-repeat: no-repeat; background-color: #ffffff; box-shadow: 0 0 7px rgba(0, 0, 0, 0.067);\">\r\n      <table style=\"background-color: #ffffff;\" width=\"100%\">\r\n         <tbody>\r\n            <tr>\r\n               <td style=\"padding: 20px 30px 5px;\">\r\n                  <p style=\"color: #545454; font-size: 18px;\">Hi ##SERVICE_PROVIDER##,</p>\r\n                  <table border=\"0\" width=\"100%\">\r\n                     <tbody>\r\n                        <tr>\r\n                           <td>\r\n                              <div class=\"col-sm-9\">\r\n                                 <div class=\"clsShopPreviCart no-mar\">\r\n                                    <p class=\"dc clsPreHead textb\">You have received new enquiry request.</p>\r\n                                    <table border=\"0\" width=\"100%\">\r\n                                       <p class=\"dc clsPreHead textb\">\r\n										<tr>\r\n										   <td>Requestor: </td>\r\n										   <td>##REQUESTOR_NAME##</td> \r\n									   </tr>\r\n                                       <tr>\r\n										   <td>Message: </td>\r\n										   <td>##MESSAGE##</td> \r\n									   </tr></p>\r\n									   <tr></tr>\r\n                                       <tr>\r\n                                          <td colspan=\"2\" style=\"padding:30px 5px;\"> \r\n                                             Please follow this link to response ##LINK##. \r\n                                          </td>\r\n                                       </tr>                                             \r\n                                    </table>\r\n                                    <div class=\"clsCardInnBg\"> </div>\r\n                                 </div>\r\n                              </div>\r\n                           </td>\r\n			\r\n                        <tr>\r\n                           <td>&nbsp;</td>\r\n                        </tr>\r\n						</tr>\r\n                     </tbody>\r\n                  </table>\r\n                  <table style=\"background-color: #ffffff;\" width=\"100%\">\r\n                     <tbody>\r\n                        <tr>\r\n                           <td>\r\n                              <div style=\"border-top: 1px solid #d6d6d6; padding: 15px 30px 25px; margin: 0pt 30px;\">\r\n                                 <h4 style=\" font-size: 22px; font-weight: bold; text-align: center; margin: 0pt 0pt 5px; line-height: 26px; color: #30BCEF;\">Thanks,</h4>\r\n                                 <h5 style=\" color: #545454; line-height: 20px; text-align: center; margin: 0pt; font-size: 16px;\">##SITE_NAME## - <a style=\"color: #30BCEF;\" title=\"##SITE_NAME## - Collective Buying Power\" href=\"##SITE_URL##\" target=\"_blank\">##SITE_URL##</a></h5>\r\n                              </div>\r\n                           </td>\r\n                        </tr>\r\n                     </tbody>\r\n                  </table>\r\n               </td>\r\n            </tr>\r\n         </tbody>\r\n      </table>\r\n   </div>\r\n   <table cellspacing=\"0\" cellpadding=\"0\" width=\"720px\">\r\n      <tbody>\r\n         <tr>\r\n            <td align=\"center\">\r\n               <p style=\"font-size: 11px; color: #929292; margin: 3px; padding-top: 10px;\">Delivered by <a style=\"color: #30BCEF;\" title=\"##SITE_NAME##\" href=\"##SITE_URL##\" target=\"_blank\">##SITE_NAME##</a></p>\r\n            </td>\r\n         </tr>\r\n      </tbody>\r\n   </table>\r\n</div>',	'',	'##FROM_EMAIL##',	'we will send this mail, when user post enquiry for Serviceprovider.',	'##REPLY_TO_EMAIL##',	NULL),
(30,	'2017-11-23 06:38:43',	'2017-11-23 06:38:43',	'Pre Approved Enquiry',	'[##SITE_NAME##] ##SERVICE_PROVIDER## pre-approved your enquiry request',	'<link href=\"http://fonts.googleapis.com/css?family=Open+Sans\" rel=\"stylesheet\" type=\"text/css\" />\r\n<div style=\"margin: 5px 0pt; padding: 20px; width: 700px; font-family: Open Sans,sans-serif; background-color: #f2f2f2; background-repeat: no-repeat;-webkit-border-radius: 10px;\r\n   -moz-border-radius: 10px;\r\n   border-radius: 10px;\">\r\n   <div style=\"border-bottom: 1px solid #ccc; margin: 0pt; background: -moz-linear-gradient(top, #ffffff 0%, #f2f2f2 100%);\r\n      background: -webkit-linear-gradient(top, #ffffff 0%,#f2f2f2 100%);\r\n      background: -o-linear-gradient(top, #ffffff 0%,#f2f2f2 100%);\r\n      background: -ms-linear-gradient(top, #ffffff 0%,#f2f2f2 100%);\r\n      filter: progid:DXImageTransform.Microsoft.gradient( startColorstr=\'\'\'\'#ffffff\'\'\'\', endColorstr=\'\'\'\'#f2f2f2\'\'\'\',GradientType=0 ); \r\n      min-height: 70px;\">\r\n      <table cellspacing=\"0\" cellpadding=\"0\" width=\"700\">\r\n         <tbody>\r\n            <tr>\r\n               <td  valign=\"top\" style=\"padding:14px 0 0 10px; width: 110px; min-height: 37px;\">\r\n                  <a style=\"color: #0981be;\" title=\"##SITE_NAME##\" href=\"#\" target=\"_blank\"></a>\r\n                  <a style=\"color: #0981be;\" title=\"##SITE_NAME##\" href=\"##SITE_URL##\" target=\"_blank\">\r\n                  <img style=\"padding-right: 15px; border: 0px 1px 0px 0px none solid none none -moz-use-text-color #333333 -moz-use-text-color -moz-use-text-color;\" alt=\"[Image: ##SITE_NAME##]\" src=\"##SITE_URL##/images/logo.png\" />\r\n                  </a>\r\n               </td>\r\n            </tr>\r\n         </tbody>\r\n      </table>\r\n   </div>\r\n   <div style=\" padding: 20px; background-repeat: no-repeat; background-color: #ffffff; box-shadow: 0 0 7px rgba(0, 0, 0, 0.067);\">\r\n      <table style=\"background-color: #ffffff;\" width=\"100%\">\r\n         <tbody>\r\n            <tr>\r\n               <td style=\"padding: 20px 30px 5px;\">\r\n                  <p style=\"color: #545454; font-size: 18px;\">Hi ##REQUESTOR_NAME##,</p>\r\n                  <table border=\"0\" width=\"100%\">\r\n                     <tbody>\r\n                        <tr>\r\n                           <td>\r\n                              <div class=\"col-sm-9\">\r\n                                 <div class=\"clsShopPreviCart no-mar\">\r\n                                    <p class=\"dc clsPreHead textb\"> ##SERVICE_PROVIDER## pre-approved your enquiry request.</p>\r\n                                    <table border=\"0\" width=\"100%\">\r\n                                       <tr>\r\n                                          <td colspan=\"2\" style=\"padding:30px 5px;\"> \r\n                                             Please follow this link to response ##LINK##. \r\n                                          </td>\r\n                                       </tr>                                             \r\n                                    </table>\r\n                                    <div class=\"clsCardInnBg\"> </div>\r\n                                 </div>\r\n                              </div>\r\n                           </td>\r\n			\r\n                        <tr>\r\n                           <td>&nbsp;</td>\r\n                        </tr>\r\n						</tr>\r\n                     </tbody>\r\n                  </table>\r\n                  <table style=\"background-color: #ffffff;\" width=\"100%\">\r\n                     <tbody>\r\n                        <tr>\r\n                           <td>\r\n                              <div style=\"border-top: 1px solid #d6d6d6; padding: 15px 30px 25px; margin: 0pt 30px;\">\r\n                                 <h4 style=\" font-size: 22px; font-weight: bold; text-align: center; margin: 0pt 0pt 5px; line-height: 26px; color: #30BCEF;\">Thanks,</h4>\r\n                                 <h5 style=\" color: #545454; line-height: 20px; text-align: center; margin: 0pt; font-size: 16px;\">##SITE_NAME## - <a style=\"color: #30BCEF;\" title=\"##SITE_NAME## - Collective Buying Power\" href=\"##SITE_URL##\" target=\"_blank\">##SITE_URL##</a></h5>\r\n                              </div>\r\n                           </td>\r\n                        </tr>\r\n                     </tbody>\r\n                  </table>\r\n               </td>\r\n            </tr>\r\n         </tbody>\r\n      </table>\r\n   </div>\r\n   <table cellspacing=\"0\" cellpadding=\"0\" width=\"720px\">\r\n      <tbody>\r\n         <tr>\r\n            <td align=\"center\">\r\n               <p style=\"font-size: 11px; color: #929292; margin: 3px; padding-top: 10px;\">Delivered by <a style=\"color: #30BCEF;\" title=\"##SITE_NAME##\" href=\"##SITE_URL##\" target=\"_blank\">##SITE_NAME##</a></p>\r\n            </td>\r\n         </tr>\r\n      </tbody>\r\n   </table>\r\n</div>',	'',	'##FROM_EMAIL##',	'we will send this mail, when service provider pre-approved the enquiry.',	'##REPLY_TO_EMAIL##',	NULL),
(31,	'2017-11-23 06:38:43',	'2017-11-23 06:38:43',	'New Service Request',	'[##SITE_NAME##] New service request received',	'<link href=\"http://fonts.googleapis.com/css?family=Open+Sans\" rel=\"stylesheet\" type=\"text/css\" />\r\n<div style=\"margin: 5px 0pt; padding: 20px; width: 700px; font-family: Open Sans,sans-serif; background-color: #f2f2f2; background-repeat: no-repeat;-webkit-border-radius: 10px;\r\n   -moz-border-radius: 10px;\r\n   border-radius: 10px;\">\r\n   <div style=\"border-bottom: 1px solid #ccc; margin: 0pt; background: -moz-linear-gradient(top, #ffffff 0%, #f2f2f2 100%);\r\n      background: -webkit-linear-gradient(top, #ffffff 0%,#f2f2f2 100%);\r\n      background: -o-linear-gradient(top, #ffffff 0%,#f2f2f2 100%);\r\n      background: -ms-linear-gradient(top, #ffffff 0%,#f2f2f2 100%);\r\n      filter: progid:DXImageTransform.Microsoft.gradient( startColorstr=\'\'\'\'#ffffff\'\'\'\', endColorstr=\'\'\'\'#f2f2f2\'\'\'\',GradientType=0 ); \r\n      min-height: 70px;\">\r\n      <table cellspacing=\"0\" cellpadding=\"0\" width=\"700\">\r\n         <tbody>\r\n            <tr>\r\n               <td  valign=\"top\" style=\"padding:14px 0 0 10px; width: 110px; min-height: 37px;\">\r\n                  <a style=\"color: #0981be;\" title=\"##SITE_NAME##\" href=\"#\" target=\"_blank\"></a>\r\n                  <a style=\"color: #0981be;\" title=\"##SITE_NAME##\" href=\"##SITE_URL##\" target=\"_blank\">\r\n                  <img style=\"padding-right: 15px; border: 0px 1px 0px 0px none solid none none -moz-use-text-color #333333 -moz-use-text-color -moz-use-text-color;\" alt=\"[Image: ##SITE_NAME##]\" src=\"##SITE_URL##/images/logo.png\" />\r\n                  </a>\r\n               </td>\r\n            </tr>\r\n         </tbody>\r\n      </table>\r\n   </div>\r\n   <div style=\" padding: 20px; background-repeat: no-repeat; background-color: #ffffff; box-shadow: 0 0 7px rgba(0, 0, 0, 0.067);\">\r\n      <table style=\"background-color: #ffffff;\" width=\"100%\">\r\n         <tbody>\r\n            <tr>\r\n               <td style=\"padding: 20px 30px 5px;\">\r\n                  <p style=\"color: #545454; font-size: 18px;\">Hi ##SERVICE_PROVIDER##,</p>\r\n                  <table border=\"0\" width=\"100%\">\r\n                     <tbody>\r\n                        <tr>\r\n                           <td>\r\n                              <div class=\"col-sm-9\">\r\n                                 <div class=\"clsShopPreviCart no-mar\">\r\n                                    <p class=\"dc clsPreHead textb\"> You have received new service request.</p>\r\n                                    <table border=\"0\" width=\"100%\">\r\n                                       <p class=\"dc clsPreHead textb\">\r\n										<tr>\r\n										   <td>Requestor: </td>\r\n										   <td>##REQUESTOR_NAME##</td> \r\n									   </tr>\r\n                                       <tr>\r\n										   <td>Appointment Date : </td>\r\n										   <td>##DATE##</td> \r\n									   </tr></p>\r\n									   <tr></tr>\r\n                                       <tr>\r\n                                          <td colspan=\"2\" style=\"padding:30px 5px;\"> \r\n                                             Please follow this link to response ##LINK##. \r\n                                          </td>\r\n                                       </tr>                                             \r\n                                    </table>\r\n                                    <div class=\"clsCardInnBg\"> </div>\r\n                                 </div>\r\n                              </div>\r\n                           </td>\r\n			\r\n                        <tr>\r\n                           <td>&nbsp;</td>\r\n                        </tr>\r\n						</tr>\r\n                     </tbody>\r\n                  </table>\r\n                  <table style=\"background-color: #ffffff;\" width=\"100%\">\r\n                     <tbody>\r\n                        <tr>\r\n                           <td>\r\n                              <div style=\"border-top: 1px solid #d6d6d6; padding: 15px 30px 25px; margin: 0pt 30px;\">\r\n                                 <h4 style=\" font-size: 22px; font-weight: bold; text-align: center; margin: 0pt 0pt 5px; line-height: 26px; color: #30BCEF;\">Thanks,</h4>\r\n                                 <h5 style=\" color: #545454; line-height: 20px; text-align: center; margin: 0pt; font-size: 16px;\">##SITE_NAME## - <a style=\"color: #30BCEF;\" title=\"##SITE_NAME## - Collective Buying Power\" href=\"##SITE_URL##\" target=\"_blank\">##SITE_URL##</a></h5>\r\n                              </div>\r\n                           </td>\r\n                        </tr>\r\n                     </tbody>\r\n                  </table>\r\n               </td>\r\n            </tr>\r\n         </tbody>\r\n      </table>\r\n   </div>\r\n   <table cellspacing=\"0\" cellpadding=\"0\" width=\"720px\">\r\n      <tbody>\r\n         <tr>\r\n            <td align=\"center\">\r\n               <p style=\"font-size: 11px; color: #929292; margin: 3px; padding-top: 10px;\">Delivered by <a style=\"color: #30BCEF;\" title=\"##SITE_NAME##\" href=\"##SITE_URL##\" target=\"_blank\">##SITE_NAME##</a></p>\r\n            </td>\r\n         </tr>\r\n      </tbody>\r\n   </table>\r\n</div>',	'',	'##FROM_EMAIL##',	'we will send this mail, when user submit new service request.',	'##REPLY_TO_EMAIL##',	NULL),
(32,	'2017-11-23 06:38:43',	'2017-11-23 06:38:43',	'Service Request Accept',	'[##SITE_NAME##] Your service request accepted by ##SERVICE_PROVIDER##',	'<link href=\"http://fonts.googleapis.com/css?family=Open+Sans\" rel=\"stylesheet\" type=\"text/css\" />\r\n<div style=\"margin: 5px 0pt; padding: 20px; width: 700px; font-family: Open Sans,sans-serif; background-color: #f2f2f2; background-repeat: no-repeat;-webkit-border-radius: 10px;\r\n   -moz-border-radius: 10px;\r\n   border-radius: 10px;\">\r\n   <div style=\"border-bottom: 1px solid #ccc; margin: 0pt; background: -moz-linear-gradient(top, #ffffff 0%, #f2f2f2 100%);\r\n      background: -webkit-linear-gradient(top, #ffffff 0%,#f2f2f2 100%);\r\n      background: -o-linear-gradient(top, #ffffff 0%,#f2f2f2 100%);\r\n      background: -ms-linear-gradient(top, #ffffff 0%,#f2f2f2 100%);\r\n      filter: progid:DXImageTransform.Microsoft.gradient( startColorstr=\'\'\'\'#ffffff\'\'\'\', endColorstr=\'\'\'\'#f2f2f2\'\'\'\',GradientType=0 ); \r\n      min-height: 70px;\">\r\n      <table cellspacing=\"0\" cellpadding=\"0\" width=\"700\">\r\n         <tbody>\r\n            <tr>\r\n               <td  valign=\"top\" style=\"padding:14px 0 0 10px; width: 110px; min-height: 37px;\">\r\n                  <a style=\"color: #0981be;\" title=\"##SITE_NAME##\" href=\"#\" target=\"_blank\"></a>\r\n                  <a style=\"color: #0981be;\" title=\"##SITE_NAME##\" href=\"##SITE_URL##\" target=\"_blank\">\r\n                  <img style=\"padding-right: 15px; border: 0px 1px 0px 0px none solid none none -moz-use-text-color #333333 -moz-use-text-color -moz-use-text-color;\" alt=\"[Image: ##SITE_NAME##]\" src=\"##SITE_URL##/images/logo.png\" />\r\n                  </a>\r\n               </td>\r\n            </tr>\r\n         </tbody>\r\n      </table>\r\n   </div>\r\n   <div style=\" padding: 20px; background-repeat: no-repeat; background-color: #ffffff; box-shadow: 0 0 7px rgba(0, 0, 0, 0.067);\">\r\n      <table style=\"background-color: #ffffff;\" width=\"100%\">\r\n         <tbody>\r\n            <tr>\r\n               <td style=\"padding: 20px 30px 5px;\">\r\n                  <p style=\"color: #545454; font-size: 18px;\">Hi ##REQUESTOR_NAME##,</p>\r\n                  <table border=\"0\" width=\"100%\">\r\n                     <tbody>\r\n                        <tr>\r\n                           <td>\r\n                              <div class=\"col-sm-9\">\r\n                                 <div class=\"clsShopPreviCart no-mar\">\r\n                                    <p class=\"dc clsPreHead textb\"> Your service request accepted by ##SERVICE_PROVIDER##.</p>\r\n                                    <table border=\"0\" width=\"100%\">\r\n                                       <p class=\"dc clsPreHead textb\">\r\n                                       <tr>\r\n										   <td>Appointment Date : </td>\r\n										   <td>##DATE##</td> \r\n									   </tr></p>\r\n									   <tr></tr>\r\n                                       <tr>\r\n                                          <td colspan=\"2\" style=\"padding:30px 5px;\"> \r\n                                             Please follow this link to response ##LINK##. \r\n                                          </td>\r\n                                       </tr>                                             \r\n                                    </table>\r\n                                    <div class=\"clsCardInnBg\"> </div>\r\n                                 </div>\r\n                              </div>\r\n                           </td>\r\n			\r\n                        <tr>\r\n                           <td>&nbsp;</td>\r\n                        </tr>\r\n						</tr>\r\n                     </tbody>\r\n                  </table>\r\n                  <table style=\"background-color: #ffffff;\" width=\"100%\">\r\n                     <tbody>\r\n                        <tr>\r\n                           <td>\r\n                              <div style=\"border-top: 1px solid #d6d6d6; padding: 15px 30px 25px; margin: 0pt 30px;\">\r\n                                 <h4 style=\" font-size: 22px; font-weight: bold; text-align: center; margin: 0pt 0pt 5px; line-height: 26px; color: #30BCEF;\">Thanks,</h4>\r\n                                 <h5 style=\" color: #545454; line-height: 20px; text-align: center; margin: 0pt; font-size: 16px;\">##SITE_NAME## - <a style=\"color: #30BCEF;\" title=\"##SITE_NAME## - Collective Buying Power\" href=\"##SITE_URL##\" target=\"_blank\">##SITE_URL##</a></h5>\r\n                              </div>\r\n                           </td>\r\n                        </tr>\r\n                     </tbody>\r\n                  </table>\r\n               </td>\r\n            </tr>\r\n         </tbody>\r\n      </table>\r\n   </div>\r\n   <table cellspacing=\"0\" cellpadding=\"0\" width=\"720px\">\r\n      <tbody>\r\n         <tr>\r\n            <td align=\"center\">\r\n               <p style=\"font-size: 11px; color: #929292; margin: 3px; padding-top: 10px;\">Delivered by <a style=\"color: #30BCEF;\" title=\"##SITE_NAME##\" href=\"##SITE_URL##\" target=\"_blank\">##SITE_NAME##</a></p>\r\n            </td>\r\n         </tr>\r\n      </tbody>\r\n   </table>\r\n</div>',	'',	'##FROM_EMAIL##',	'we will send this mail, when service Provider Accept the Request.',	'##REPLY_TO_EMAIL##',	NULL),
(33,	'2017-11-23 06:38:43',	'2017-11-23 06:38:43',	'Service Request Reject',	'[##SITE_NAME##] ##SERVICE_PROVIDER## not able accept your service request',	'<link href=\"http://fonts.googleapis.com/css?family=Open+Sans\" rel=\"stylesheet\" type=\"text/css\" />\r\n<div style=\"margin: 5px 0pt; padding: 20px; width: 700px; font-family: Open Sans,sans-serif; background-color: #f2f2f2; background-repeat: no-repeat;-webkit-border-radius: 10px;\r\n   -moz-border-radius: 10px;\r\n   border-radius: 10px;\">\r\n   <div style=\"border-bottom: 1px solid #ccc; margin: 0pt; background: -moz-linear-gradient(top, #ffffff 0%, #f2f2f2 100%);\r\n      background: -webkit-linear-gradient(top, #ffffff 0%,#f2f2f2 100%);\r\n      background: -o-linear-gradient(top, #ffffff 0%,#f2f2f2 100%);\r\n      background: -ms-linear-gradient(top, #ffffff 0%,#f2f2f2 100%);\r\n      filter: progid:DXImageTransform.Microsoft.gradient( startColorstr=\'\'\'\'#ffffff\'\'\'\', endColorstr=\'\'\'\'#f2f2f2\'\'\'\',GradientType=0 ); \r\n      min-height: 70px;\">\r\n      <table cellspacing=\"0\" cellpadding=\"0\" width=\"700\">\r\n         <tbody>\r\n            <tr>\r\n               <td  valign=\"top\" style=\"padding:14px 0 0 10px; width: 110px; min-height: 37px;\">\r\n                  <a style=\"color: #0981be;\" title=\"##SITE_NAME##\" href=\"#\" target=\"_blank\"></a>\r\n                  <a style=\"color: #0981be;\" title=\"##SITE_NAME##\" href=\"##SITE_URL##\" target=\"_blank\">\r\n                  <img style=\"padding-right: 15px; border: 0px 1px 0px 0px none solid none none -moz-use-text-color #333333 -moz-use-text-color -moz-use-text-color;\" alt=\"[Image: ##SITE_NAME##]\" src=\"##SITE_URL##/images/logo.png\" />\r\n                  </a>\r\n               </td>\r\n            </tr>\r\n         </tbody>\r\n      </table>\r\n   </div>\r\n   <div style=\" padding: 20px; background-repeat: no-repeat; background-color: #ffffff; box-shadow: 0 0 7px rgba(0, 0, 0, 0.067);\">\r\n      <table style=\"background-color: #ffffff;\" width=\"100%\">\r\n         <tbody>\r\n            <tr>\r\n               <td style=\"padding: 20px 30px 5px;\">\r\n                  <p style=\"color: #545454; font-size: 18px;\">Hi ##REQUESTOR_NAME##,</p>\r\n                  <table border=\"0\" width=\"100%\">\r\n                     <tbody>\r\n                        <tr>\r\n                           <td>\r\n                              <div class=\"col-sm-9\">\r\n                                 <div class=\"clsShopPreviCart no-mar\">\r\n                                    <p class=\"dc clsPreHead textb\"> ##SERVICE_PROVIDER## not able accept your service request.</p>\r\n                                    <table border=\"0\" width=\"100%\">\r\n                                       <tr>\r\n                                          <td colspan=\"2\" style=\"padding:30px 5px;\"> \r\n                                             Please find new service provider for your requirement ##LINK##. \r\n                                          </td>\r\n                                       </tr>                                             \r\n                                    </table>\r\n                                    <div class=\"clsCardInnBg\"> </div>\r\n                                 </div>\r\n                              </div>\r\n                           </td>\r\n			\r\n                        <tr>\r\n                           <td>&nbsp;</td>\r\n                        </tr>\r\n						</tr>\r\n                     </tbody>\r\n                  </table>\r\n                  <table style=\"background-color: #ffffff;\" width=\"100%\">\r\n                     <tbody>\r\n                        <tr>\r\n                           <td>\r\n                              <div style=\"border-top: 1px solid #d6d6d6; padding: 15px 30px 25px; margin: 0pt 30px;\">\r\n                                 <h4 style=\" font-size: 22px; font-weight: bold; text-align: center; margin: 0pt 0pt 5px; line-height: 26px; color: #30BCEF;\">Thanks,</h4>\r\n                                 <h5 style=\" color: #545454; line-height: 20px; text-align: center; margin: 0pt; font-size: 16px;\">##SITE_NAME## - <a style=\"color: #30BCEF;\" title=\"##SITE_NAME## - Collective Buying Power\" href=\"##SITE_URL##\" target=\"_blank\">##SITE_URL##</a></h5>\r\n                              </div>\r\n                           </td>\r\n                        </tr>\r\n                     </tbody>\r\n                  </table>\r\n               </td>\r\n            </tr>\r\n         </tbody>\r\n      </table>\r\n   </div>\r\n   <table cellspacing=\"0\" cellpadding=\"0\" width=\"720px\">\r\n      <tbody>\r\n         <tr>\r\n            <td align=\"center\">\r\n               <p style=\"font-size: 11px; color: #929292; margin: 3px; padding-top: 10px;\">Delivered by <a style=\"color: #30BCEF;\" title=\"##SITE_NAME##\" href=\"##SITE_URL##\" target=\"_blank\">##SITE_NAME##</a></p>\r\n            </td>\r\n         </tr>\r\n      </tbody>\r\n   </table>\r\n</div>',	'',	'##FROM_EMAIL##',	'we will send this mail, when service provider reject the request.',	'##REPLY_TO_EMAIL##',	NULL),
(34,	'2017-11-23 06:38:43',	'2017-11-23 06:38:43',	'Service Request Complete',	'[##SITE_NAME##] ##SERVICE_PROVIDER## marked as completed the work',	'<link href=\"http://fonts.googleapis.com/css?family=Open+Sans\" rel=\"stylesheet\" type=\"text/css\" />\r\n<div style=\"margin: 5px 0pt; padding: 20px; width: 700px; font-family: Open Sans,sans-serif; background-color: #f2f2f2; background-repeat: no-repeat;-webkit-border-radius: 10px;\r\n   -moz-border-radius: 10px;\r\n   border-radius: 10px;\">\r\n   <div style=\"border-bottom: 1px solid #ccc; margin: 0pt; background: -moz-linear-gradient(top, #ffffff 0%, #f2f2f2 100%);\r\n      background: -webkit-linear-gradient(top, #ffffff 0%,#f2f2f2 100%);\r\n      background: -o-linear-gradient(top, #ffffff 0%,#f2f2f2 100%);\r\n      background: -ms-linear-gradient(top, #ffffff 0%,#f2f2f2 100%);\r\n      filter: progid:DXImageTransform.Microsoft.gradient( startColorstr=\'\'\'\'#ffffff\'\'\'\', endColorstr=\'\'\'\'#f2f2f2\'\'\'\',GradientType=0 ); \r\n      min-height: 70px;\">\r\n      <table cellspacing=\"0\" cellpadding=\"0\" width=\"700\">\r\n         <tbody>\r\n            <tr>\r\n               <td  valign=\"top\" style=\"padding:14px 0 0 10px; width: 110px; min-height: 37px;\">\r\n                  <a style=\"color: #0981be;\" title=\"##SITE_NAME##\" href=\"#\" target=\"_blank\"></a>\r\n                  <a style=\"color: #0981be;\" title=\"##SITE_NAME##\" href=\"##SITE_URL##\" target=\"_blank\">\r\n                  <img style=\"padding-right: 15px; border: 0px 1px 0px 0px none solid none none -moz-use-text-color #333333 -moz-use-text-color -moz-use-text-color;\" alt=\"[Image: ##SITE_NAME##]\" src=\"##SITE_URL##/images/logo.png\" />\r\n                  </a>\r\n               </td>\r\n            </tr>\r\n         </tbody>\r\n      </table>\r\n   </div>\r\n   <div style=\" padding: 20px; background-repeat: no-repeat; background-color: #ffffff; box-shadow: 0 0 7px rgba(0, 0, 0, 0.067);\">\r\n      <table style=\"background-color: #ffffff;\" width=\"100%\">\r\n         <tbody>\r\n            <tr>\r\n               <td style=\"padding: 20px 30px 5px;\">\r\n                  <p style=\"color: #545454; font-size: 18px;\">Hi ##REQUESTOR_NAME##,</p>\r\n                  <table border=\"0\" width=\"100%\">\r\n                     <tbody>\r\n                        <tr>\r\n                           <td>\r\n                              <div class=\"col-sm-9\">\r\n                                 <div class=\"clsShopPreviCart no-mar\">\r\n                                    <p class=\"dc clsPreHead textb\"> ##SERVICE_PROVIDER## marked as completed the work.</p>\r\n                                    <table border=\"0\" width=\"100%\">\r\n                                       <tr>\r\n                                          <td colspan=\"2\" style=\"padding:30px 5px;\"> \r\n                                             For accept/reject the work completion, please follow ##LINK##. \r\n                                          </td>\r\n                                       </tr>                                             \r\n                                    </table>\r\n                                    <div class=\"clsCardInnBg\"> </div>\r\n                                 </div>\r\n                              </div>\r\n                           </td>\r\n			\r\n                        <tr>\r\n                           <td>&nbsp;</td>\r\n                        </tr>\r\n						</tr>\r\n                     </tbody>\r\n                  </table>\r\n                  <table style=\"background-color: #ffffff;\" width=\"100%\">\r\n                     <tbody>\r\n                        <tr>\r\n                           <td>\r\n                              <div style=\"border-top: 1px solid #d6d6d6; padding: 15px 30px 25px; margin: 0pt 30px;\">\r\n                                 <h4 style=\" font-size: 22px; font-weight: bold; text-align: center; margin: 0pt 0pt 5px; line-height: 26px; color: #30BCEF;\">Thanks,</h4>\r\n                                 <h5 style=\" color: #545454; line-height: 20px; text-align: center; margin: 0pt; font-size: 16px;\">##SITE_NAME## - <a style=\"color: #30BCEF;\" title=\"##SITE_NAME## - Collective Buying Power\" href=\"##SITE_URL##\" target=\"_blank\">##SITE_URL##</a></h5>\r\n                              </div>\r\n                           </td>\r\n                        </tr>\r\n                     </tbody>\r\n                  </table>\r\n               </td>\r\n            </tr>\r\n         </tbody>\r\n      </table>\r\n   </div>\r\n   <table cellspacing=\"0\" cellpadding=\"0\" width=\"720px\">\r\n      <tbody>\r\n         <tr>\r\n            <td align=\"center\">\r\n               <p style=\"font-size: 11px; color: #929292; margin: 3px; padding-top: 10px;\">Delivered by <a style=\"color: #30BCEF;\" title=\"##SITE_NAME##\" href=\"##SITE_URL##\" target=\"_blank\">##SITE_NAME##</a></p>\r\n            </td>\r\n         </tr>\r\n      </tbody>\r\n   </table>\r\n</div>',	'',	'##FROM_EMAIL##',	'we will send this mail, when service request moved to complete status..',	'##REPLY_TO_EMAIL##',	NULL),
(35,	'2017-11-23 06:38:43',	'2017-11-23 06:38:43',	'Service Request Closed',	'[##SITE_NAME##] ##REQUESTOR_NAME## marked as closed the work',	'<link href=\"http://fonts.googleapis.com/css?family=Open+Sans\" rel=\"stylesheet\" type=\"text/css\" />\r\n<div style=\"margin: 5px 0pt; padding: 20px; width: 700px; font-family: Open Sans,sans-serif; background-color: #f2f2f2; background-repeat: no-repeat;-webkit-border-radius: 10px;\r\n   -moz-border-radius: 10px;\r\n   border-radius: 10px;\">\r\n   <div style=\"border-bottom: 1px solid #ccc; margin: 0pt; background: -moz-linear-gradient(top, #ffffff 0%, #f2f2f2 100%);\r\n      background: -webkit-linear-gradient(top, #ffffff 0%,#f2f2f2 100%);\r\n      background: -o-linear-gradient(top, #ffffff 0%,#f2f2f2 100%);\r\n      background: -ms-linear-gradient(top, #ffffff 0%,#f2f2f2 100%);\r\n      filter: progid:DXImageTransform.Microsoft.gradient( startColorstr=\'\'\'\'#ffffff\'\'\'\', endColorstr=\'\'\'\'#f2f2f2\'\'\'\',GradientType=0 ); \r\n      min-height: 70px;\">\r\n      <table cellspacing=\"0\" cellpadding=\"0\" width=\"700\">\r\n         <tbody>\r\n            <tr>\r\n               <td  valign=\"top\" style=\"padding:14px 0 0 10px; width: 110px; min-height: 37px;\">\r\n                  <a style=\"color: #0981be;\" title=\"##SITE_NAME##\" href=\"#\" target=\"_blank\"></a>\r\n                  <a style=\"color: #0981be;\" title=\"##SITE_NAME##\" href=\"##SITE_URL##\" target=\"_blank\">\r\n                  <img style=\"padding-right: 15px; border: 0px 1px 0px 0px none solid none none -moz-use-text-color #333333 -moz-use-text-color -moz-use-text-color;\" alt=\"[Image: ##SITE_NAME##]\" src=\"##SITE_URL##/images/logo.png\" />\r\n                  </a>\r\n               </td>\r\n            </tr>\r\n         </tbody>\r\n      </table>\r\n   </div>\r\n   <div style=\" padding: 20px; background-repeat: no-repeat; background-color: #ffffff; box-shadow: 0 0 7px rgba(0, 0, 0, 0.067);\">\r\n      <table style=\"background-color: #ffffff;\" width=\"100%\">\r\n         <tbody>\r\n            <tr>\r\n               <td style=\"padding: 20px 30px 5px;\">\r\n                  <p style=\"color: #545454; font-size: 18px;\">Hi ##SERVICE_PROVIDER##,</p>\r\n                  <table border=\"0\" width=\"100%\">\r\n                     <tbody>\r\n                        <tr>\r\n                           <td>\r\n                              <div class=\"col-sm-9\">\r\n                                 <div class=\"clsShopPreviCart no-mar\">\r\n                                    <p class=\"dc clsPreHead textb\"> ##REQUESTOR_NAME## marked as closed the work.</p>\r\n                                 </div>\r\n                              </div>\r\n                           </td>\r\n			\r\n                        <tr>\r\n                           <td>&nbsp;</td>\r\n                        </tr>\r\n						</tr>\r\n                     </tbody>\r\n                  </table>\r\n                  <table style=\"background-color: #ffffff;\" width=\"100%\">\r\n                     <tbody>\r\n                        <tr>\r\n                           <td>\r\n                              <div style=\"border-top: 1px solid #d6d6d6; padding: 15px 30px 25px; margin: 0pt 30px;\">\r\n                                 <h4 style=\" font-size: 22px; font-weight: bold; text-align: center; margin: 0pt 0pt 5px; line-height: 26px; color: #30BCEF;\">Thanks,</h4>\r\n                                 <h5 style=\" color: #545454; line-height: 20px; text-align: center; margin: 0pt; font-size: 16px;\">##SITE_NAME## - <a style=\"color: #30BCEF;\" title=\"##SITE_NAME## - Collective Buying Power\" href=\"##SITE_URL##\" target=\"_blank\">##SITE_URL##</a></h5>\r\n                              </div>\r\n                           </td>\r\n                        </tr>\r\n                     </tbody>\r\n                  </table>\r\n               </td>\r\n            </tr>\r\n         </tbody>\r\n      </table>\r\n   </div>\r\n   <table cellspacing=\"0\" cellpadding=\"0\" width=\"720px\">\r\n      <tbody>\r\n         <tr>\r\n            <td align=\"center\">\r\n               <p style=\"font-size: 11px; color: #929292; margin: 3px; padding-top: 10px;\">Delivered by <a style=\"color: #30BCEF;\" title=\"##SITE_NAME##\" href=\"##SITE_URL##\" target=\"_blank\">##SITE_NAME##</a></p>\r\n            </td>\r\n         </tr>\r\n      </tbody>\r\n   </table>\r\n</div>',	'',	'##FROM_EMAIL##',	'we will send this mail, when service user closed.',	'##REPLY_TO_EMAIL##',	NULL),
(36,	'2017-11-23 06:38:43',	'2017-11-23 06:38:43',	'Service Request Cancelled',	'[##SITE_NAME##] ##REQUESTOR_NAME## cancelled the booking',	'<link href=\"http://fonts.googleapis.com/css?family=Open+Sans\" rel=\"stylesheet\" type=\"text/css\" />\r\n<div style=\"margin: 5px 0pt; padding: 20px; width: 700px; font-family: Open Sans,sans-serif; background-color: #f2f2f2; background-repeat: no-repeat;-webkit-border-radius: 10px;\r\n   -moz-border-radius: 10px;\r\n   border-radius: 10px;\">\r\n   <div style=\"border-bottom: 1px solid #ccc; margin: 0pt; background: -moz-linear-gradient(top, #ffffff 0%, #f2f2f2 100%);\r\n      background: -webkit-linear-gradient(top, #ffffff 0%,#f2f2f2 100%);\r\n      background: -o-linear-gradient(top, #ffffff 0%,#f2f2f2 100%);\r\n      background: -ms-linear-gradient(top, #ffffff 0%,#f2f2f2 100%);\r\n      filter: progid:DXImageTransform.Microsoft.gradient( startColorstr=\'\'\'\'#ffffff\'\'\'\', endColorstr=\'\'\'\'#f2f2f2\'\'\'\',GradientType=0 ); \r\n      min-height: 70px;\">\r\n      <table cellspacing=\"0\" cellpadding=\"0\" width=\"700\">\r\n         <tbody>\r\n            <tr>\r\n               <td  valign=\"top\" style=\"padding:14px 0 0 10px; width: 110px; min-height: 37px;\">\r\n                  <a style=\"color: #0981be;\" title=\"##SITE_NAME##\" href=\"#\" target=\"_blank\"></a>\r\n                  <a style=\"color: #0981be;\" title=\"##SITE_NAME##\" href=\"##SITE_URL##\" target=\"_blank\">\r\n                  <img style=\"padding-right: 15px; border: 0px 1px 0px 0px none solid none none -moz-use-text-color #333333 -moz-use-text-color -moz-use-text-color;\" alt=\"[Image: ##SITE_NAME##]\" src=\"##SITE_URL##/images/logo.png\" />\r\n                  </a>\r\n               </td>\r\n            </tr>\r\n         </tbody>\r\n      </table>\r\n   </div>\r\n   <div style=\" padding: 20px; background-repeat: no-repeat; background-color: #ffffff; box-shadow: 0 0 7px rgba(0, 0, 0, 0.067);\">\r\n      <table style=\"background-color: #ffffff;\" width=\"100%\">\r\n         <tbody>\r\n            <tr>\r\n               <td style=\"padding: 20px 30px 5px;\">\r\n                  <p style=\"color: #545454; font-size: 18px;\">Hi ##SERVICE_PROVIDER##,</p>\r\n                  <table border=\"0\" width=\"100%\">\r\n                     <tbody>\r\n                        <tr>\r\n                           <td>\r\n                              <div class=\"col-sm-9\">\r\n                                 <div class=\"clsShopPreviCart no-mar\">\r\n                                    <p class=\"dc clsPreHead textb\"> ##REQUESTOR_NAME## cancelled the booking.</p>\r\n                                    <table border=\"0\" width=\"100%\">\r\n                                       <p class=\"dc clsPreHead textb\">\r\n										<tr>\r\n                                           <td>Appointment Date:</td>\r\n										   <td>##DATE##</td> \r\n									   </tr></p>                                          \r\n                                    </table>\r\n                                    <div class=\"clsCardInnBg\"> </div>\r\n                                 </div>\r\n                              </div>\r\n                           </td>\r\n			\r\n                        <tr>\r\n                           <td>&nbsp;</td>\r\n                        </tr>\r\n						</tr>\r\n                     </tbody>\r\n                  </table>\r\n                  <table style=\"background-color: #ffffff;\" width=\"100%\">\r\n                     <tbody>\r\n                        <tr>\r\n                           <td>\r\n                              <div style=\"border-top: 1px solid #d6d6d6; padding: 15px 30px 25px; margin: 0pt 30px;\">\r\n                                 <h4 style=\" font-size: 22px; font-weight: bold; text-align: center; margin: 0pt 0pt 5px; line-height: 26px; color: #30BCEF;\">Thanks,</h4>\r\n                                 <h5 style=\" color: #545454; line-height: 20px; text-align: center; margin: 0pt; font-size: 16px;\">##SITE_NAME## - <a style=\"color: #30BCEF;\" title=\"##SITE_NAME## - Collective Buying Power\" href=\"##SITE_URL##\" target=\"_blank\">##SITE_URL##</a></h5>\r\n                              </div>\r\n                           </td>\r\n                        </tr>\r\n                     </tbody>\r\n                  </table>\r\n               </td>\r\n            </tr>\r\n         </tbody>\r\n      </table>\r\n   </div>\r\n   <table cellspacing=\"0\" cellpadding=\"0\" width=\"720px\">\r\n      <tbody>\r\n         <tr>\r\n            <td align=\"center\">\r\n               <p style=\"font-size: 11px; color: #929292; margin: 3px; padding-top: 10px;\">Delivered by <a style=\"color: #30BCEF;\" title=\"##SITE_NAME##\" href=\"##SITE_URL##\" target=\"_blank\">##SITE_NAME##</a></p>\r\n            </td>\r\n         </tr>\r\n      </tbody>\r\n   </table>\r\n</div>',	'',	'##FROM_EMAIL##',	'we will send this mail, when user cancelled the service.',	'##REPLY_TO_EMAIL##',	NULL),
(37,	'2017-12-30 13:50:23',	'2017-12-30 13:50:23',	'Service Request Expired',	'[##SITE_NAME##] Your booking request is expired',	'<link href=\"http://fonts.googleapis.com/css?family=Open+Sans\" rel=\"stylesheet\" type=\"text/css\" />\r\n<div style=\"margin: 5px 0pt; padding: 20px; width: 700px; font-family: Open Sans,sans-serif; background-color: #f2f2f2; background-repeat: no-repeat;-webkit-border-radius: 10px;\r\n   -moz-border-radius: 10px;\r\n   border-radius: 10px;\">\r\n   <div style=\"border-bottom: 1px solid #ccc; margin: 0pt; background: -moz-linear-gradient(top, #ffffff 0%, #f2f2f2 100%);\r\n      background: -webkit-linear-gradient(top, #ffffff 0%,#f2f2f2 100%);\r\n      background: -o-linear-gradient(top, #ffffff 0%,#f2f2f2 100%);\r\n      background: -ms-linear-gradient(top, #ffffff 0%,#f2f2f2 100%);\r\n      filter: progid:DXImageTransform.Microsoft.gradient( startColorstr=\'\'\'\'#ffffff\'\'\'\', endColorstr=\'\'\'\'#f2f2f2\'\'\'\',GradientType=0 ); \r\n      min-height: 70px;\">\r\n      <table cellspacing=\"0\" cellpadding=\"0\" width=\"700\">\r\n         <tbody>\r\n            <tr>\r\n               <td  valign=\"top\" style=\"padding:14px 0 0 10px; width: 110px; min-height: 37px;\">\r\n                  <a style=\"color: #0981be;\" title=\"##SITE_NAME##\" href=\"#\" target=\"_blank\"></a>\r\n                  <a style=\"color: #0981be;\" title=\"##SITE_NAME##\" href=\"##SITE_URL##\" target=\"_blank\">\r\n                  <img style=\"padding-right: 15px; border: 0px 1px 0px 0px none solid none none -moz-use-text-color #333333 -moz-use-text-color -moz-use-text-color;\" alt=\"[Image: ##SITE_NAME##]\" src=\"##SITE_URL##/images/logo.png\" />\r\n                  </a>\r\n               </td>\r\n            </tr>\r\n         </tbody>\r\n      </table>\r\n   </div>\r\n   <div style=\" padding: 20px; background-repeat: no-repeat; background-color: #ffffff; box-shadow: 0 0 7px rgba(0, 0, 0, 0.067);\">\r\n      <table style=\"background-color: #ffffff;\" width=\"100%\">\r\n         <tbody>\r\n            <tr>\r\n               <td style=\"padding: 20px 30px 5px;\">\r\n                  <p style=\"color: #545454; font-size: 18px;\">Hi ##REQUESTOR_NAME##,</p>\r\n                  <table border=\"0\" width=\"100%\">\r\n                     <tbody>\r\n                        <tr>\r\n                           <td>\r\n                              <div class=\"col-sm-9\">\r\n                                 <div class=\"clsShopPreviCart no-mar\">\r\n                                    <p class=\"dc clsPreHead textb\"> ##SERVICE_PROVIDER## still not respond for your booking for ##APPOINTMENT_FROM_DATE##. So system will expired the booking and amount is revised. Please find other service provider book it.</p>\r\n                                    <div class=\"clsCardInnBg\"> </div>\r\n                                 </div>\r\n                              </div>\r\n                           </td>\r\n			\r\n                        <tr>\r\n                           <td>&nbsp;</td>\r\n                        </tr>\r\n						</tr>\r\n                     </tbody>\r\n                  </table>\r\n                  <table style=\"background-color: #ffffff;\" width=\"100%\">\r\n                     <tbody>\r\n                        <tr>\r\n                           <td>\r\n                              <div style=\"border-top: 1px solid #d6d6d6; padding: 15px 30px 25px; margin: 0pt 30px;\">\r\n                                 <h4 style=\" font-size: 22px; font-weight: bold; text-align: center; margin: 0pt 0pt 5px; line-height: 26px; color: #30BCEF;\">Thanks,</h4>\r\n                                 <h5 style=\" color: #545454; line-height: 20px; text-align: center; margin: 0pt; font-size: 16px;\">##SITE_NAME## - <a style=\"color: #30BCEF;\" title=\"##SITE_NAME## - Collective Buying Power\" href=\"##SITE_URL##\" target=\"_blank\">##SITE_URL##</a></h5>\r\n                              </div>\r\n                           </td>\r\n                        </tr>\r\n                     </tbody>\r\n                  </table>\r\n               </td>\r\n            </tr>\r\n         </tbody>\r\n      </table>\r\n   </div>\r\n   <table cellspacing=\"0\" cellpadding=\"0\" width=\"720px\">\r\n      <tbody>\r\n         <tr>\r\n            <td align=\"center\">\r\n               <p style=\"font-size: 11px; color: #929292; margin: 3px; padding-top: 10px;\">Delivered by <a style=\"color: #30BCEF;\" title=\"##SITE_NAME##\" href=\"##SITE_URL##\" target=\"_blank\">##SITE_NAME##</a></p>\r\n            </td>\r\n         </tr>\r\n      </tbody>\r\n   </table>\r\n</div>',	'',	'##FROM_EMAIL##',	'we will send this mail, when service request moved to Expired status.',	'##REPLY_TO_EMAIL##',	NULL),
(38,	'2018-01-09 07:48:09',	'2018-01-09 07:48:09',	'Review - Remainder Notification',	'[##SITE_NAME##] Please give your rating and review about ##FIRSTNAME## ##LASTNAME##',	'<link href=\"http://fonts.googleapis.com/css?family=Open+Sans\" rel=\"stylesheet\" type=\"text/css\" />\r\n<div style=\"margin: 5px 0pt; padding: 20px; width: 700px; font-family: Open Sans,sans-serif; background-color: #f2f2f2; background-repeat: no-repeat;-webkit-border-radius: 10px;\r\n   -moz-border-radius: 10px;\r\n   border-radius: 10px;\">\r\n   <div style=\"border-bottom: 1px solid #ccc; margin: 0pt; background: -moz-linear-gradient(top, #ffffff 0%, #f2f2f2 100%);\r\n      background: -webkit-linear-gradient(top, #ffffff 0%,#f2f2f2 100%);\r\n      background: -o-linear-gradient(top, #ffffff 0%,#f2f2f2 100%);\r\n      background: -ms-linear-gradient(top, #ffffff 0%,#f2f2f2 100%);\r\n      filter: progid:DXImageTransform.Microsoft.gradient( startColorstr=\'\'\'\'#ffffff\'\'\'\', endColorstr=\'\'\'\'#f2f2f2\'\'\'\',GradientType=0 ); \r\n      min-height: 70px;\">\r\n      <table cellspacing=\"0\" cellpadding=\"0\" width=\"700\">\r\n         <tbody>\r\n            <tr>\r\n               <td  valign=\"top\" style=\"padding:14px 0 0 10px; width: 110px; min-height: 37px;\">\r\n                  <a style=\"color: #0981be;\" title=\"##SITE_NAME##\" href=\"#\" target=\"_blank\"></a>\r\n                  <a style=\"color: #0981be;\" title=\"##SITE_NAME##\" href=\"##SITE_URL##\" target=\"_blank\">\r\n                  <img style=\"padding-right: 15px; border: 0px 1px 0px 0px none solid none none -moz-use-text-color #333333 -moz-use-text-color -moz-use-text-color;\" alt=\"[Image: ##SITE_NAME##]\" src=\"##SITE_URL##/images/logo.png\" />\r\n                  </a>\r\n               </td>\r\n            </tr>\r\n         </tbody>\r\n      </table>\r\n   </div>\r\n   <div style=\" padding: 20px; background-repeat: no-repeat; background-color: #ffffff; box-shadow: 0 0 7px rgba(0, 0, 0, 0.067);\">\r\n      <table style=\"background-color: #ffffff;\" width=\"100%\">\r\n         <tbody>\r\n            <tr>\r\n               <td style=\"padding: 20px 30px 5px;\">\r\n                  <p style=\"color: #545454; font-size: 18px;\">Hi,</p>\r\n                  <table border=\"0\" width=\"100%\">\r\n                     <tbody>\r\n                        <tr>\r\n                           <td>\r\n                              <div class=\"col-sm-9\">\r\n                                 <div class=\"clsShopPreviCart no-mar\">\r\n                                    <p class=\"dc clsPreHead textb\">##FIRSTNAME## ##LASTNAME## completed the ##SERVICENAME##. Please give your rating and review about  ##FIRSTNAME## ##LASTNAME##.</p>\r\n									<p class=\"dc clsPreHead textb\">POST your rating and review: ##SERVICEURL##</p>\r\n                                    <div class=\"clsCardInnBg\"> </div>\r\n                                 </div>\r\n                              </div>\r\n                           </td>\r\n			\r\n                        <tr>\r\n                           <td>&nbsp;</td>\r\n                        </tr>\r\n						</tr>\r\n                     </tbody>\r\n                  </table>\r\n                  <table style=\"background-color: #ffffff;\" width=\"100%\">\r\n                     <tbody>\r\n                        <tr>\r\n                           <td>\r\n                              <div style=\"border-top: 1px solid #d6d6d6; padding: 15px 30px 25px; margin: 0pt 30px;\">\r\n                                 <h4 style=\" font-size: 22px; font-weight: bold; text-align: center; margin: 0pt 0pt 5px; line-height: 26px; color: #30BCEF;\">Thanks,</h4>\r\n                                 <h5 style=\" color: #545454; line-height: 20px; text-align: center; margin: 0pt; font-size: 16px;\">##SITE_NAME## - <a style=\"color: #30BCEF;\" title=\"##SITE_NAME## - Collective Buying Power\" href=\"##SITE_URL##\" target=\"_blank\">##SITE_URL##</a></h5>\r\n                              </div>\r\n                           </td>\r\n                        </tr>\r\n                     </tbody>\r\n                  </table>\r\n               </td>\r\n            </tr>\r\n         </tbody>\r\n      </table>\r\n   </div>\r\n   <table cellspacing=\"0\" cellpadding=\"0\" width=\"720px\">\r\n      <tbody>\r\n         <tr>\r\n            <td align=\"center\">\r\n               <p style=\"font-size: 11px; color: #929292; margin: 3px; padding-top: 10px;\">Delivered by <a style=\"color: #30BCEF;\" title=\"##SITE_NAME##\" href=\"##SITE_URL##\" target=\"_blank\">##SITE_NAME##</a></p>\r\n            </td>\r\n         </tr>\r\n      </tbody>\r\n   </table>\r\n</div>',	'',	'##FROM_EMAIL##',	'we will send this mail, when service nor reviewd',	'##REPLY_TO_EMAIL##',	NULL),
(39,	'2016-05-13 00:08:27',	'2016-05-13 00:08:27',	'New Interest Received',	'##SITE_NAME## ##SERVICE_PROVIDER_FIRSTNAME## ##SERVICE_PROVIDER_LASTNAME## made interest to work ##SERVICENAME##',	'<link href=\"http://fonts.googleapis.com/css?family=Open+Sans\" rel=\"stylesheet\" type=\"text/css\" />\r\n<div style=\"margin: 5px 0pt; padding: 20px; width: 700px; font-family: Open Sans,sans-serif; background-color: #f2f2f2; background-repeat: no-repeat;-webkit-border-radius: 10px;\r\n   -moz-border-radius: 10px;\r\n   border-radius: 10px;\">\r\n   <div style=\"border-bottom: 1px solid #ccc; margin: 0pt; background: -moz-linear-gradient(top, #ffffff 0%, #f2f2f2 100%);\r\n      background: -webkit-linear-gradient(top, #ffffff 0%,#f2f2f2 100%);\r\n      background: -o-linear-gradient(top, #ffffff 0%,#f2f2f2 100%);\r\n      background: -ms-linear-gradient(top, #ffffff 0%,#f2f2f2 100%);\r\n      filter: progid:DXImageTransform.Microsoft.gradient( startColorstr=\'\'\'\'#ffffff\'\'\'\', endColorstr=\'\'\'\'#f2f2f2\'\'\'\',GradientType=0 ); \r\n      min-height: 70px;\">\r\n      <table cellspacing=\"0\" cellpadding=\"0\" width=\"700\">\r\n         <tbody>\r\n            <tr>\r\n               <td  valign=\"top\" style=\"padding:14px 0 0 10px; width: 110px; min-height: 37px;\">\r\n                  <a style=\"color: #0981be;\" title=\"##SITE_NAME##\" href=\"#\" target=\"_blank\"></a>\r\n                  <a style=\"color: #0981be;\" title=\"##SITE_NAME##\" href=\"##SITE_URL##\" target=\"_blank\">\r\n                  <img style=\"padding-right: 15px; border: 0px 1px 0px 0px none solid none none -moz-use-text-color #333333 -moz-use-text-color -moz-use-text-color;\" alt=\"[Image: ##SITE_NAME##]\" src=\"##SITE_URL##/images/logo.png\" />\r\n                  </a>\r\n               </td>\r\n            </tr>\r\n         </tbody>\r\n      </table>\r\n   </div>\r\n   <div style=\" padding: 20px; background-repeat: no-repeat; background-color: #ffffff; box-shadow: 0 0 7px rgba(0, 0, 0, 0.067);\">\r\n      <table style=\"background-color: #ffffff;\" width=\"100%\">\r\n         <tbody>\r\n            <tr>\r\n               <td style=\"padding: 20px 30px 5px;\">\r\n                  <p style=\"color: #545454; font-size: 18px;\">Hi ##USERNAME##,</p>\r\n                  <table border=\"0\" width=\"100%\">\r\n                     <tbody>\r\n                        <tr>\r\n                           <td>\r\n                              <div class=\"col-sm-9\">\r\n                                 <div class=\"clsShopPreviCart no-mar\">\r\n                                    <p class=\"dc clsPreHead textb\">##SERVICE_PROVIDER_FIRSTNAME## ##SERVICE_PROVIDER_LASTNAME## made interest to work ##SERVICENAME## you posted.</p>\r\n                                    <p>\r\n                                    See his calendar and book if the profile is good for you ##CALENDAR_URL##\r\n                                    </p>\r\n                                    \r\n                                    <div class=\"clsCardInnBg\"> </div>\r\n                                 </div>\r\n                              </div>\r\n                           </td>\r\n			\r\n                        <tr>\r\n                           <td>&nbsp;</td>\r\n                        </tr>\r\n						</tr>\r\n                     </tbody>\r\n                  </table>\r\n                  <table style=\"background-color: #ffffff;\" width=\"100%\">\r\n                     <tbody>\r\n                        <tr>\r\n                           <td>\r\n                              <div style=\"border-top: 1px solid #d6d6d6; padding: 15px 30px 25px; margin: 0pt 30px;\">\r\n                                 <h4 style=\" font-size: 22px; font-weight: bold; text-align: center; margin: 0pt 0pt 5px; line-height: 26px; color: #30BCEF;\">Thanks,</h4>\r\n                                 <h5 style=\" color: #545454; line-height: 20px; text-align: center; margin: 0pt; font-size: 16px;\">##SITE_NAME## - <a style=\"color: #30BCEF;\" title=\"##SITE_NAME## - Collective Buying Power\" href=\"##SITE_URL##\" target=\"_blank\">##SITE_URL##</a></h5>\r\n                              </div>\r\n                           </td>\r\n                        </tr>\r\n                     </tbody>\r\n                  </table>\r\n               </td>\r\n            </tr>\r\n         </tbody>\r\n      </table>\r\n      <table style=\"margin-top: 2px; background-color: #f5f5f5;\" width=\"100%\">\r\n         <tbody>\r\n            <tr>\r\n               <td>\r\n                  <p style=\" color: #000; font-size: 12px; text-align: center; line-height: 16px; margin: 10px;\">Need help? Have feedback? Feel free to <a style=\"color: #30BCEF;\" title=\"Contact ##SITE_NAME##\" href=\"##SITE_URL##/contactus\" target=\"_blank\">Contact Us</a></p>\r\n               </td>\r\n            </tr>\r\n         </tbody>\r\n      </table>\r\n   </div>\r\n   <table cellspacing=\"0\" cellpadding=\"0\" width=\"720px\">\r\n      <tbody>\r\n         <tr>\r\n            <td align=\"center\">\r\n               <p style=\"font-size: 11px; color: #929292; margin: 3px; padding-top: 10px;\">Delivered by <a style=\"color: #30BCEF;\" title=\"##SITE_NAME##\" href=\"##SITE_URL##\" target=\"_blank\">##SITE_NAME##</a></p>\r\n            </td>\r\n         </tr>\r\n      </tbody>\r\n   </table>\r\n</div>',	'',	'##FROM_EMAIL##',	'We will send this email when request user post their interest',	'##REPLY_TO_EMAIL##',	'Request/Request'),
(40,	'2016-05-13 00:08:27',	'2016-05-13 00:08:27',	'New listing published',	'##SITE_NAME## New service listing for ##SERVICE_NAME##',	'<link href=\"http://fonts.googleapis.com/css?family=Open+Sans\" rel=\"stylesheet\" type=\"text/css\" />\n<div style=\"margin: 5px 0pt; padding: 20px; width: 700px; font-family: Open Sans,sans-serif; background-color: #f2f2f2; background-repeat: no-repeat;-webkit-border-radius: 10px;\n   -moz-border-radius: 10px;\n   border-radius: 10px;\">\n   <div style=\"border-bottom: 1px solid #ccc; margin: 0pt; background: -moz-linear-gradient(top, #ffffff 0%, #f2f2f2 100%);\n      background: -webkit-linear-gradient(top, #ffffff 0%,#f2f2f2 100%);\n      background: -o-linear-gradient(top, #ffffff 0%,#f2f2f2 100%);\n      background: -ms-linear-gradient(top, #ffffff 0%,#f2f2f2 100%);\n      filter: progid:DXImageTransform.Microsoft.gradient( startColorstr=\'\'#ffffff\'\', endColorstr=\'\'#f2f2f2\'\',GradientType=0 ); \n      min-height: 70px;\">\n      <table cellspacing=\"0\" cellpadding=\"0\" width=\"700\">\n         <tbody>\n            <tr>\n               <td  valign=\"top\" style=\"padding:14px 0 0 10px; width: 110px; min-height: 37px;\">\n                  <a style=\"color: #0981be;\" title=\"##SITE_NAME##\" href=\"#\" target=\"_blank\"></a>\n                  <a style=\"color: #0981be;\" title=\"##SITE_NAME##\" href=\"##SITE_URL##\" target=\"_blank\">\n                  <img style=\"padding-right: 15px; border: 0px 1px 0px 0px none solid none none -moz-use-text-color #333333 -moz-use-text-color -moz-use-text-color;\" alt=\"[Image: ##SITE_NAME##]\" src=\"##SITE_URL##/images/logo.png\" />\n                  </a>\n               </td>\n            </tr>\n         </tbody>\n      </table>\n   </div>\n   <div style=\" padding: 20px; background-repeat: no-repeat; background-color: #ffffff; box-shadow: 0 0 7px rgba(0, 0, 0, 0.067);\">\n      <table style=\"background-color: #ffffff;\" width=\"100%\">\n         <tbody>\n            <tr>\n               <td style=\"padding: 20px 30px 5px;\">\n                  <p style=\"color: #545454; font-size: 18px;\">Hi ##USERNAME##,</p>\n                  <table border=\"0\" width=\"100%\">\n                     <tbody>\n                        <tr>\n                           <td>\n                              <div class=\"col-sm-9\">\n                                 <div class=\"clsShopPreviCart no-mar\">\n                                    <p class=\"dc clsPreHead textb\">New service listing for ##SERVICE_NAME## in your area.</p>\n                                    <p>\n                                    See the profile: ##CALENDAR_URL##\n                                    </p>\n                                    \n                                    <div class=\"clsCardInnBg\"> </div>\n                                 </div>\n                              </div>\n                           </td>\n			\n                        <tr>\n                           <td>&nbsp;</td>\n                        </tr>\n						</tr>\n                     </tbody>\n                  </table>\n                  <table style=\"background-color: #ffffff;\" width=\"100%\">\n                     <tbody>\n                        <tr>\n                           <td>\n                              <div style=\"border-top: 1px solid #d6d6d6; padding: 15px 30px 25px; margin: 0pt 30px;\">\n                                 <h4 style=\" font-size: 22px; font-weight: bold; text-align: center; margin: 0pt 0pt 5px; line-height: 26px; color: #30BCEF;\">Thanks,</h4>\n                                 <h5 style=\" color: #545454; line-height: 20px; text-align: center; margin: 0pt; font-size: 16px;\">##SITE_NAME## - <a style=\"color: #30BCEF;\" title=\"##SITE_NAME## - Collective Buying Power\" href=\"##SITE_URL##\" target=\"_blank\">##SITE_URL##</a></h5>\n                              </div>\n                           </td>\n                        </tr>\n                     </tbody>\n                  </table>\n               </td>\n            </tr>\n         </tbody>\n      </table>\n      <table style=\"margin-top: 2px; background-color: #f5f5f5;\" width=\"100%\">\n         <tbody>\n            <tr>\n               <td>\n                  <p style=\" color: #000; font-size: 12px; text-align: center; line-height: 16px; margin: 10px;\">Need help? Have feedback? Feel free to <a style=\"color: #30BCEF;\" title=\"Contact ##SITE_NAME##\" href=\"##CONTACT_EMAIL##\" target=\"_blank\">Contact Us</a></p>\n               </td>\n            </tr>\n         </tbody>\n      </table>\n   </div>\n   <table cellspacing=\"0\" cellpadding=\"0\" width=\"720px\">\n      <tbody>\n         <tr>\n            <td align=\"center\">\n               <p style=\"font-size: 11px; color: #929292; margin: 3px; padding-top: 10px;\">Delivered by <a style=\"color: #30BCEF;\" title=\"##SITE_NAME##\" href=\"##SITE_URL##\" target=\"_blank\">##SITE_NAME##</a></p>\n            </td>\n         </tr>\n      </tbody>\n   </table>\n</div>',	'',	'##FROM_EMAIL##',	'We will send this email when New listing published',	'##REPLY_TO_EMAIL##',	'');

DROP TABLE IF EXISTS `faqs`;
CREATE TABLE `faqs` (
  `id` bigint(20) unsigned NOT NULL AUTO_INCREMENT,
  `created_at` timestamp NULL DEFAULT NULL,
  `updated_at` timestamp NULL DEFAULT NULL,
  `faq_question` varchar(255) COLLATE utf8_unicode_ci NOT NULL,
  `faq_answer` text COLLATE utf8_unicode_ci NOT NULL,
  PRIMARY KEY (`id`)
) ENGINE=InnoDB DEFAULT CHARSET=utf8 COLLATE=utf8_unicode_ci;

INSERT INTO `faqs` (`id`, `created_at`, `updated_at`, `faq_question`, `faq_answer`) VALUES
(1,	'2017-11-23 06:38:27',	'2017-11-23 06:38:27',	'What is a Ondemandservicemarketplace.com?',	'A Ondemandservicemarketplace.com is a dog sitter - they love dogs, caring for them in their own home as if they were part of their own family. Each of our reliable assistants has been vetted by us and reviewed by other assistant.'),
(2,	'2017-11-23 06:38:27',	'2017-11-23 06:38:27',	'How does it work?',	'We provide an easy way to find and book a reliable and caring dog sitter in your local area, in a few simple steps online. For added peace of mind all bookings are covered by vet and public liability insurance as well as 24/7 emergency veterinary support.'),
(3,	'2017-11-23 06:38:27',	'2017-11-23 06:38:27',	'What services are available?',	'You can choose from \'Dog Boarding\' (24 hours - day and night - in the assistant\'s home), \'Dog Day Care\' (during the day only), and \'Dog Walking\'. Our dog sitters may offer all, or some of these services, as displayed on their listing.'),
(4,	'2017-11-23 06:38:27',	'2017-11-23 06:38:27',	'How do I book?',	'After you send a reservation request your assistant will have 24 hours to confirm or decline. You will only be charged when your booking is confirmed.'),
(5,	'2017-11-23 06:38:27',	'2017-11-23 06:38:27',	'Can I meet the assistant before the booking starts?',	'Of course! After your booking is confirmed, you can arrange a \'meet & greet\' - a chance for your dog and their new assistant to get to know each other before the booking begins.'),
(6,	'2017-11-23 06:38:27',	'2017-11-23 06:38:27',	'Can I cancel my booking?',	'You can cancel your booking at any time. If your booking hasn\'t been confirmed you\'ll receive a full refund. If your booking has already been confirmed, the refund will depend on your assistant\'s cancellation policy as shown on their listing.'),
(7,	'2017-11-23 06:38:27',	'2017-11-23 06:38:27',	'How do I know if my dog is safe?',	'Your dog\'s safety is our highest priority. You\'ll receive regular photo updates of your happy hound while your dog is with their assistant. Plus, for any unforeseen circumstances all bookings made with ondemandservicemarketplace.com include free, comprehensive vet and public liability insurance, and 24/7 emergency veterinary support.');

DROP TABLE IF EXISTS `form_fields`;
CREATE TABLE `form_fields` (
  `id` bigint(20) NOT NULL AUTO_INCREMENT,
  `created_at` datetime DEFAULT NULL,
  `updated_at` datetime DEFAULT NULL,
  `name` varchar(510) COLLATE utf8_unicode_ci DEFAULT NULL,
  `label` varchar(510) COLLATE utf8_unicode_ci DEFAULT NULL,
  `info` varchar(510) COLLATE utf8_unicode_ci DEFAULT NULL,
  `label_for_search_form` varchar(510) COLLATE utf8_unicode_ci DEFAULT NULL,
  `length` bigint(20) DEFAULT NULL,
  `options` longtext COLLATE utf8_unicode_ci,
  `class` longtext COLLATE utf8_unicode_ci,
  `input_type_id` bigint(20) unsigned DEFAULT NULL,
  `foreign_id` int(11) DEFAULT NULL,
  `form_field_group_id` bigint(20) unsigned DEFAULT NULL,
  `is_required` tinyint(4) NOT NULL,
  `is_active` tinyint(4) NOT NULL,
  `display_order` int(11) NOT NULL,
  `depends_on` varchar(45) COLLATE utf8_unicode_ci DEFAULT NULL,
  `depends_value` varchar(45) COLLATE utf8_unicode_ci DEFAULT NULL,
  `is_enable_this_field_in_search_form` tinyint(1) NOT NULL DEFAULT '0',
  PRIMARY KEY (`id`),
  KEY `form_fields_foreign_id` (`foreign_id`),
  KEY `form_fields_form_field_group_id` (`form_field_group_id`),
  KEY `form_fields_input_type_id` (`input_type_id`),
  CONSTRAINT `form_fields_ibfk_1` FOREIGN KEY (`input_type_id`) REFERENCES `input_types` (`id`) ON DELETE SET NULL ON UPDATE NO ACTION,
  CONSTRAINT `form_fields_ibfk_2` FOREIGN KEY (`form_field_group_id`) REFERENCES `form_field_groups` (`id`) ON DELETE SET NULL ON UPDATE NO ACTION
) ENGINE=InnoDB DEFAULT CHARSET=utf8 COLLATE=utf8_unicode_ci;

INSERT INTO `form_fields` (`id`, `created_at`, `updated_at`, `name`, `label`, `info`, `label_for_search_form`, `length`, `options`, `class`, `input_type_id`, `foreign_id`, `form_field_group_id`, `is_required`, `is_active`, `display_order`, `depends_on`, `depends_value`, `is_enable_this_field_in_search_form`) VALUES
(1,	'2017-12-15 14:03:37',	'2017-12-15 14:03:37',	'gender_category_2',	'Gender',	NULL,	'Gender',	NULL,	'Male,Female',	'Category',	5,	2,	1,	1,	1,	1,	NULL,	NULL,	0),
(2,	'2017-12-15 14:03:37',	'2017-12-15 14:03:37',	'age_category_2',	'Age',	NULL,	'Age',	NULL,	NULL,	'Category',	1,	2,	1,	1,	1,	2,	NULL,	NULL,	0),
(3,	'2017-12-15 14:03:37',	'2017-12-15 14:03:37',	'language_Known_category_2',	'Language you can speak?',	NULL,	'Language Known?',	NULL,	'Danish,Dutch,English,German,French,Italian,Portuguese,Spanish',	'Category',	4,	2,	1,	0,	1,	3,	NULL,	NULL,	1),
(4,	'2017-12-15 14:16:18',	'2017-12-15 14:16:18',	'gender_category_1',	'Gender',	NULL,	'Gender',	NULL,	'Male,Female',	'Category',	5,	1,	2,	1,	1,	1,	NULL,	NULL,	0),
(5,	'2017-12-15 14:16:18',	'2017-12-15 14:16:18',	'age_category_1',	'Age',	NULL,	'Age',	NULL,	NULL,	'Category',	1,	1,	2,	1,	1,	2,	NULL,	NULL,	0),
(6,	'2017-12-15 14:16:18',	'2017-12-15 14:16:18',	'language_Known_category_1',	'Language you can speak?',	NULL,	'Language Known?',	NULL,	'Danish,Dutch,English,German,French,Italian,Portuguese,Spanish',	'Category',	4,	1,	2,	0,	1,	3,	NULL,	NULL,	1),
(7,	'2017-12-15 14:16:18',	'2017-12-15 14:16:18',	'having_car_category_1',	'Do you have a car?',	NULL,	'Having Car?',	NULL,	'Yes,No',	'Category',	5,	1,	3,	1,	1,	4,	NULL,	NULL,	1),
(8,	'2017-12-15 14:16:18',	'2017-12-29 12:32:05',	'ready_to_drive_children_category_1',	'Are you willing to drive children?',	'',	'Ready to Drive Children?',	NULL,	'Yes,No',	'Category',	5,	1,	3,	1,	1,	5,	NULL,	NULL,	1),
(9,	'2017-12-15 14:31:14',	'2017-12-15 14:31:14',	'experience_with_Infants_service_3',	'Experience with Infants (under 1 year old)',	'',	'Experience with Infants (under 1 year old)',	NULL,	'No Experience,Less Than 1 Year of experience,1-2 years of experience,2-3 years of experience,3-5 years of experience,5-10 years of experience,10+ years of experience,Not willing to work with infants',	'Service',	3,	7,	4,	1,	1,	1,	NULL,	NULL,	1),
(10,	'2017-12-15 14:31:14',	'2017-12-15 14:31:14',	'experience_with_toddlers',	'Experience with Toddlers (1-3 years old)',	NULL,	'Experience with Toddlers (1-3 years old)',	NULL,	'No Experience,Less Than 1 Year of experience,1-2 years of experience,2-3 years of experience,3-5 years of experience,5-10 years of experience,10+ years of experience,Not willing to work with toddlers',	'Service',	3,	7,	4,	1,	1,	2,	NULL,	NULL,	1),
(11,	'2017-12-15 14:31:14',	'2017-12-15 14:31:14',	'school_age_service_3',	'School age (4+ years old)',	NULL,	'School age (4+ years old)',	NULL,	'No Experience,Less Than 1 Year of experience,1-2 years of experience,2-3 years of experience,3-5 years of experience,5-10 years of experience,10+ years of experience,Not willing to work with School age children',	'Service',	3,	7,	4,	1,	1,	3,	NULL,	NULL,	1),
(12,	'2017-12-18 11:28:29',	'2017-12-18 11:28:29',	'children_name_service_7',	'Name of the Children?',	NULL,	'Name of the Children?',	NULL,	NULL,	'Service',	1,	7,	5,	1,	1,	1,	NULL,	NULL,	0),
(13,	'2017-12-18 11:28:29',	'2017-12-18 11:28:29',	'age_of_the_child_service_7',	'Age of the Child',	NULL,	'Age',	NULL,	NULL,	'Service',	1,	7,	5,	1,	1,	2,	NULL,	NULL,	0),
(14,	'2017-12-18 11:28:29',	'2017-12-18 11:28:29',	'gender_of_the_child_service_7',	'Gender of the child',	NULL,	'Gender',	NULL,	'Male,Female',	'Service',	3,	7,	5,	1,	1,	3,	NULL,	NULL,	0),
(15,	'2017-12-26 10:55:24',	'2017-12-26 11:02:31',	'experience_category_3',	'Your Experience',	NULL,	'Your Experience',	NULL,	'0 - 6 months, 6 months - 1 year, 1 - 2 years, 2 - 5 years, 5 - 10 years, 10+ years',	'Category',	3,	3,	6,	1,	1,	1,	NULL,	NULL,	1),
(16,	'2017-12-26 10:55:24',	'2017-12-26 11:02:31',	'language_Known_category_3',	'Language you can speak?',	NULL,	'Language Known?',	NULL,	'Danish,Dutch,English,German,French,Italian,Portuguese,Spanish',	'Category',	4,	3,	6,	1,	1,	2,	NULL,	NULL,	1),
(17,	'2017-12-27 15:22:13',	'2017-12-27 15:22:13',	'subject_offered_category_2',	'Subjects offered',	NULL,	'Subjects offered',	NULL,	'English,History,Mathematics',	'Service',	4,	10,	7,	1,	1,	1,	NULL,	NULL,	1),
(18,	'2017-12-27 15:22:13',	'2017-12-27 15:22:13',	'age_group_category_2',	'Age Groups',	NULL,	'Age Groups',	NULL,	'Secondary school,A-levels,Adults,Primary School',	'Service',	4,	10,	7,	1,	1,	2,	NULL,	NULL,	1),
(19,	'2017-12-27 15:26:28',	'2017-12-27 15:26:28',	'language_Known_category_4',	'Language you can speak?',	NULL,	'Language Known?',	NULL,	'English,Arabic,Malay,Spanish',	'Category',	4,	4,	8,	1,	1,	1,	NULL,	NULL,	1),
(20,	'2017-12-27 15:43:31',	'2017-12-27 15:43:31',	'checkup_category_5',	'Do you existing of this practice?',	NULL,	'Do you existing of this practice?',	NULL,	NULL,	'Category',	2,	5,	9,	1,	1,	1,	NULL,	NULL,	0),
(21,	'2017-12-27 15:43:31',	'2017-12-28 06:57:48',	'experience_category_5',	'Your Experience',	NULL,	'Your Experience',	NULL,	'0 - 6 months,6 months - 1 year,1 - 2 years,2 - 5 years,5 - 10 years,10+ years',	'Category',	3,	5,	9,	1,	1,	2,	NULL,	NULL,	1),
(22,	'2017-12-27 16:18:14',	'2017-12-27 16:18:14',	'property_category_1',	'Property type',	NULL,	'Property type',	NULL,	'Apartment,House',	'Category',	3,	1,	10,	1,	1,	1,	NULL,	NULL,	1),
(23,	'2017-12-27 16:18:14',	'2017-12-27 16:18:14',	'outdoor_category_1',	'Outdoor areas',	NULL,	'Outdoor areas',	NULL,	'Balcony,Garden,Terrace/Patio',	'Category',	4,	1,	10,	1,	1,	2,	NULL,	NULL,	1),
(24,	'2017-12-27 16:18:14',	'2017-12-27 16:18:14',	'resident_category_1',	'Resident dogs',	NULL,	'Resident dogs',	NULL,	'One,Two,Three,Four,Five,Six,Seven,Eight,Nine,Ten',	'Category',	3,	1,	10,	1,	1,	3,	NULL,	NULL,	1),
(25,	'2017-12-27 16:18:14',	'2017-12-27 16:18:14',	'other_resident_category_1',	'Other resident pets',	NULL,	'Other resident pets',	NULL,	'',	'Category',	2,	1,	10,	1,	1,	4,	NULL,	NULL,	1),
(26,	'2017-12-27 16:18:14',	'2017-12-27 16:18:14',	'experience_caring_category_1',	'Years of experience caring for dogs',	NULL,	'Years of experience caring for dogs',	NULL,	'Less than 2 years,2 to 5 years,More than 5Years',	'Category',	3,	1,	11,	1,	1,	1,	NULL,	NULL,	1),
(27,	'2017-12-27 16:18:15',	'2017-12-27 16:18:15',	'dog_care_category_1',	'Others',	NULL,	'Others',	NULL,	'Dog care is my primary occupation,I have a car for emergencies,I can administer oral medication,I can administer injections,I am dog CPR/first aid certified,I have children under 18 in the household',	'Category',	4,	1,	11,	1,	1,	2,	NULL,	NULL,	1),
(28,	'2017-12-29 08:04:04',	'2017-12-29 08:28:06',	'experience_service_15',	'Professional Experience',	NULL,	'Your Experience',	NULL,	'0 - 6 months,6 months - 1 year,1 - 2 years,2 - 5 years,5 - 10 years,10+ years',	'Service',	3,	15,	13,	1,	1,	1,	NULL,	NULL,	1),
(29,	'2017-12-29 08:04:04',	'2017-12-29 08:12:49',	'qualification_service_15',	'Qualifications',	NULL,	'Qualifications',	NULL,	'',	'Service',	2,	15,	13,	1,	1,	2,	NULL,	NULL,	1),
(30,	'2017-12-29 08:12:16',	'2017-12-29 08:12:16',	'qualification_service_16',	'Qualification',	NULL,	'Qualification',	NULL,	'',	'Service',	2,	16,	14,	1,	1,	1,	NULL,	NULL,	1),
(31,	'2017-12-29 08:12:17',	'2017-12-29 08:31:22',	'experience_service_16',	'Professional Experience',	NULL,	'Your experience',	NULL,	'0 - 6 months,6 months - 1 year,1 - 2 years,2 - 5 years,5 - 10 years,10+ years',	'Service',	3,	16,	14,	1,	1,	2,	NULL,	NULL,	1);

DROP TABLE IF EXISTS `form_field_groups`;
CREATE TABLE `form_field_groups` (
  `id` bigint(20) unsigned NOT NULL AUTO_INCREMENT,
  `created_at` datetime DEFAULT NULL,
  `updated_at` datetime DEFAULT NULL,
  `name` varchar(255) COLLATE utf8_unicode_ci DEFAULT NULL,
  `slug` varchar(255) COLLATE utf8_unicode_ci DEFAULT NULL,
  `foreign_id` bigint(20) DEFAULT NULL,
  `info` longtext COLLATE utf8_unicode_ci,
  `order` bigint(20) DEFAULT NULL,
  `class` varchar(255) COLLATE utf8_unicode_ci DEFAULT NULL,
  `is_deletable` tinyint(4) DEFAULT '1',
  `is_editable` tinyint(4) DEFAULT '1',
  `is_belongs_to_service_provider` tinyint(4) DEFAULT '1',
  PRIMARY KEY (`id`),
  KEY `form_field_groups_class_idx` (`class`),
  KEY `form_field_groups_contest_type_id_idx` (`foreign_id`),
  KEY `form_field_groups_name` (`name`),
  KEY `form_field_groups_slug_idx` (`slug`)
) ENGINE=InnoDB DEFAULT CHARSET=utf8 COLLATE=utf8_unicode_ci;

INSERT INTO `form_field_groups` (`id`, `created_at`, `updated_at`, `name`, `slug`, `foreign_id`, `info`, `order`, `class`, `is_deletable`, `is_editable`, `is_belongs_to_service_provider`) VALUES
(1,	'2017-12-15 14:03:37',	'2017-12-15 14:03:37',	'Background',	'background',	2,	NULL,	NULL,	'Category',	1,	1,	1),
(2,	'2017-12-15 14:16:18',	'2017-12-15 14:16:18',	'Background',	'background',	1,	NULL,	NULL,	'Category',	1,	1,	1),
(3,	'2017-12-15 14:16:18',	'2017-12-15 14:16:18',	'Transportation',	'transportation',	1,	NULL,	NULL,	'Category',	1,	1,	1),
(4,	'2017-12-15 14:31:14',	'2017-12-15 14:31:14',	'Experience',	'experience',	7,	NULL,	NULL,	'Service',	1,	1,	1),
(5,	'2017-12-18 11:27:15',	'2017-12-18 11:27:15',	'About Child',	'about-child',	7,	NULL,	NULL,	'Service',	1,	1,	0),
(6,	'2017-12-26 10:55:24',	'2017-12-26 10:55:24',	'Additional Information',	'additional-information',	3,	NULL,	NULL,	'Category',	1,	1,	1),
(7,	'2017-12-27 15:22:13',	'2017-12-27 15:22:13',	'Additional Information',	'additional-information',	10,	NULL,	NULL,	'Service',	1,	1,	1),
(8,	'2017-12-27 15:26:28',	'2017-12-27 15:26:28',	'Additional Information',	'additional-information',	4,	NULL,	NULL,	'Category',	1,	1,	1),
(9,	'2017-12-27 15:43:31',	'2017-12-27 15:43:31',	'Additional Information',	'additional-information',	5,	NULL,	NULL,	'Category',	1,	1,	1),
(10,	'2017-12-27 16:18:14',	'2017-12-27 16:18:14',	'Add household details',	'add-household-details',	1,	NULL,	NULL,	'Category',	1,	1,	1),
(11,	'2017-12-27 16:18:14',	'2017-12-27 16:18:14',	'Add additional information',	'add-additional-information',	1,	NULL,	NULL,	'Category',	1,	1,	1),
(13,	'2017-12-29 08:04:04',	'2017-12-29 08:04:04',	'Other Information',	'other-information',	15,	NULL,	NULL,	'Service',	1,	1,	1),
(14,	'2017-12-29 08:12:16',	'2017-12-29 08:12:16',	'Other Information',	'other-information',	16,	NULL,	NULL,	'Service',	1,	1,	1);

DROP TABLE IF EXISTS `form_field_submissions`;
CREATE TABLE `form_field_submissions` (
  `id` bigint(20) unsigned NOT NULL AUTO_INCREMENT,
  `created_at` datetime NOT NULL,
  `updated_at` datetime NOT NULL,
  `form_field_id` bigint(20) NOT NULL,
  `foreign_id` int(11) NOT NULL,
  `class` longtext COLLATE utf8_unicode_ci NOT NULL,
  `response` longtext COLLATE utf8_unicode_ci,
  `is_custom_form_field` tinyint(1) NOT NULL DEFAULT '0',
  PRIMARY KEY (`id`),
  KEY `form_field_submissions_foreign_id` (`foreign_id`),
  KEY `form_field_submissions_form_field_id` (`form_field_id`),
  CONSTRAINT `form_field_submissions_ibfk_1` FOREIGN KEY (`form_field_id`) REFERENCES `form_fields` (`id`) ON DELETE CASCADE ON UPDATE NO ACTION
) ENGINE=InnoDB DEFAULT CHARSET=utf8 COLLATE=utf8_unicode_ci;

INSERT INTO `form_field_submissions` (`id`, `created_at`, `updated_at`, `form_field_id`, `foreign_id`, `class`, `response`, `is_custom_form_field`) VALUES
(1,	'2017-12-19 14:42:44',	'2017-12-19 14:42:44',	1,	8,	'User',	'Male',	0),
(2,	'2017-12-19 14:43:38',	'2017-12-28 12:35:39',	2,	8,	'User',	'42',	0),
(3,	'2017-12-19 14:44:25',	'2017-12-28 12:35:39',	3,	8,	'User',	'Danish, Dutch, English, German, Portuguese',	0),
(4,	'2017-12-20 10:48:56',	'2017-12-27 08:22:54',	9,	8,	'User',	'3-5 years of experience',	0),
(5,	'2017-12-20 10:49:33',	'2017-12-26 14:56:55',	10,	8,	'User',	'5-10 years of experience',	0),
(6,	'2017-12-20 10:50:01',	'2017-12-27 08:22:54',	11,	8,	'User',	'10+ years of experience',	0),
(7,	'2017-12-26 11:23:19',	'2017-12-26 14:45:52',	15,	14,	'User',	' 2 - 5 years',	0),
(8,	'2017-12-26 11:23:19',	'2017-12-26 14:45:53',	16,	14,	'User',	'Danish, Dutch, English, German, Spanish',	0),
(9,	'2017-12-26 14:39:16',	'2017-12-26 14:40:06',	15,	3,	'User',	' 1 - 2 years',	0),
(10,	'2017-12-26 14:39:16',	'2017-12-26 14:40:06',	16,	3,	'User',	'Danish, Dutch, English, Italian',	0),
(11,	'2017-12-28 06:38:01',	'2017-12-28 06:41:52',	19,	15,	'User',	'English, Spanish',	0),
(13,	'2017-12-28 06:50:27',	'2017-12-28 06:58:32',	21,	16,	'User',	' 2 - 5 years',	0),
(14,	'2017-12-29 07:13:46',	'2017-12-29 07:13:46',	9,	9,	'User',	'3-5 years of experience',	0),
(15,	'2017-12-29 07:13:46',	'2017-12-29 07:13:46',	10,	9,	'User',	'5-10 years of experience',	0),
(16,	'2017-12-29 07:13:46',	'2017-12-29 07:13:46',	11,	9,	'User',	'10+ years of experience',	0),
(17,	'2017-12-29 09:10:39',	'2017-12-29 09:10:39',	9,	18,	'User',	'3-5 years of experience',	0),
(18,	'2017-12-29 09:10:39',	'2017-12-29 09:10:39',	10,	18,	'User',	'5-10 years of experience',	0),
(19,	'2017-12-29 09:10:39',	'2017-12-29 09:10:39',	11,	18,	'User',	'10+ years of experience',	0),
(20,	'2017-12-29 09:17:09',	'2017-12-29 09:17:09',	1,	18,	'User',	'Female',	0),
(21,	'2017-12-29 09:17:09',	'2017-12-29 09:17:09',	2,	18,	'User',	'28',	0),
(22,	'2017-12-29 09:17:10',	'2017-12-29 09:17:10',	3,	18,	'User',	'Danish, English, German',	0),
(23,	'2017-12-29 09:30:17',	'2017-12-29 09:30:17',	28,	17,	'User',	'1 - 2 years',	0),
(24,	'2017-12-29 09:30:17',	'2017-12-29 09:30:17',	29,	17,	'User',	'M Sc in Food and Nutrition Madras University, 1992',	0),
(25,	'2017-12-29 09:32:26',	'2017-12-29 09:32:26',	20,	17,	'User',	'yes',	0),
(26,	'2017-12-29 09:32:26',	'2017-12-29 09:32:26',	21,	17,	'User',	'6 months - 1 year',	0),
(27,	'2017-12-29 10:20:46',	'2017-12-29 10:20:46',	20,	19,	'User',	'yes',	0),
(28,	'2017-12-29 10:20:46',	'2017-12-29 10:20:46',	21,	19,	'User',	'6 months - 1 year',	0),
(29,	'2017-12-29 10:21:08',	'2017-12-29 10:21:08',	28,	19,	'User',	'1 - 2 years',	0),
(30,	'2017-12-29 10:21:08',	'2017-12-29 10:21:08',	29,	19,	'User',	'M Sc in Food and Nutrition Madras University, 1992',	0),
(31,	'2017-12-29 10:29:07',	'2017-12-29 10:29:07',	20,	20,	'User',	'yes',	0),
(32,	'2017-12-29 10:29:08',	'2017-12-29 10:29:08',	21,	20,	'User',	'1 - 2 years',	0),
(33,	'2017-12-29 10:36:02',	'2017-12-29 10:36:02',	28,	20,	'User',	'1 - 2 years',	0),
(34,	'2017-12-29 10:36:02',	'2017-12-29 10:36:02',	29,	20,	'User',	'M Sc in Food and Nutrition Madras University, 1993',	0),
(35,	'2017-12-29 10:57:25',	'2017-12-29 11:03:22',	15,	21,	'User',	'1 - 2 years',	0),
(36,	'2017-12-29 10:57:25',	'2017-12-29 10:57:25',	16,	21,	'User',	'Danish, Dutch, English',	0),
(37,	'2017-12-29 11:31:55',	'2017-12-29 11:31:55',	4,	22,	'User',	'Male',	0),
(38,	'2017-12-29 11:31:55',	'2017-12-29 11:31:55',	5,	22,	'User',	'28',	0),
(39,	'2017-12-29 11:31:55',	'2017-12-29 11:31:55',	6,	22,	'User',	'Danish, English, German',	0),
(40,	'2017-12-29 11:41:51',	'2017-12-29 11:41:51',	4,	23,	'User',	'Male',	0),
(41,	'2017-12-29 11:41:51',	'2017-12-29 11:41:51',	5,	23,	'User',	'25',	0),
(42,	'2017-12-29 11:41:51',	'2017-12-29 11:41:51',	6,	23,	'User',	'Danish, English, German',	0),
(43,	'2017-12-29 11:47:20',	'2017-12-29 11:47:20',	4,	24,	'User',	'Male',	0),
(44,	'2017-12-29 11:47:20',	'2017-12-29 11:47:20',	5,	24,	'User',	'25',	0),
(45,	'2017-12-29 11:47:20',	'2017-12-29 11:47:20',	6,	24,	'User',	'Danish, Dutch',	0),
(46,	'2017-12-29 11:59:54',	'2017-12-29 11:59:54',	4,	25,	'User',	'Male',	0),
(47,	'2017-12-29 11:59:54',	'2017-12-29 11:59:54',	5,	25,	'User',	'30',	0),
(48,	'2017-12-29 11:59:54',	'2017-12-29 11:59:54',	6,	25,	'User',	'Danish, Dutch',	0),
(49,	'2017-12-29 12:32:52',	'2017-12-29 12:32:52',	7,	25,	'User',	'Yes',	0),
(50,	'2017-12-29 12:32:52',	'2017-12-29 12:32:52',	8,	25,	'User',	'Yes',	0),
(51,	'2017-12-29 12:32:52',	'2017-12-29 12:32:52',	22,	25,	'User',	'House',	0),
(52,	'2017-12-29 12:32:52',	'2017-12-29 12:32:52',	23,	25,	'User',	'Balcony, Garden',	0),
(53,	'2017-12-29 12:32:52',	'2017-12-29 12:32:52',	24,	25,	'User',	'Two',	0),
(54,	'2017-12-29 12:32:52',	'2017-12-29 12:32:52',	25,	25,	'User',	'No',	0),
(55,	'2017-12-29 12:32:52',	'2017-12-29 12:32:52',	26,	25,	'User',	'2 to 5 years',	0),
(56,	'2017-12-29 12:32:52',	'2017-12-30 15:06:47',	27,	25,	'User',	'Dog care is my primary occupation, I have a car for emergencies, I can administer oral medication, I can administer injections',	0),
(57,	'2017-12-30 15:01:32',	'2017-12-30 15:01:32',	7,	22,	'User',	'Yes',	0),
(58,	'2017-12-30 15:01:32',	'2017-12-30 15:01:32',	8,	22,	'User',	'Yes',	0),
(59,	'2017-12-30 15:01:32',	'2017-12-30 15:01:32',	22,	22,	'User',	'Apartment',	0),
(60,	'2017-12-30 15:01:32',	'2017-12-30 15:01:32',	23,	22,	'User',	'Garden, Terrace/Patio',	0),
(61,	'2017-12-30 15:01:32',	'2017-12-30 15:01:32',	24,	22,	'User',	'Three',	0),
(62,	'2017-12-30 15:01:32',	'2017-12-30 15:01:32',	25,	22,	'User',	'No',	0),
(63,	'2017-12-30 15:01:32',	'2017-12-30 15:01:32',	26,	22,	'User',	'2 to 5 years',	0),
(64,	'2017-12-30 15:01:32',	'2017-12-30 15:01:32',	27,	22,	'User',	'Dog care is my primary occupation, I have a car for emergencies',	0),
(65,	'2017-12-30 15:02:33',	'2017-12-30 15:02:33',	7,	24,	'User',	'Yes',	0),
(66,	'2017-12-30 15:02:33',	'2017-12-30 15:02:33',	8,	24,	'User',	'Yes',	0),
(67,	'2017-12-30 15:02:33',	'2017-12-30 15:02:33',	22,	24,	'User',	'House',	0),
(68,	'2017-12-30 15:02:33',	'2017-12-30 15:02:33',	23,	24,	'User',	'Balcony, Garden',	0),
(69,	'2017-12-30 15:02:33',	'2017-12-30 15:04:14',	24,	24,	'User',	'One',	0),
(70,	'2017-12-30 15:02:33',	'2017-12-30 15:02:33',	25,	24,	'User',	'No',	0),
(71,	'2017-12-30 15:02:33',	'2017-12-30 15:04:14',	26,	24,	'User',	'2 to 5 years',	0),
(72,	'2017-12-30 15:02:33',	'2017-12-30 15:04:14',	27,	24,	'User',	'Dog care is my primary occupation, I can administer oral medication, I am dog CPR/first aid certified',	0),
(73,	'2018-01-02 10:47:31',	'2018-01-02 10:47:31',	12,	16,	'Appointment',	'Neeni',	0),
(74,	'2018-01-02 10:47:31',	'2018-01-02 10:47:31',	13,	16,	'Appointment',	'3',	0),
(75,	'2018-01-02 10:47:31',	'2018-01-02 10:47:31',	14,	16,	'Appointment',	'Female',	0),
(76,	'2018-01-02 10:52:08',	'2018-01-02 10:52:08',	12,	17,	'Appointment',	'Neeni',	0),
(77,	'2018-01-02 10:52:08',	'2018-01-02 10:52:08',	13,	17,	'Appointment',	'3',	0),
(78,	'2018-01-02 10:52:08',	'2018-01-02 10:52:08',	14,	17,	'Appointment',	'Female',	0),
(79,	'2018-01-02 11:01:15',	'2018-01-02 11:01:15',	12,	18,	'Appointment',	'Neeni',	0),
(80,	'2018-01-02 11:01:15',	'2018-01-02 11:01:15',	13,	18,	'Appointment',	'3',	0),
(81,	'2018-01-02 11:01:16',	'2018-01-02 11:01:16',	14,	18,	'Appointment',	'Female',	0),
(82,	'2018-01-02 11:05:19',	'2018-01-02 11:05:19',	12,	19,	'Appointment',	'Mic',	0),
(83,	'2018-01-02 11:05:19',	'2018-01-02 11:05:19',	13,	19,	'Appointment',	'4',	0),
(84,	'2018-01-02 11:05:19',	'2018-01-02 11:05:19',	14,	19,	'Appointment',	'Male',	0),
(85,	'2018-03-02 12:42:40',	'2018-03-02 12:42:40',	12,	2,	'Request',	'Chris Brown',	0),
(86,	'2018-03-02 12:42:40',	'2018-03-02 12:42:40',	13,	2,	'Request',	'12',	0),
(87,	'2018-03-02 12:42:40',	'2018-03-02 12:42:40',	14,	2,	'Request',	'Male',	0),
(88,	'2018-03-02 13:26:48',	'2018-03-02 13:30:34',	12,	3,	'Request',	'12',	0),
(89,	'2018-03-02 13:26:48',	'2018-03-02 13:26:48',	13,	3,	'Request',	'1',	0),
(90,	'2018-03-02 13:26:48',	'2018-03-02 13:26:48',	14,	3,	'Request',	'Male',	0),
(91,	'2018-03-02 14:25:46',	'2018-03-02 14:25:46',	17,	8,	'User',	'English',	0),
(92,	'2018-03-02 14:25:46',	'2018-03-02 14:25:46',	18,	8,	'User',	'Secondary school',	0);

DROP TABLE IF EXISTS `genders`;
CREATE TABLE `genders` (
  `id` bigint(20) unsigned NOT NULL AUTO_INCREMENT,
  `created_at` timestamp NULL DEFAULT NULL,
  `updated_at` timestamp NULL DEFAULT NULL,
  `name` varchar(250) COLLATE utf8_unicode_ci DEFAULT NULL,
  PRIMARY KEY (`id`)
) ENGINE=InnoDB DEFAULT CHARSET=utf8 COLLATE=utf8_unicode_ci;

INSERT INTO `genders` (`id`, `created_at`, `updated_at`, `name`) VALUES
(1,	'2016-04-12 02:00:00',	'2016-04-12 02:00:00',	'Male'),
(2,	'2016-04-12 02:00:00',	'2016-04-12 02:00:00',	'Female');

DROP TABLE IF EXISTS `input_types`;
CREATE TABLE `input_types` (
  `id` bigint(20) unsigned NOT NULL AUTO_INCREMENT,
  `created_at` datetime NOT NULL,
  `updated_at` datetime NOT NULL,
  `name` varchar(200) COLLATE utf8_unicode_ci DEFAULT NULL,
  `value` varchar(200) COLLATE utf8_unicode_ci DEFAULT NULL,
  PRIMARY KEY (`id`),
  KEY `input_types_name` (`name`)
) ENGINE=InnoDB DEFAULT CHARSET=utf8 COLLATE=utf8_unicode_ci;

INSERT INTO `input_types` (`id`, `created_at`, `updated_at`, `name`, `value`) VALUES
(1,	'2017-11-23 12:07:45',	'2017-11-23 12:07:45',	'Single Line of Text',	'textInput'),
(2,	'2017-11-23 12:07:45',	'2017-11-23 12:07:45',	'Multiple Lines of Text',	'textArea'),
(3,	'2017-11-23 12:07:45',	'2017-11-23 12:07:45',	'Select Box',	'select'),
(4,	'2017-11-23 12:07:45',	'2017-11-23 12:07:45',	'Check Boxes',	'checkbox'),
(5,	'2017-11-23 12:07:45',	'2017-11-23 12:07:45',	'Radio Buttons',	'radio');

DROP TABLE IF EXISTS `invite_friends`;
CREATE TABLE `invite_friends` (
  `id` bigint(20) unsigned NOT NULL AUTO_INCREMENT,
  `created_at` timestamp NULL DEFAULT NULL,
  `updated_at` timestamp NULL DEFAULT NULL,
  `user_id` bigint(20) unsigned DEFAULT NULL,
  `name` varchar(255) NOT NULL,
  `email` varchar(255) NOT NULL,
  `is_send` tinyint(1) NOT NULL DEFAULT '0',
  PRIMARY KEY (`id`),
  KEY `user_id` (`user_id`),
  CONSTRAINT `invite_friends_ibfk_2` FOREIGN KEY (`user_id`) REFERENCES `users` (`id`) ON DELETE SET NULL ON UPDATE NO ACTION
) ENGINE=InnoDB DEFAULT CHARSET=latin1;


DROP TABLE IF EXISTS `languages`;
CREATE TABLE `languages` (
  `id` bigint(20) unsigned NOT NULL AUTO_INCREMENT,
  `created_at` timestamp NULL DEFAULT NULL,
  `updated_at` timestamp NULL DEFAULT NULL,
  `name` varchar(255) COLLATE utf8_unicode_ci NOT NULL,
  `iso2` char(2) COLLATE utf8_unicode_ci NOT NULL,
  `iso3` char(3) COLLATE utf8_unicode_ci NOT NULL,
  `is_active` tinyint(1) NOT NULL,
  PRIMARY KEY (`id`),
  KEY `languages_id_index` (`id`)
) ENGINE=InnoDB DEFAULT CHARSET=utf8 COLLATE=utf8_unicode_ci;

INSERT INTO `languages` (`id`, `created_at`, `updated_at`, `name`, `iso2`, `iso3`, `is_active`) VALUES
(1,	'2016-05-13 05:38:28',	'2016-05-13 05:38:28',	'Abkhazian',	'ab',	'abk',	0),
(2,	'2016-05-13 05:38:28',	'2016-05-13 05:38:28',	'Afar',	'aa',	'aar',	0),
(3,	'2016-05-13 05:38:28',	'2016-05-13 05:38:28',	'Afrikaans',	'af',	'afr',	0),
(4,	'2016-05-13 05:38:28',	'2016-05-13 05:38:28',	'Akan',	'ak',	'aka',	0),
(5,	'2016-05-13 05:38:28',	'2016-05-13 05:38:28',	'Albanian',	'sq',	'sqi',	0),
(6,	'2016-05-13 05:38:28',	'2016-05-13 05:38:28',	'Amharic',	'am',	'amh',	0),
(7,	'2016-05-13 05:38:28',	'2016-05-13 05:38:28',	'Arabic',	'ar',	'ara',	0),
(8,	'2016-05-13 05:38:28',	'2016-05-13 05:38:28',	'Aragonese',	'an',	'arg',	0),
(9,	'2016-05-13 05:38:28',	'2016-05-13 05:38:28',	'Armenian',	'hy',	'hye',	0),
(10,	'2016-05-13 05:38:28',	'2016-05-13 05:38:28',	'Assamese',	'as',	'asm',	0),
(11,	'2016-05-13 05:38:28',	'2016-05-13 05:38:28',	'Avaric',	'av',	'ava',	0),
(12,	'2016-05-13 05:38:28',	'2016-05-13 05:38:28',	'Avestan',	'ae',	'ave',	0),
(13,	'2016-05-13 05:38:28',	'2016-05-13 05:38:28',	'Aymara',	'ay',	'aym',	0),
(14,	'2016-05-13 05:38:28',	'2016-05-13 05:38:28',	'Azerbaijani',	'az',	'aze',	0),
(15,	'2016-05-13 05:38:28',	'2016-05-13 05:38:28',	'Bambara',	'bm',	'bam',	0),
(16,	'2016-05-13 05:38:28',	'2016-05-13 05:38:28',	'Bashkir',	'ba',	'bak',	0),
(17,	'2016-05-13 05:38:28',	'2016-05-13 05:38:28',	'Basque',	'eu',	'eus',	0),
(18,	'2016-05-13 05:38:28',	'2016-05-13 05:38:28',	'Belarusian',	'be',	'bel',	0),
(19,	'2016-05-13 05:38:28',	'2016-05-13 05:38:28',	'Bengali',	'bn',	'ben',	0),
(20,	'2016-05-13 05:38:28',	'2016-05-13 05:38:28',	'Bihari',	'bh',	'bih',	0),
(21,	'2016-05-13 05:38:28',	'2016-05-13 05:38:28',	'Bislama',	'bi',	'bis',	0),
(22,	'2016-05-13 05:38:28',	'2016-05-13 05:38:28',	'Bosnian',	'bs',	'bos',	0),
(23,	'2016-05-13 05:38:28',	'2016-05-13 05:38:28',	'Breton',	'br',	'bre',	0),
(24,	'2016-05-13 05:38:28',	'2016-05-13 05:38:28',	'Bulgarian',	'bg',	'bul',	0),
(25,	'2016-05-13 05:38:28',	'2016-05-13 05:38:28',	'Burmese',	'my',	'mya',	0),
(26,	'2016-05-13 05:38:28',	'2016-05-13 05:38:28',	'Catalan',	'ca',	'cat',	0),
(27,	'2016-05-13 05:38:28',	'2016-05-13 05:38:28',	'Chamorro',	'ch',	'cha',	0),
(28,	'2016-05-13 05:38:28',	'2016-05-13 05:38:28',	'Chechen',	'ce',	'che',	0),
(29,	'2016-05-13 05:38:28',	'2016-05-13 05:38:28',	'Chichewa',	'ny',	'nya',	0),
(30,	'2016-05-13 05:38:28',	'2016-05-13 05:38:28',	'Chinese',	'zh',	'zho',	0),
(31,	'2016-05-13 05:38:28',	'2016-05-13 05:38:28',	'Church Slavic',	'cu',	'chu',	0),
(32,	'2016-05-13 05:38:28',	'2016-05-13 05:38:28',	'Chuvash',	'cv',	'chv',	0),
(33,	'2016-05-13 05:38:29',	'2016-05-13 05:38:29',	'Cornish',	'kw',	'cor',	0),
(34,	'2016-05-13 05:38:29',	'2016-05-13 05:38:29',	'Corsican',	'co',	'cos',	0),
(35,	'2016-05-13 05:38:29',	'2016-05-13 05:38:29',	'Cree',	'cr',	'cre',	0),
(36,	'2016-05-13 05:38:29',	'2016-05-13 05:38:29',	'Croatian',	'hr',	'hrv',	0),
(37,	'2016-05-13 05:38:29',	'2016-05-13 05:38:29',	'Czech',	'cs',	'ces',	0),
(38,	'2016-05-13 05:38:29',	'2016-05-13 05:38:29',	'Danish',	'da',	'dan',	0),
(39,	'2016-05-13 05:38:29',	'2016-05-13 05:38:29',	'Divehi',	'dv',	'div',	0),
(40,	'2016-05-13 05:38:29',	'2016-05-13 05:38:29',	'Dutch',	'nl',	'nld',	0),
(41,	'2016-05-13 05:38:29',	'2016-05-13 05:38:29',	'Dzongkha',	'dz',	'dzo',	0),
(42,	'2016-05-13 05:38:29',	'2016-05-13 05:38:29',	'English',	'en',	'eng',	1),
(43,	'2016-05-13 05:38:29',	'2016-05-13 05:38:29',	'Esperanto',	'eo',	'epo',	0),
(44,	'2016-05-13 05:38:29',	'2016-05-13 05:38:29',	'Estonian',	'et',	'est',	0),
(45,	'2016-05-13 05:38:29',	'2016-05-13 05:38:29',	'Ewe',	'ee',	'ewe',	0),
(46,	'2016-05-13 05:38:29',	'2016-05-13 05:38:29',	'Faroese',	'fo',	'fao',	0),
(47,	'2016-05-13 05:38:29',	'2016-05-13 05:38:29',	'Fijian',	'fj',	'fij',	0),
(48,	'2016-05-13 05:38:29',	'2016-05-13 05:38:29',	'Finnish',	'fi',	'fin',	0),
(49,	'2016-05-13 05:38:29',	'2016-05-13 05:38:29',	'French',	'fr',	'fra',	0),
(50,	'2016-05-13 05:38:29',	'2016-05-13 05:38:29',	'Fulah',	'ff',	'ful',	0),
(51,	'2016-05-13 05:38:29',	'2016-05-13 05:38:29',	'Galician',	'gl',	'glg',	0),
(52,	'2016-05-13 05:38:29',	'2016-05-13 05:38:29',	'Ganda',	'lg',	'lug',	0),
(53,	'2016-05-13 05:38:29',	'2016-05-13 05:38:29',	'Georgian',	'ka',	'kat',	0),
(54,	'2016-05-13 05:38:29',	'2016-05-13 05:38:29',	'German',	'de',	'deu',	0),
(55,	'2016-05-13 05:38:29',	'2016-05-13 05:38:29',	'Greek',	'el',	'ell',	0),
(56,	'2016-05-13 05:38:29',	'2016-05-13 05:38:29',	'Guaran',	'gn',	'grn',	0),
(57,	'2016-05-13 05:38:29',	'2016-05-13 05:38:29',	'Gujarati',	'gu',	'guj',	0),
(58,	'2016-05-13 05:38:29',	'2016-05-13 05:38:29',	'Haitian',	'ht',	'hat',	0),
(59,	'2016-05-13 05:38:29',	'2016-05-13 05:38:29',	'Hausa',	'ha',	'hau',	0),
(60,	'2016-05-13 05:38:29',	'2016-05-13 05:38:29',	'Hebrew',	'he',	'heb',	0),
(61,	'2016-05-13 05:38:29',	'2016-05-13 05:38:29',	'Herero',	'hz',	'her',	0),
(62,	'2016-05-13 05:38:29',	'2016-05-13 05:38:29',	'Hindi',	'hi',	'hin',	0),
(63,	'2016-05-13 05:38:29',	'2016-05-13 05:38:29',	'Hiri Motu',	'ho',	'hmo',	0),
(64,	'2016-05-13 05:38:29',	'2016-05-13 05:38:29',	'Hungarian',	'hu',	'hun',	0),
(65,	'2016-05-13 05:38:29',	'2016-05-13 05:38:29',	'Icelandic',	'is',	'isl',	0),
(66,	'2016-05-13 05:38:29',	'2016-05-13 05:38:29',	'Ido',	'io',	'ido',	0),
(67,	'2016-05-13 05:38:29',	'2016-05-13 05:38:29',	'Igbo',	'ig',	'ibo',	0),
(68,	'2016-05-13 05:38:29',	'2016-05-13 05:38:29',	'Indonesian',	'id',	'ind',	0),
(69,	'2016-05-13 05:38:29',	'2016-05-13 05:38:29',	'Interlingua (International Auxiliary Language Association)',	'ia',	'ina',	0),
(70,	'2016-05-13 05:38:29',	'2016-05-13 05:38:29',	'Interlingue',	'ie',	'ile',	0),
(71,	'2016-05-13 05:38:29',	'2016-05-13 05:38:29',	'Inuktitut',	'iu',	'iku',	0),
(72,	'2016-05-13 05:38:29',	'2016-05-13 05:38:29',	'Inupiaq',	'ik',	'ipk',	0),
(73,	'2016-05-13 05:38:29',	'2016-05-13 05:38:29',	'Irish',	'ga',	'gle',	0),
(74,	'2016-05-13 05:38:29',	'2016-05-13 05:38:29',	'Italian',	'it',	'ita',	0),
(75,	'2016-05-13 05:38:29',	'2016-05-13 05:38:29',	'Japanese',	'ja',	'jpn',	0),
(76,	'2016-05-13 05:38:29',	'2016-05-13 05:38:29',	'Javanese',	'jv',	'jav',	0),
(77,	'2016-05-13 05:38:29',	'2016-05-13 05:38:29',	'Kalaallisut',	'kl',	'kal',	0),
(78,	'2016-05-13 05:38:29',	'2016-05-13 05:38:29',	'Kannada',	'kn',	'kan',	0),
(79,	'2016-05-13 05:38:29',	'2016-05-13 05:38:29',	'Kanuri',	'kr',	'kau',	0),
(80,	'2016-05-13 05:38:30',	'2016-05-13 05:38:30',	'Kashmiri',	'ks',	'kas',	0),
(81,	'2016-05-13 05:38:30',	'2016-05-13 05:38:30',	'Kazakh',	'kk',	'kaz',	0),
(82,	'2016-05-13 05:38:30',	'2016-05-13 05:38:30',	'Khmer',	'km',	'khm',	0),
(83,	'2016-05-13 05:38:30',	'2016-05-13 05:38:30',	'Kikuyu',	'ki',	'kik',	0),
(84,	'2016-05-13 05:38:30',	'2016-05-13 05:38:30',	'Kinyarwanda',	'rw',	'kin',	0),
(85,	'2016-05-13 05:38:30',	'2016-05-13 05:38:30',	'Kirghiz',	'ky',	'kir',	0),
(86,	'2016-05-13 05:38:30',	'2016-05-13 05:38:30',	'Kirundi',	'rn',	'run',	0),
(87,	'2016-05-13 05:38:30',	'2016-05-13 05:38:30',	'Komi',	'kv',	'kom',	0),
(88,	'2016-05-13 05:38:30',	'2016-05-13 05:38:30',	'Kongo',	'kg',	'kon',	0),
(89,	'2016-05-13 05:38:30',	'2016-05-13 05:38:30',	'Korean',	'ko',	'kor',	0),
(90,	'2016-05-13 05:38:30',	'2016-05-13 05:38:30',	'Kurdish',	'ku',	'kur',	0),
(91,	'2016-05-13 05:38:30',	'2016-05-13 05:38:30',	'Kwanyama',	'kj',	'kua',	0),
(92,	'2016-05-13 05:38:30',	'2016-05-13 05:38:30',	'Lao',	'lo',	'lao',	0),
(93,	'2016-05-13 05:38:30',	'2016-05-13 05:38:30',	'Latin',	'la',	'lat',	0),
(94,	'2016-05-13 05:38:30',	'2016-05-13 05:38:30',	'Latvian',	'lv',	'lav',	0),
(95,	'2016-05-13 05:38:30',	'2016-05-13 05:38:30',	'Limburgish',	'li',	'lim',	0),
(96,	'2016-05-13 05:38:30',	'2016-05-13 05:38:30',	'Lingala',	'ln',	'lin',	0),
(97,	'2016-05-13 05:38:30',	'2016-05-13 05:38:30',	'Lithuanian',	'lt',	'lit',	0),
(98,	'2016-05-13 05:38:30',	'2016-05-13 05:38:30',	'Luba-Katanga',	'lu',	'lub',	0),
(99,	'2016-05-13 05:38:30',	'2016-05-13 05:38:30',	'Luxembourgish',	'lb',	'ltz',	0),
(100,	'2016-05-13 05:38:30',	'2016-05-13 05:38:30',	'Macedonian',	'mk',	'mkd',	0),
(101,	'2016-05-13 05:38:30',	'2016-05-13 05:38:30',	'Malagasy',	'mg',	'mlg',	0),
(102,	'2016-05-13 05:38:30',	'2016-05-13 05:38:30',	'Malay',	'ms',	'msa',	0),
(103,	'2016-05-13 05:38:30',	'2016-05-13 05:38:30',	'Malayalam',	'ml',	'mal',	0),
(104,	'2016-05-13 05:38:30',	'2016-05-13 05:38:30',	'Maltese',	'mt',	'mlt',	0),
(105,	'2016-05-13 05:38:30',	'2016-05-13 05:38:30',	'Manx',	'gv',	'glv',	0),
(106,	'2016-05-13 05:38:30',	'2016-05-13 05:38:30',	'MÃƒÆ’Ã',	'mi',	'mri',	0),
(107,	'2016-05-13 05:38:30',	'2016-05-13 05:38:30',	'Marathi',	'mr',	'mar',	0),
(108,	'2016-05-13 05:38:30',	'2016-05-13 05:38:30',	'Marshallese',	'mh',	'mah',	0),
(109,	'2016-05-13 05:38:30',	'2016-05-13 05:38:30',	'Mongolian',	'mn',	'mon',	0),
(110,	'2016-05-13 05:38:30',	'2016-05-13 05:38:30',	'Nauru',	'na',	'nau',	0),
(111,	'2016-05-13 05:38:30',	'2016-05-13 05:38:30',	'Navajo',	'nv',	'nav',	0),
(112,	'2016-05-13 05:38:30',	'2016-05-13 05:38:30',	'Ndonga',	'ng',	'ndo',	0),
(113,	'2016-05-13 05:38:30',	'2016-05-13 05:38:30',	'Nepali',	'ne',	'nep',	0),
(114,	'2016-05-13 05:38:31',	'2016-05-13 05:38:31',	'North Ndebele',	'nd',	'nde',	0),
(115,	'2016-05-13 05:38:31',	'2016-05-13 05:38:31',	'Northern Sami',	'se',	'sme',	0),
(116,	'2016-05-13 05:38:31',	'2016-05-13 05:38:31',	'Norwegian',	'no',	'nor',	0),
(117,	'2016-05-13 05:38:31',	'2016-05-13 05:38:31',	'Norwegian BokmÃƒÆ’Ã',	'nb',	'nob',	0),
(118,	'2016-05-13 05:38:31',	'2016-05-13 05:38:31',	'Norwegian Nynorsk',	'nn',	'nno',	0),
(119,	'2016-05-13 05:38:31',	'2016-05-13 05:38:31',	'Occitan',	'oc',	'oci',	0),
(120,	'2016-05-13 05:38:31',	'2016-05-13 05:38:31',	'Ojibwa',	'oj',	'oji',	0),
(121,	'2016-05-13 05:38:31',	'2016-05-13 05:38:31',	'Oriya',	'or',	'ori',	0),
(122,	'2016-05-13 05:38:31',	'2016-05-13 05:38:31',	'Oromo',	'om',	'orm',	0),
(123,	'2016-05-13 05:38:31',	'2016-05-13 05:38:31',	'Ossetian',	'os',	'oss',	0),
(124,	'2016-05-13 05:38:31',	'2016-05-13 05:38:31',	'PÃƒÆ’Ã',	'pi',	'pli',	0),
(125,	'2016-05-13 05:38:31',	'2016-05-13 05:38:31',	'Panjabi',	'pa',	'pan',	0),
(126,	'2016-05-13 05:38:31',	'2016-05-13 05:38:31',	'Pashto',	'ps',	'pus',	0),
(127,	'2016-05-13 05:38:31',	'2016-05-13 05:38:31',	'Persian',	'fa',	'fas',	0),
(128,	'2016-05-13 05:38:31',	'2016-05-13 05:38:31',	'Polish',	'pl',	'pol',	0),
(129,	'2016-05-13 05:38:31',	'2016-05-13 05:38:31',	'Portuguese',	'pt',	'por',	0),
(130,	'2016-05-13 05:38:31',	'2016-05-13 05:38:31',	'Quechua',	'qu',	'que',	0),
(131,	'2016-05-13 05:38:31',	'2016-05-13 05:38:31',	'Raeto-Romance',	'rm',	'roh',	0),
(132,	'2016-05-13 05:38:31',	'2016-05-13 05:38:31',	'Romanian',	'ro',	'ron',	0),
(133,	'2016-05-13 05:38:31',	'2016-05-13 05:38:31',	'Russian',	'ru',	'rus',	0),
(134,	'2016-05-13 05:38:31',	'2016-05-13 05:38:31',	'Samoan',	'sm',	'smo',	0),
(135,	'2016-05-13 05:38:31',	'2016-05-13 05:38:31',	'Sango',	'sg',	'sag',	0),
(136,	'2016-05-13 05:38:31',	'2016-05-13 05:38:31',	'Sanskrit',	'sa',	'san',	0),
(137,	'2016-05-13 05:38:31',	'2016-05-13 05:38:31',	'Sardinian',	'sc',	'srd',	0),
(138,	'2016-05-13 05:38:31',	'2016-05-13 05:38:31',	'Scottish Gaelic',	'gd',	'gla',	0),
(139,	'2016-05-13 05:38:31',	'2016-05-13 05:38:31',	'Serbian',	'sr',	'srp',	0),
(140,	'2016-05-13 05:38:31',	'2016-05-13 05:38:31',	'Shona',	'sn',	'sna',	0),
(141,	'2016-05-13 05:38:31',	'2016-05-13 05:38:31',	'Sichuan Yi',	'ii',	'iii',	0),
(142,	'2016-05-13 05:38:31',	'2016-05-13 05:38:31',	'Sindhi',	'sd',	'snd',	0),
(143,	'2016-05-13 05:38:31',	'2016-05-13 05:38:31',	'Sinhala',	'si',	'sin',	0),
(144,	'2016-05-13 05:38:31',	'2016-05-13 05:38:31',	'Slovak',	'sk',	'slk',	0),
(145,	'2016-05-13 05:38:31',	'2016-05-13 05:38:31',	'Slovenian',	'sl',	'slv',	0),
(146,	'2016-05-13 05:38:31',	'2016-05-13 05:38:31',	'Somali',	'so',	'som',	0),
(147,	'2016-05-13 05:38:31',	'2016-05-13 05:38:31',	'South Ndebele',	'nr',	'nbl',	0),
(148,	'2016-05-13 05:38:32',	'2016-05-13 05:38:32',	'Southern Sotho',	'st',	'sot',	0),
(149,	'2016-05-13 05:38:32',	'2016-05-13 05:38:32',	'Spanish',	'es',	'spa',	1),
(150,	'2016-05-13 05:38:32',	'2016-05-13 05:38:32',	'Sundanese',	'su',	'sun',	0),
(151,	'2016-05-13 05:38:32',	'2016-05-13 05:38:32',	'Swahili',	'sw',	'swa',	0),
(152,	'2016-05-13 05:38:32',	'2016-05-13 05:38:32',	'Swati',	'ss',	'ssw',	0),
(153,	'2016-05-13 05:38:32',	'2016-05-13 05:38:32',	'Swedish',	'sv',	'swe',	0),
(154,	'2016-05-13 05:38:32',	'2016-05-13 05:38:32',	'Tagalog',	'tl',	'tgl',	0),
(155,	'2016-05-13 05:38:32',	'2016-05-13 05:38:32',	'Tahitian',	'ty',	'tah',	0),
(156,	'2016-05-13 05:38:32',	'2016-05-13 05:38:32',	'Tajik',	'tg',	'tgk',	0),
(157,	'2016-05-13 05:38:32',	'2016-05-13 05:38:32',	'Tamil',	'ta',	'tam',	0),
(158,	'2016-05-13 05:38:32',	'2016-05-13 05:38:32',	'Tatar',	'tt',	'tat',	0),
(159,	'2016-05-13 05:38:32',	'2016-05-13 05:38:32',	'Telugu',	'te',	'tel',	0),
(160,	'2016-05-13 05:38:32',	'2016-05-13 05:38:32',	'Thai',	'th',	'tha',	0),
(161,	'2016-05-13 05:38:32',	'2016-05-13 05:38:32',	'Tibetan',	'bo',	'bod',	0),
(162,	'2016-05-13 05:38:32',	'2016-05-13 05:38:32',	'Tigrinya',	'ti',	'tir',	0),
(163,	'2016-05-13 05:38:32',	'2016-05-13 05:38:32',	'Tonga',	'to',	'ton',	0),
(164,	'2016-05-13 05:38:32',	'2016-05-13 05:38:32',	'Traditional Chinese',	'zh',	'zh-',	0),
(165,	'2016-05-13 05:38:32',	'2016-05-13 05:38:32',	'Tsonga',	'ts',	'tso',	0),
(166,	'2016-05-13 05:38:32',	'2016-05-13 05:38:32',	'Tswana',	'tn',	'tsn',	0),
(167,	'2016-05-13 05:38:32',	'2016-05-13 05:38:32',	'Turkish',	'tr',	'tur',	0),
(168,	'2016-05-13 05:38:32',	'2016-05-13 05:38:32',	'Turkmen',	'tk',	'tuk',	0),
(169,	'2016-05-13 05:38:32',	'2016-05-13 05:38:32',	'Twi',	'tw',	'twi',	0),
(170,	'2016-05-13 05:38:32',	'2016-05-13 05:38:32',	'Uighur',	'ug',	'uig',	0),
(171,	'2016-05-13 05:38:32',	'2016-05-13 05:38:32',	'Ukrainian',	'uk',	'ukr',	0),
(172,	'2016-05-13 05:38:32',	'2016-05-13 05:38:32',	'Urdu',	'ur',	'urd',	0),
(173,	'2016-05-13 05:38:32',	'2016-05-13 05:38:32',	'Uzbek',	'uz',	'uzb',	0),
(174,	'2016-05-13 05:38:32',	'2016-05-13 05:38:32',	'Venda',	've',	'ven',	0),
(175,	'2016-05-13 05:38:33',	'2016-05-13 05:38:33',	'Vietnamese',	'vi',	'vie',	0),
(176,	'2016-05-13 05:38:33',	'2016-05-13 05:38:33',	'VolapÃƒÆ’Ã',	'vo',	'vol',	0),
(177,	'2016-05-13 05:38:33',	'2016-05-13 05:38:33',	'Walloon',	'wa',	'wln',	0),
(178,	'2016-05-13 05:38:33',	'2016-05-13 05:38:33',	'Welsh',	'cy',	'cym',	0),
(179,	'2016-05-13 05:38:33',	'2016-05-13 05:38:33',	'Western Frisian',	'fy',	'fry',	0),
(180,	'2016-05-13 05:38:33',	'2016-05-13 05:38:33',	'Wolof',	'wo',	'wol',	0),
(181,	'2016-05-13 05:38:33',	'2016-05-13 05:38:33',	'Xhosa',	'xh',	'xho',	0),
(182,	'2016-05-13 05:38:33',	'2016-05-13 05:38:33',	'Yiddish',	'yi',	'yid',	0),
(183,	'2016-05-13 05:38:33',	'2016-05-13 05:38:33',	'Yoruba',	'yo',	'yor',	0),
(184,	'2016-05-13 05:38:33',	'2016-05-13 05:38:33',	'Zhuang',	'za',	'zha',	0),
(185,	'2016-05-13 05:38:33',	'2016-05-13 05:38:33',	'Zulu',	'zu',	'zul',	0),
(186,	'2016-05-13 05:38:33',	'2016-05-13 05:38:33',	'Chinese',	'ch',	'',	0);

DROP TABLE IF EXISTS `listing_statuses`;
CREATE TABLE `listing_statuses` (
  `id` bigint(20) unsigned NOT NULL AUTO_INCREMENT,
  `created_at` timestamp NULL DEFAULT NULL,
  `updated_at` timestamp NULL DEFAULT NULL,
  `name` varchar(255) COLLATE utf8_unicode_ci DEFAULT NULL,
  PRIMARY KEY (`id`)
) ENGINE=InnoDB DEFAULT CHARSET=utf8 COLLATE=utf8_unicode_ci;

INSERT INTO `listing_statuses` (`id`, `created_at`, `updated_at`, `name`) VALUES
(1,	'2017-11-23 06:38:31',	'2017-11-23 06:38:31',	'Draft'),
(2,	'2017-11-23 06:38:31',	'2017-11-23 06:38:31',	'Waiting for Admin Approval'),
(3,	'2017-11-23 06:38:31',	'2017-11-23 06:38:31',	'Approved'),
(4,	'2017-11-23 06:38:31',	'2017-11-23 06:38:31',	'Marked as Invisible By Provider'),
(5,	'2017-11-23 06:38:31',	'2017-11-23 06:38:31',	'Rejected Approval Request');

DROP TABLE IF EXISTS `messages`;
CREATE TABLE `messages` (
  `id` bigint(20) unsigned NOT NULL AUTO_INCREMENT,
  `created_at` datetime DEFAULT NULL,
  `updated_at` datetime DEFAULT NULL,
  `user_id` bigint(20) unsigned DEFAULT NULL,
  `other_user_id` bigint(20) unsigned DEFAULT NULL,
  `parent_id` bigint(20) DEFAULT NULL,
  `message_content_id` bigint(20) unsigned DEFAULT NULL,
  `foreign_id` bigint(20) NOT NULL,
  `class` varchar(255) COLLATE utf8_unicode_ci NOT NULL,
  `root` varchar(255) COLLATE utf8_unicode_ci DEFAULT NULL,
  `freshness_ts` varchar(255) COLLATE utf8_unicode_ci DEFAULT NULL,
  `depth` bigint(20) NOT NULL,
  `materialized_path` varchar(255) COLLATE utf8_unicode_ci DEFAULT NULL,
  `path` varchar(255) COLLATE utf8_unicode_ci DEFAULT NULL,
  `size` bigint(20) DEFAULT NULL,
  `is_sender` tinyint(4) NOT NULL,
  `is_read` tinyint(4) DEFAULT NULL,
  `is_deleted` tinyint(4) DEFAULT NULL,
  `is_private` tinyint(4) DEFAULT NULL,
  `is_child_replied` tinyint(4) DEFAULT NULL,
  `model_id` bigint(20) NOT NULL DEFAULT '0',
  PRIMARY KEY (`id`),
  KEY `messages_foreign_id` (`foreign_id`),
  KEY `messages_message_content_id` (`message_content_id`),
  KEY `messages_other_user_id` (`other_user_id`),
  KEY `messages_parent_id` (`parent_id`),
  KEY `messages_user_id` (`user_id`),
  CONSTRAINT `messages_ibfk_1` FOREIGN KEY (`user_id`) REFERENCES `users` (`id`) ON DELETE CASCADE ON UPDATE NO ACTION,
  CONSTRAINT `messages_ibfk_2` FOREIGN KEY (`other_user_id`) REFERENCES `users` (`id`) ON DELETE CASCADE ON UPDATE NO ACTION,
  CONSTRAINT `messages_ibfk_3` FOREIGN KEY (`message_content_id`) REFERENCES `message_contents` (`id`) ON DELETE SET NULL ON UPDATE NO ACTION
) ENGINE=InnoDB DEFAULT CHARSET=utf8 COLLATE=utf8_unicode_ci;

INSERT INTO `messages` (`id`, `created_at`, `updated_at`, `user_id`, `other_user_id`, `parent_id`, `message_content_id`, `foreign_id`, `class`, `root`, `freshness_ts`, `depth`, `materialized_path`, `path`, `size`, `is_sender`, `is_read`, `is_deleted`, `is_private`, `is_child_replied`, `model_id`) VALUES
(7,	'2018-01-02 10:56:17',	'2018-01-02 10:56:17',	2,	8,	0,	4,	17,	'Appointment',	'7',	'2018-01-02 10:56:17',	0,	'00000007',	NULL,	NULL,	1,	NULL,	NULL,	1,	NULL,	17),
(8,	'2018-01-02 10:56:17',	'2018-01-02 10:56:17',	8,	2,	0,	4,	17,	'Appointment',	'8',	'2018-01-02 10:56:17',	0,	'00000008',	NULL,	NULL,	0,	NULL,	NULL,	1,	NULL,	17),
(9,	'2018-01-02 10:56:32',	'2018-01-02 10:56:33',	8,	2,	0,	5,	17,	'Appointment',	'9',	'2018-01-02 10:56:33',	0,	'00000009',	NULL,	NULL,	1,	NULL,	NULL,	1,	NULL,	17),
(10,	'2018-01-02 10:56:33',	'2018-01-02 10:56:33',	2,	8,	0,	5,	17,	'Appointment',	'10',	'2018-01-02 10:56:33',	0,	'0000000a',	NULL,	NULL,	0,	NULL,	NULL,	1,	NULL,	17),
(11,	'2018-01-02 10:56:54',	'2018-01-02 10:56:54',	2,	8,	0,	6,	17,	'Appointment',	'11',	'2018-01-02 10:56:54',	0,	'0000000b',	NULL,	NULL,	1,	NULL,	NULL,	1,	NULL,	17),
(12,	'2018-01-02 10:56:54',	'2018-01-02 10:56:54',	8,	2,	0,	6,	17,	'Appointment',	'12',	'2018-01-02 10:56:54',	0,	'0000000c',	NULL,	NULL,	0,	NULL,	NULL,	1,	NULL,	17),
(13,	'2018-01-02 11:03:10',	'2018-01-02 11:03:10',	2,	8,	0,	7,	18,	'Appointment',	'13',	'2018-01-02 11:03:10',	0,	'0000000d',	NULL,	NULL,	1,	NULL,	NULL,	1,	NULL,	18),
(14,	'2018-01-02 11:03:10',	'2018-01-02 11:03:11',	8,	2,	0,	7,	18,	'Appointment',	'14',	'2018-01-02 11:03:11',	0,	'0000000e',	NULL,	NULL,	0,	NULL,	NULL,	1,	NULL,	18),
(15,	'2018-01-02 11:03:51',	'2018-01-02 11:03:51',	8,	2,	0,	8,	18,	'Appointment',	'15',	'2018-01-02 11:03:51',	0,	'0000000f',	NULL,	NULL,	1,	NULL,	NULL,	1,	NULL,	18),
(16,	'2018-01-02 11:03:52',	'2018-01-02 11:03:52',	2,	8,	0,	8,	18,	'Appointment',	'16',	'2018-01-02 11:03:52',	0,	'0000000g',	NULL,	NULL,	0,	NULL,	NULL,	1,	NULL,	18),
(17,	'2018-01-02 11:04:14',	'2018-01-02 11:04:14',	2,	8,	0,	9,	18,	'Appointment',	'17',	'2018-01-02 11:04:14',	0,	'0000000h',	NULL,	NULL,	1,	NULL,	NULL,	1,	NULL,	18),
(18,	'2018-01-02 11:04:14',	'2018-01-02 11:04:14',	8,	2,	0,	9,	18,	'Appointment',	'18',	'2018-01-02 11:04:14',	0,	'0000000i',	NULL,	NULL,	0,	NULL,	NULL,	1,	NULL,	18),
(19,	'2018-01-02 11:07:28',	'2018-01-02 11:07:29',	4,	8,	0,	10,	19,	'Appointment',	'19',	'2018-01-02 11:07:29',	0,	'0000000j',	NULL,	NULL,	1,	NULL,	NULL,	1,	NULL,	19),
(20,	'2018-01-02 11:07:29',	'2018-01-02 11:07:29',	8,	4,	0,	10,	19,	'Appointment',	'20',	'2018-01-02 11:07:29',	0,	'0000000k',	NULL,	NULL,	0,	NULL,	NULL,	1,	NULL,	19),
(21,	'2018-01-02 11:07:51',	'2018-01-02 11:07:52',	8,	4,	0,	11,	19,	'Appointment',	'21',	'2018-01-02 11:07:52',	0,	'0000000l',	NULL,	NULL,	1,	NULL,	NULL,	1,	NULL,	19),
(22,	'2018-01-02 11:07:52',	'2018-01-02 11:07:52',	4,	8,	0,	11,	19,	'Appointment',	'22',	'2018-01-02 11:07:52',	0,	'0000000m',	NULL,	NULL,	0,	NULL,	NULL,	1,	NULL,	19),
(23,	'2018-01-02 11:08:34',	'2018-01-02 11:08:34',	4,	8,	0,	12,	19,	'Appointment',	'23',	'2018-01-02 11:08:34',	0,	'0000000n',	NULL,	NULL,	1,	NULL,	NULL,	1,	NULL,	19),
(24,	'2018-01-02 11:08:34',	'2018-01-02 11:08:34',	8,	4,	0,	12,	19,	'Appointment',	'24',	'2018-01-02 11:08:34',	0,	'0000000o',	NULL,	NULL,	0,	NULL,	NULL,	1,	NULL,	19),
(25,	'2018-01-02 11:44:37',	'2018-01-02 11:44:37',	22,	2,	0,	13,	20,	'Appointment',	'25',	'2018-01-02 11:44:37',	0,	'0000000p',	NULL,	NULL,	1,	NULL,	NULL,	1,	NULL,	20),
(26,	'2018-01-02 11:44:37',	'2018-01-02 11:44:37',	2,	22,	0,	13,	20,	'Appointment',	'26',	'2018-01-02 11:44:37',	0,	'0000000q',	NULL,	NULL,	0,	NULL,	NULL,	1,	NULL,	20),
(27,	'2018-01-02 11:45:02',	'2018-01-02 11:45:02',	2,	22,	0,	14,	20,	'Appointment',	'27',	'2018-01-02 11:45:02',	0,	'0000000r',	NULL,	NULL,	1,	NULL,	NULL,	1,	NULL,	20),
(28,	'2018-01-02 11:45:02',	'2018-01-02 11:45:03',	22,	2,	0,	14,	20,	'Appointment',	'28',	'2018-01-02 11:45:03',	0,	'0000000s',	NULL,	NULL,	0,	NULL,	NULL,	1,	NULL,	20),
(29,	'2018-01-02 12:00:10',	'2018-01-02 12:00:10',	2,	22,	0,	15,	22,	'Appointment',	'29',	'2018-01-02 12:00:10',	0,	'0000000t',	NULL,	NULL,	1,	NULL,	NULL,	1,	NULL,	22),
(30,	'2018-01-02 12:00:10',	'2018-01-02 12:00:10',	22,	2,	0,	15,	22,	'Appointment',	'30',	'2018-01-02 12:00:10',	0,	'0000000u',	NULL,	NULL,	0,	NULL,	NULL,	1,	NULL,	22),
(31,	'2018-01-02 12:00:44',	'2018-01-02 12:00:44',	22,	2,	0,	16,	22,	'Appointment',	'31',	'2018-01-02 12:00:44',	0,	'0000000v',	NULL,	NULL,	1,	NULL,	NULL,	1,	NULL,	22),
(32,	'2018-01-02 12:00:44',	'2018-01-02 12:00:44',	2,	22,	0,	16,	22,	'Appointment',	'32',	'2018-01-02 12:00:44',	0,	'0000000w',	NULL,	NULL,	0,	NULL,	NULL,	1,	NULL,	22),
(33,	'2018-01-02 12:00:58',	'2018-01-02 12:00:58',	22,	2,	0,	17,	22,	'Appointment',	'33',	'2018-01-02 12:00:58',	0,	'0000000x',	NULL,	NULL,	1,	NULL,	NULL,	1,	NULL,	22),
(34,	'2018-01-02 12:00:58',	'2018-01-02 12:00:58',	2,	22,	0,	17,	22,	'Appointment',	'34',	'2018-01-02 12:00:58',	0,	'0000000y',	NULL,	NULL,	0,	NULL,	NULL,	1,	NULL,	22);

DROP TABLE IF EXISTS `message_contents`;
CREATE TABLE `message_contents` (
  `id` bigint(20) unsigned NOT NULL AUTO_INCREMENT,
  `created_at` datetime NOT NULL,
  `updated_at` datetime NOT NULL,
  `subject` longtext COLLATE utf8_unicode_ci NOT NULL,
  `message` longtext COLLATE utf8_unicode_ci NOT NULL,
  PRIMARY KEY (`id`)
) ENGINE=InnoDB DEFAULT CHARSET=utf8 COLLATE=utf8_unicode_ci;

INSERT INTO `message_contents` (`id`, `created_at`, `updated_at`, `subject`, `message`) VALUES
(4,	'2018-01-02 10:56:17',	'2018-01-02 10:56:17',	'Enquiry',	'Hello Mekides... Neeni is good now?'),
(5,	'2018-01-02 10:56:32',	'2018-01-02 10:56:32',	'Enquiry',	'Yea Nic Arnsby, she is good..'),
(6,	'2018-01-02 10:56:54',	'2018-01-02 10:56:54',	'Enquiry',	'Fine Mekides.. :)'),
(7,	'2018-01-02 11:03:10',	'2018-01-02 11:03:10',	'Enquiry',	'Hello Mekides, I booked again you... please take care...'),
(8,	'2018-01-02 11:03:51',	'2018-01-02 11:03:51',	'Enquiry',	'Yah sure Nic... I will take care neeni on this day... She is cute...'),
(9,	'2018-01-02 11:04:14',	'2018-01-02 11:04:14',	'Enquiry',	'Thanks Mekides, will catch you later'),
(10,	'2018-01-02 11:07:28',	'2018-01-02 11:07:28',	'Enquiry',	'Hello Mekides, Mic have fever and cold... so take care please..'),
(11,	'2018-01-02 11:07:51',	'2018-01-02 11:07:51',	'Enquiry',	'Sure John..'),
(12,	'2018-01-02 11:08:34',	'2018-01-02 11:08:34',	'Enquiry',	'Anytime you can call me..'),
(13,	'2018-01-02 11:44:37',	'2018-01-02 11:44:37',	'Enquiry',	'What is the dog names?'),
(14,	'2018-01-02 11:45:02',	'2018-01-02 11:45:02',	'Enquiry',	'Name is Jimmy.. and it is 6 month old'),
(15,	'2018-01-02 12:00:10',	'2018-01-02 12:00:10',	'Enquiry',	'Ana, are you available this day? and what is you pricing for full day dog sitting for 2 dogs?'),
(16,	'2018-01-02 12:00:44',	'2018-01-02 12:00:44',	'Enquiry',	'Nic, i\'m available on this day.. But I can sitting from my home...'),
(17,	'2018-01-02 12:00:58',	'2018-01-02 12:00:58',	'Enquiry',	'And the payment is $50 is enough...');

DROP TABLE IF EXISTS `money_transfer_accounts`;
CREATE TABLE `money_transfer_accounts` (
  `id` bigint(20) unsigned NOT NULL AUTO_INCREMENT,
  `created_at` timestamp NULL DEFAULT NULL,
  `updated_at` timestamp NULL DEFAULT NULL,
  `user_id` bigint(20) unsigned DEFAULT NULL,
  `account` varchar(255) COLLATE utf8_unicode_ci NOT NULL DEFAULT '0',
  `is_primary` tinyint(1) NOT NULL DEFAULT '0',
  PRIMARY KEY (`id`),
  KEY `money_transfer_accounts_id_index` (`id`),
  KEY `money_transfer_accounts_user_id_index` (`user_id`),
  CONSTRAINT `money_transfer_accounts_ibfk_1` FOREIGN KEY (`user_id`) REFERENCES `users` (`id`) ON DELETE CASCADE ON UPDATE NO ACTION
) ENGINE=InnoDB DEFAULT CHARSET=utf8 COLLATE=utf8_unicode_ci;

INSERT INTO `money_transfer_accounts` (`id`, `created_at`, `updated_at`, `user_id`, `account`, `is_primary`) VALUES
(1,	'2017-12-11 01:20:06',	'2017-12-11 01:20:06',	7,	'Bank: HDFC, \nAccount No: 453321133400, \nIFSC Code: CDF5002',	0),
(2,	'2018-01-02 04:02:28',	'2018-01-02 04:02:28',	3,	'Bank: HDFC\nAccount No: 1234-3456-124-4321, \nIFSC Code: HDFC345673',	0),
(3,	'2018-01-02 04:02:43',	'2018-01-02 04:02:43',	3,	'PayPal: example@gmail.com',	0),
(4,	'2018-01-02 04:59:07',	'2018-01-02 04:59:07',	8,	'Bank: SCB \nAccount No: 45332113340023, \nIFSC Code: SCB5007',	0),
(5,	'2018-01-02 05:08:32',	'2018-01-02 05:08:32',	22,	'PayPal Account: example@example.com',	0),
(6,	'2018-01-02 05:10:54',	'2018-01-02 05:10:54',	16,	'Bank: HDFC\nAccount No: 1234-3256-524-4621, \nIFSC Code: HDFC345674',	0);

DROP TABLE IF EXISTS `oauth_clients`;
CREATE TABLE `oauth_clients` (
  `id` bigint(20) unsigned NOT NULL AUTO_INCREMENT,
  `created_at` datetime NOT NULL,
  `updated_at` datetime NOT NULL,
  `name` varchar(255) DEFAULT NULL,
  `api_key` varchar(255) DEFAULT NULL,
  `api_secret` varchar(255) DEFAULT NULL,
  `is_active` tinyint(4) NOT NULL DEFAULT '1',
  PRIMARY KEY (`id`)
) ENGINE=InnoDB DEFAULT CHARSET=latin1;

INSERT INTO `oauth_clients` (`id`, `created_at`, `updated_at`, `name`, `api_key`, `api_secret`, `is_active`) VALUES
(1,	'2017-10-16 14:32:34',	'2017-10-16 14:32:34',	'Web',	'4542632501382585',	'3f7C4l1Y2b0S6a7L8c1E7B3Jo3',	1);

DROP TABLE IF EXISTS `pages`;
CREATE TABLE `pages` (
  `id` bigint(20) unsigned NOT NULL AUTO_INCREMENT,
  `created_at` timestamp NULL DEFAULT NULL,
  `updated_at` timestamp NULL DEFAULT NULL,
  `language_id` bigint(20) unsigned DEFAULT NULL,
  `title` varchar(255) COLLATE utf8_unicode_ci NOT NULL,
  `slug` varchar(255) COLLATE utf8_unicode_ci NOT NULL,
  `page_content` text COLLATE utf8_unicode_ci NOT NULL,
  `is_active` tinyint(1) NOT NULL,
  PRIMARY KEY (`id`),
  KEY `pages_id_index` (`id`),
  KEY `pages_language_id_index` (`language_id`),
  CONSTRAINT `pages_ibfk_1` FOREIGN KEY (`language_id`) REFERENCES `languages` (`id`) ON DELETE SET NULL ON UPDATE NO ACTION
) ENGINE=InnoDB DEFAULT CHARSET=utf8 COLLATE=utf8_unicode_ci;

INSERT INTO `pages` (`id`, `created_at`, `updated_at`, `language_id`, `title`, `slug`, `page_content`, `is_active`) VALUES
(2,	'2016-05-13 05:38:33',	'2016-05-13 05:38:33',	42,	'About Us',	'about-us',	'<p>In posuere molestie augue, eget tincidunt libero pellentesque nec.   Aliquam erat volutpat. Aliquam a ligula nulla, at suscipit odio. Nullam   in nibh nibh, eu bibendum ligula. Morbi eu nibh dui. Vivamus  scelerisque  fermentum lacus et tristique. Sed vulputate euismod metus  porta  feugiat. Nulla varius venenatis mauris, nec ornare nisl bibendum  id. Aenean id orci nisl, in scelerisque nibh. Sed quam sapien,  tempus quis  vestibulum eu, sagittis varius sapien. Aliquam erat  volutpat. Nulla  facilisi. In egestas faucibus nunc, et venenatis purus  aliquet quis.  Nulla eget arcu turpis. Nunc pellentesque eros quis neque  sodales  hendrerit. Donec eget nibh sit amet ipsum elementum vehicula.   Pellentesque molestie diam vitae erat suscipit consequat. Pellentesque   vel arcu sit amet metus mattis congue vitae eu quam.</p>',	1),
(3,	'2016-05-13 05:38:33',	'2016-05-13 05:38:33',	42,	'Privacy Policy',	'privacy-policy',	'<p>For each visitor to our Web page our Web server automatically recognizes no information regarding the domain or e-mail address.</p><p>We collect the e-mail addresses of those who post messages to our bulletin board the e-mail addresses of those who communicate with us via e-mail the e-mail addresses of those who make postings to our chat areas user-specific information on what pages consumers access or visit information volunteered by the consumer such as survey information and/or site registrations name and address telephone number.</p><p>The information we collect is disclosed when legally required to do so at the request of governmental authorities conducting an investigation to verify or enforce compliance with the policies governing our Website and applicable laws or to protect against misuse or unauthorized use of our Website to a successor entity in connection with a corporate merger consolidation sale of assets or other corporate change respecting the Website.</p><p>With respect to cookies. We use cookies to record session information such as items that consumers add to their shopping cart.</p><p>If you do not want to receive e-mail from us in the future please let us know by sending us e-mail at the above address.</p><p>Persons who supply us with their telephone numbers on-line will only receive telephone contact from us with information regarding orders they have placed on-line. Please provide us with your name and phone number. We will be sure your name is removed from the list we share with other organizations.</p><p>With respect to Ad Servers. We do not partner with or have special relationships with any ad server companies.</p><p>From time to time we may use customer information for new unanticipated uses not previously disclosed in our privacy notice. If our information practices change at some time in the future we will post the policy changes to our Web site to notify you of these changes and we will use for these new purposes only data collected from the time of the policy change forward. If you are concerned about how your information is used you should check back at our Web site periodically.</p><p>Upon request we provide site visitors with access to transaction information (e.g. dates on which customers made purchases amounts and types of purchases) that we maintain about them.</p><p>Upon request we offer visitors the ability to have inaccuracies corrected in contact information transaction information.</p><p>With respect to security. When we transfer and receive certain types of sensitive information such as financial or health information we redirect visitors to a secure server and will notify visitors through a pop-up screen on our site.</p><p>If you feel that this site is not following its stated information policy you may contact us at the above addresses or phone number.</p>\r\n',	1),
(4,	'2016-05-13 05:38:33',	'2016-05-13 05:38:33',	42,	'Press',	'press',	'Lorem Ipsum is a dummy text that is mainly used by the printing and design industry. It is intended to show how the type will look before the end product is available.\r\n\r\nLorem Ipsum has been the industry\'s standard dummy text ever since the 1500:s, when an unknown printer took a galley of type and scrambled it to make a type specimen book.\r\n\r\nLorem Ipsum dummy texts was available for many years on adhesive sheets in different sizes and typefaces from a company called Letraset.\r\n\r\nWhen computers came along, Aldus included lorem ipsum in its PageMaker publishing software, and you now see it wherever designers, content designers, art directors, user interface developers and web designer are at work.\r\n\r\nThey use it daily when using programs such as Adobe Photoshop, Paint Shop Pro, Dreamweaver, FrontPage, PageMaker, FrameMaker, Illustrator, Flash, Indesign etc.',	1),
(5,	'2016-05-13 05:38:33',	'2016-05-13 05:38:33',	42,	'How it Works',	'how-it-works',	'<p><span style=\"color: rgba(0, 0, 0, 0.85); font-family: -apple-system, BlinkMacSystemFont, &quot;Segoe UI&quot;, Roboto, Oxygen-Sans, Ubuntu, Cantarell, &quot;Helvetica Neue&quot;, sans-serif;\">This on-demand service booking system enables the service provider and the host to get connected and mutually resolve their goals at ease. We can define the service provider life cycle in three simple steps.</span><br></p><p dir=\"auto\" style=\"box-sizing: border-box; margin: 0px; color: rgba(0, 0, 0, 0.85); font-family: -apple-system, BlinkMacSystemFont, &quot;Segoe UI&quot;, Roboto, Oxygen-Sans, Ubuntu, Cantarell, &quot;Helvetica Neue&quot;, sans-serif; font-size: 14px; font-style: normal; font-variant-ligatures: normal; font-variant-caps: normal; font-weight: 400; letter-spacing: normal; orphans: 2; text-align: left; text-indent: 0px; text-transform: none; white-space: normal; widows: 2; word-spacing: 0px; -webkit-text-stroke-width: 0px; background-color: rgb(255, 255, 255); text-decoration-style: initial; text-decoration-color: initial;\"><br></p><h4>Register for free</h4><p dir=\"auto\" style=\"box-sizing: border-box; margin: 6px 0px 0px; color: rgba(0, 0, 0, 0.85); font-family: -apple-system, BlinkMacSystemFont, &quot;Segoe UI&quot;, Roboto, Oxygen-Sans, Ubuntu, Cantarell, &quot;Helvetica Neue&quot;, sans-serif; font-size: 14px; font-style: normal; font-variant-ligatures: normal; font-variant-caps: normal; font-weight: 400; letter-spacing: normal; orphans: 2; text-align: left; text-indent: 0px; text-transform: none; white-space: normal; widows: 2; word-spacing: 0px; -webkit-text-stroke-width: 0px; background-color: rgb(255, 255, 255); text-decoration-style: initial; text-decoration-color: initial;\">Service provider can register themselves with the platform and define their skill-sets and the charges they levy for the same.</p><p dir=\"auto\" style=\"box-sizing: border-box; margin: 6px 0px 0px; color: rgba(0, 0, 0, 0.85); font-family: -apple-system, BlinkMacSystemFont, &quot;Segoe UI&quot;, Roboto, Oxygen-Sans, Ubuntu, Cantarell, &quot;Helvetica Neue&quot;, sans-serif; font-size: 14px; font-style: normal; font-variant-ligatures: normal; font-variant-caps: normal; font-weight: 400; letter-spacing: normal; orphans: 2; text-align: left; text-indent: 0px; text-transform: none; white-space: normal; widows: 2; word-spacing: 0px; -webkit-text-stroke-width: 0px; background-color: rgb(255, 255, 255); text-decoration-style: initial; text-decoration-color: initial;\"><br></p><h4>Hire from host</h4><p dir=\"auto\" style=\"box-sizing: border-box; margin: 6px 0px 0px; color: rgba(0, 0, 0, 0.85); font-family: -apple-system, BlinkMacSystemFont, &quot;Segoe UI&quot;, Roboto, Oxygen-Sans, Ubuntu, Cantarell, &quot;Helvetica Neue&quot;, sans-serif; font-size: 14px; font-style: normal; font-variant-ligatures: normal; font-variant-caps: normal; font-weight: 400; letter-spacing: normal; orphans: 2; text-align: left; text-indent: 0px; text-transform: none; white-space: normal; widows: 2; word-spacing: 0px; -webkit-text-stroke-width: 0px; background-color: rgb(255, 255, 255); text-decoration-style: initial; text-decoration-color: initial;\">As soon as the service provider caught to the host\'s visibility, service provider can get engaged to process the request.</p><p dir=\"auto\" style=\"box-sizing: border-box; margin: 6px 0px 0px; color: rgba(0, 0, 0, 0.85); font-family: -apple-system, BlinkMacSystemFont, &quot;Segoe UI&quot;, Roboto, Oxygen-Sans, Ubuntu, Cantarell, &quot;Helvetica Neue&quot;, sans-serif; font-size: 14px; font-style: normal; font-variant-ligatures: normal; font-variant-caps: normal; font-weight: 400; letter-spacing: normal; orphans: 2; text-align: left; text-indent: 0px; text-transform: none; white-space: normal; widows: 2; word-spacing: 0px; -webkit-text-stroke-width: 0px; background-color: rgb(255, 255, 255); text-decoration-style: initial; text-decoration-color: initial;\"><br></p><h4>Get paid</h4><p dir=\"auto\" style=\"box-sizing: border-box; margin: 6px 0px 0px; color: rgba(0, 0, 0, 0.85); font-family: -apple-system, BlinkMacSystemFont, &quot;Segoe UI&quot;, Roboto, Oxygen-Sans, Ubuntu, Cantarell, &quot;Helvetica Neue&quot;, sans-serif; font-size: 14px; font-style: normal; font-variant-ligatures: normal; font-variant-caps: normal; font-weight: 400; letter-spacing: normal; orphans: 2; text-align: left; text-indent: 0px; text-transform: none; white-space: normal; widows: 2; word-spacing: 0px; -webkit-text-stroke-width: 0px; background-color: rgb(255, 255, 255); text-decoration-style: initial; text-decoration-color: initial;\">Once the job done, service provider get credited the amount.</p>',	1),
(6,	'2016-05-13 05:38:33',	'2016-05-13 05:38:33',	42,	'Help',	'help',	'<p>In posuere molestie augue, eget tincidunt libero pellentesque nec.   Aliquam erat volutpat. Aliquam a ligula nulla, at suscipit odio. Nullam   in nibh nibh, eu bibendum ligula. Morbi eu nibh dui. Vivamus  scelerisque  fermentum lacus et tristique. Sed vulputate euismod metus  porta  feugiat. Nulla varius venenatis mauris, nec ornare nisl bibendum  id. Aenean id orci nisl, in scelerisque nibh. Sed quam sapien,  tempus quis  vestibulum eu, sagittis varius sapien. Aliquam erat  volutpat. Nulla  facilisi. In egestas faucibus nunc, et venenatis purus  aliquet quis.  Nulla eget arcu turpis. Nunc pellentesque eros quis neque  sodales  hendrerit. Donec eget nibh sit amet ipsum elementum vehicula.   Pellentesque molestie diam vitae erat suscipit consequat. Pellentesque   vel arcu sit amet metus mattis congue vitae eu quam.</p>',	0),
(7,	'2016-05-13 05:38:33',	'2016-05-13 05:38:33',	42,	'FAQ',	'faq',	'Lorem Ipsum is a dummy text that is mainly used by the printing and design industry. It is intended to show how the type will look before the end product is available.\r\n\r\nLorem Ipsum has been the industry\'s standard dummy text ever since the 1500:s, when an unknown printer took a galley of type and scrambled it to make a type specimen book.\r\n\r\nLorem Ipsum dummy texts was available for many years on adhesive sheets in different sizes and typefaces from a company called Letraset.\r\n\r\nWhen computers came along, Aldus included lorem ipsum in its PageMaker publishing software, and you now see it wherever designers, content designers, art directors, user interface developers and web designer are at work.\r\n\r\nThey use it daily when using programs such as Adobe Photoshop, Paint Shop Pro, Dreamweaver, FrontPage, PageMaker, FrameMaker, Illustrator, Flash, Indesign etc.',	0),
(10,	'2016-07-02 17:32:49',	'2016-07-02 17:33:30',	42,	'Terms and conditions',	'term-and-conditions',	'<h3>1. Terms</h3>By accessing this web site you are agreeing to be bound by these web site Terms and Conditions of Use all applicable laws and regulations and agree that you are responsible for compliance with any applicable local laws. If you do not agree with any of these terms you are prohibited from using or accessing this site. The materials contained in this web site are protected by applicable copyright and trade mark law.<h3>2. Use License</h3><ol><li>Permission is granted to temporarily download one copy of the materials (information or software) on Agriya\'s web site for personal non-commercial transitory viewing only. This is the grant of a license not a transfer of title and under this license you may not:<ol><li>modify or copy the materials;</li><li>use the materials for any commercial purpose or for any public display (commercial or non-commercial);</li><li>attempt to decompile or reverse engineer any software contained on&nbsp;Agriya\'s web site;</li><li>remove any copyright or other proprietary notations from the materials; or</li><li>transfer the materials to another person or mirror the materials on any other server.</li></ol></li><li>This license shall automatically terminate if you violate any of these restrictions and may be terminated by&nbsp;Agriya&nbsp;at any&nbsp;time. Upon terminating your viewing of these materials or upon the termination of this license you must destroy any downloaded materials in your possession whether in electronic or printed format.</li></ol><h3>3. Disclaimer</h3>The materials on&nbsp;Agriya\'s web site are provided as is.&nbsp;Agriya&nbsp;makes no warranties expressed or implied and hereby&nbsp;disclaims&nbsp;and negates all other warranties including without limitation implied warranties or conditions of merchantability fitness for a particular purpose or non-infringement of intellectual property or other violation of rights. Further&nbsp;Agriya&nbsp;does not warrant or make any representations concerning the accuracy likely results or reliability of the use of&nbsp;the materials on its Internet web site or otherwise relating to such materials or on any sites linked to this site.<h3>4. Limitations</h3>In no event shall&nbsp;Agriya&nbsp;or its suppliers be liable for any damages (including without limitation damages for loss of data or profit&nbsp;or due to business interruption) arising out of the use or inability to use the materials on&nbsp;Agriya\'s Internet site even if&nbsp;Agriya&nbsp;or a&nbsp;Agriya&nbsp;authorized representative has been notified orally or in writing of the possibility of such&nbsp;damage.&nbsp;Because some jurisdictions do not allow limitations on implied warranties or limitations of liability for consequential or incidental damages these limitations may not apply to you.<h3>5. Revisions and Errata</h3>The materials appearing on&nbsp;Agriya\'s web site could include technical typographical or photographic errors.&nbsp;Agriya&nbsp;does&nbsp;not&nbsp;warrant that any of the materials on its web site are accurate complete or current.&nbsp;Agriya&nbsp;may make&nbsp;changes to the materials contained on its web site at any time without notice.&nbsp;Agriya&nbsp;does not however make any&nbsp;commitment to update the materials.<h3>6. Links</h3>Agriya&nbsp;has not reviewed all of the sites linked to its Internet web site and is not responsible for the contents of any such linked site. The inclusion of any link does not imply endorsement by&nbsp;Agriya&nbsp;of the site. Use of any such linked web site is at the&nbsp;user\'s own risk.<h3>7. Site Terms of Use Modifications</h3>Agriya&nbsp;may revise these terms of use for its web site at any time without notice. By using this web site you are agreeing to be bound by the then current version of these Terms and Conditions of Use.	N',	0),
(11,	'2016-05-13 00:08:33',	'2016-05-13 00:08:33',	54,	'About Us',	'about-us',	'<p>In posuere molestie augue, eget tincidunt libero pellentesque nec.   Aliquam erat volutpat. Aliquam a ligula nulla, at suscipit odio. Nullam   in nibh nibh, eu bibendum ligula. Morbi eu nibh dui. Vivamus  scelerisque  fermentum lacus et tristique. Sed vulputate euismod metus  porta  feugiat. Nulla varius venenatis mauris, nec ornare nisl bibendum  id. Aenean id orci nisl, in scelerisque nibh. Sed quam sapien,  tempus quis  vestibulum eu, sagittis varius sapien. Aliquam erat  volutpat. Nulla  facilisi. In egestas faucibus nunc, et venenatis purus  aliquet quis.  Nulla eget arcu turpis. Nunc pellentesque eros quis neque  sodales  hendrerit. Donec eget nibh sit amet ipsum elementum vehicula.   Pellentesque molestie diam vitae erat suscipit consequat. Pellentesque   vel arcu sit amet metus mattis congue vitae eu quam.</p>',	1),
(12,	'2016-05-13 00:08:33',	'2016-05-13 00:08:33',	54,	'Privacy Policy',	'privacy-policy',	'<p>For each visitor to our Web page our Web server automatically recognizes no information regarding the domain or e-mail address.</p><p>We collect the e-mail addresses of those who post messages to our bulletin board the e-mail addresses of those who communicate with us via e-mail the e-mail addresses of those who make postings to our chat areas user-specific information on what pages consumers access or visit information volunteered by the consumer such as survey information and/or site registrations name and address telephone number.</p><p>The information we collect is disclosed when legally required to do so at the request of governmental authorities conducting an investigation to verify or enforce compliance with the policies governing our Website and applicable laws or to protect against misuse or unauthorized use of our Website to a successor entity in connection with a corporate merger consolidation sale of assets or other corporate change respecting the Website.</p><p>With respect to cookies. We use cookies to record session information such as items that consumers add to their shopping cart.</p><p>If you do not want to receive e-mail from us in the future please let us know by sending us e-mail at the above address.</p><p>Persons who supply us with their telephone numbers on-line will only receive telephone contact from us with information regarding orders they have placed on-line. Please provide us with your name and phone number. We will be sure your name is removed from the list we share with other organizations.</p><p>With respect to Ad Servers. We do not partner with or have special relationships with any ad server companies.</p><p>From time to time we may use customer information for new unanticipated uses not previously disclosed in our privacy notice. If our information practices change at some time in the future we will post the policy changes to our Web site to notify you of these changes and we will use for these new purposes only data collected from the time of the policy change forward. If you are concerned about how your information is used you should check back at our Web site periodically.</p><p>Upon request we provide site visitors with access to transaction information (e.g. dates on which customers made purchases amounts and types of purchases) that we maintain about them.</p><p>Upon request we offer visitors the ability to have inaccuracies corrected in contact information transaction information.</p><p>With respect to security. When we transfer and receive certain types of sensitive information such as financial or health information we redirect visitors to a secure server and will notify visitors through a pop-up screen on our site.</p><p>If you feel that this site is not following its stated information policy you may contact us at the above addresses or phone number.</p>\r\n',	1),
(13,	'2016-05-13 00:08:33',	'2016-05-13 00:08:33',	54,	'Press',	'press',	'Lorem Ipsum is a dummy text that is mainly used by the printing and design industry. It is intended to show how the type will look before the end product is available.\r\n\r\nLorem Ipsum has been the industry\'s standard dummy text ever since the 1500:s, when an unknown printer took a galley of type and scrambled it to make a type specimen book.\r\n\r\nLorem Ipsum dummy texts was available for many years on adhesive sheets in different sizes and typefaces from a company called Letraset.\r\n\r\nWhen computers came along, Aldus included lorem ipsum in its PageMaker publishing software, and you now see it wherever designers, content designers, art directors, user interface developers and web designer are at work.\r\n\r\nThey use it daily when using programs such as Adobe Photoshop, Paint Shop Pro, Dreamweaver, FrontPage, PageMaker, FrameMaker, Illustrator, Flash, Indesign etc.',	1),
(14,	'2016-05-13 00:08:33',	'2016-05-13 00:08:33',	54,	'How it Works',	'how-it-works',	'<p><span style=\"color: rgba(0, 0, 0, 0.85); font-family: -apple-system, BlinkMacSystemFont, &quot;Segoe UI&quot;, Roboto, Oxygen-Sans, Ubuntu, Cantarell, &quot;Helvetica Neue&quot;, sans-serif;\">This on-demand service booking system enables the service provider and the host to get connected and mutually resolve their goals at ease. We can define the service provider life cycle in three simple steps.</span><br></p><p dir=\"auto\" style=\"box-sizing: border-box; margin: 0px; color: rgba(0, 0, 0, 0.85); font-family: -apple-system, BlinkMacSystemFont, &quot;Segoe UI&quot;, Roboto, Oxygen-Sans, Ubuntu, Cantarell, &quot;Helvetica Neue&quot;, sans-serif; font-size: 14px; font-style: normal; font-variant-ligatures: normal; font-variant-caps: normal; font-weight: 400; letter-spacing: normal; orphans: 2; text-align: left; text-indent: 0px; text-transform: none; white-space: normal; widows: 2; word-spacing: 0px; -webkit-text-stroke-width: 0px; background-color: rgb(255, 255, 255); text-decoration-style: initial; text-decoration-color: initial;\"><br></p><h4>Register for free</h4><p dir=\"auto\" style=\"box-sizing: border-box; margin: 6px 0px 0px; color: rgba(0, 0, 0, 0.85); font-family: -apple-system, BlinkMacSystemFont, &quot;Segoe UI&quot;, Roboto, Oxygen-Sans, Ubuntu, Cantarell, &quot;Helvetica Neue&quot;, sans-serif; font-size: 14px; font-style: normal; font-variant-ligatures: normal; font-variant-caps: normal; font-weight: 400; letter-spacing: normal; orphans: 2; text-align: left; text-indent: 0px; text-transform: none; white-space: normal; widows: 2; word-spacing: 0px; -webkit-text-stroke-width: 0px; background-color: rgb(255, 255, 255); text-decoration-style: initial; text-decoration-color: initial;\">Service provider can register themselves with the platform and define their skill-sets and the charges they levy for the same.</p><p dir=\"auto\" style=\"box-sizing: border-box; margin: 6px 0px 0px; color: rgba(0, 0, 0, 0.85); font-family: -apple-system, BlinkMacSystemFont, &quot;Segoe UI&quot;, Roboto, Oxygen-Sans, Ubuntu, Cantarell, &quot;Helvetica Neue&quot;, sans-serif; font-size: 14px; font-style: normal; font-variant-ligatures: normal; font-variant-caps: normal; font-weight: 400; letter-spacing: normal; orphans: 2; text-align: left; text-indent: 0px; text-transform: none; white-space: normal; widows: 2; word-spacing: 0px; -webkit-text-stroke-width: 0px; background-color: rgb(255, 255, 255); text-decoration-style: initial; text-decoration-color: initial;\"><br></p><h4>Hire from host</h4><p dir=\"auto\" style=\"box-sizing: border-box; margin: 6px 0px 0px; color: rgba(0, 0, 0, 0.85); font-family: -apple-system, BlinkMacSystemFont, &quot;Segoe UI&quot;, Roboto, Oxygen-Sans, Ubuntu, Cantarell, &quot;Helvetica Neue&quot;, sans-serif; font-size: 14px; font-style: normal; font-variant-ligatures: normal; font-variant-caps: normal; font-weight: 400; letter-spacing: normal; orphans: 2; text-align: left; text-indent: 0px; text-transform: none; white-space: normal; widows: 2; word-spacing: 0px; -webkit-text-stroke-width: 0px; background-color: rgb(255, 255, 255); text-decoration-style: initial; text-decoration-color: initial;\">As soon as the service provider caught to the host\'s visibility, service provider can get engaged to process the request.</p><p dir=\"auto\" style=\"box-sizing: border-box; margin: 6px 0px 0px; color: rgba(0, 0, 0, 0.85); font-family: -apple-system, BlinkMacSystemFont, &quot;Segoe UI&quot;, Roboto, Oxygen-Sans, Ubuntu, Cantarell, &quot;Helvetica Neue&quot;, sans-serif; font-size: 14px; font-style: normal; font-variant-ligatures: normal; font-variant-caps: normal; font-weight: 400; letter-spacing: normal; orphans: 2; text-align: left; text-indent: 0px; text-transform: none; white-space: normal; widows: 2; word-spacing: 0px; -webkit-text-stroke-width: 0px; background-color: rgb(255, 255, 255); text-decoration-style: initial; text-decoration-color: initial;\"><br></p><h4>Get paid</h4><p dir=\"auto\" style=\"box-sizing: border-box; margin: 6px 0px 0px; color: rgba(0, 0, 0, 0.85); font-family: -apple-system, BlinkMacSystemFont, &quot;Segoe UI&quot;, Roboto, Oxygen-Sans, Ubuntu, Cantarell, &quot;Helvetica Neue&quot;, sans-serif; font-size: 14px; font-style: normal; font-variant-ligatures: normal; font-variant-caps: normal; font-weight: 400; letter-spacing: normal; orphans: 2; text-align: left; text-indent: 0px; text-transform: none; white-space: normal; widows: 2; word-spacing: 0px; -webkit-text-stroke-width: 0px; background-color: rgb(255, 255, 255); text-decoration-style: initial; text-decoration-color: initial;\">Once the job done, service provider get credited the amount.</p>',	1),
(15,	'2016-05-13 00:08:33',	'2016-05-13 00:08:33',	54,	'Help',	'help',	'<p>In posuere molestie augue, eget tincidunt libero pellentesque nec.   Aliquam erat volutpat. Aliquam a ligula nulla, at suscipit odio. Nullam   in nibh nibh, eu bibendum ligula. Morbi eu nibh dui. Vivamus  scelerisque  fermentum lacus et tristique. Sed vulputate euismod metus  porta  feugiat. Nulla varius venenatis mauris, nec ornare nisl bibendum  id. Aenean id orci nisl, in scelerisque nibh. Sed quam sapien,  tempus quis  vestibulum eu, sagittis varius sapien. Aliquam erat  volutpat. Nulla  facilisi. In egestas faucibus nunc, et venenatis purus  aliquet quis.  Nulla eget arcu turpis. Nunc pellentesque eros quis neque  sodales  hendrerit. Donec eget nibh sit amet ipsum elementum vehicula.   Pellentesque molestie diam vitae erat suscipit consequat. Pellentesque   vel arcu sit amet metus mattis congue vitae eu quam.</p>',	0),
(16,	'2016-05-13 00:08:33',	'2016-05-13 00:08:33',	54,	'FAQ',	'faq',	'Lorem Ipsum is a dummy text that is mainly used by the printing and design industry. It is intended to show how the type will look before the end product is available.\r\n\r\nLorem Ipsum has been the industry\'s standard dummy text ever since the 1500:s, when an unknown printer took a galley of type and scrambled it to make a type specimen book.\r\n\r\nLorem Ipsum dummy texts was available for many years on adhesive sheets in different sizes and typefaces from a company called Letraset.\r\n\r\nWhen computers came along, Aldus included lorem ipsum in its PageMaker publishing software, and you now see it wherever designers, content designers, art directors, user interface developers and web designer are at work.\r\n\r\nThey use it daily when using programs such as Adobe Photoshop, Paint Shop Pro, Dreamweaver, FrontPage, PageMaker, FrameMaker, Illustrator, Flash, Indesign etc.',	0),
(17,	'2016-07-02 12:02:49',	'2016-07-02 12:03:30',	54,	'Terms and conditions',	'term-and-conditions',	'<h3>1. Terms</h3>By accessing this web site you are agreeing to be bound by these web site Terms and Conditions of Use all applicable laws and regulations and agree that you are responsible for compliance with any applicable local laws. If you do not agree with any of these terms you are prohibited from using or accessing this site. The materials contained in this web site are protected by applicable copyright and trade mark law.<h3>2. Use License</h3><ol><li>Permission is granted to temporarily download one copy of the materials (information or software) on Agriya\'s web site for personal non-commercial transitory viewing only. This is the grant of a license not a transfer of title and under this license you may not:<ol><li>modify or copy the materials;</li><li>use the materials for any commercial purpose or for any public display (commercial or non-commercial);</li><li>attempt to decompile or reverse engineer any software contained on&nbsp;Agriya\'s web site;</li><li>remove any copyright or other proprietary notations from the materials; or</li><li>transfer the materials to another person or mirror the materials on any other server.</li></ol></li><li>This license shall automatically terminate if you violate any of these restrictions and may be terminated by&nbsp;Agriya&nbsp;at any&nbsp;time. Upon terminating your viewing of these materials or upon the termination of this license you must destroy any downloaded materials in your possession whether in electronic or printed format.</li></ol><h3>3. Disclaimer</h3>The materials on&nbsp;Agriya\'s web site are provided as is.&nbsp;Agriya&nbsp;makes no warranties expressed or implied and hereby&nbsp;disclaims&nbsp;and negates all other warranties including without limitation implied warranties or conditions of merchantability fitness for a particular purpose or non-infringement of intellectual property or other violation of rights. Further&nbsp;Agriya&nbsp;does not warrant or make any representations concerning the accuracy likely results or reliability of the use of&nbsp;the materials on its Internet web site or otherwise relating to such materials or on any sites linked to this site.<h3>4. Limitations</h3>In no event shall&nbsp;Agriya&nbsp;or its suppliers be liable for any damages (including without limitation damages for loss of data or profit&nbsp;or due to business interruption) arising out of the use or inability to use the materials on&nbsp;Agriya\'s Internet site even if&nbsp;Agriya&nbsp;or a&nbsp;Agriya&nbsp;authorized representative has been notified orally or in writing of the possibility of such&nbsp;damage.&nbsp;Because some jurisdictions do not allow limitations on implied warranties or limitations of liability for consequential or incidental damages these limitations may not apply to you.<h3>5. Revisions and Errata</h3>The materials appearing on&nbsp;Agriya\'s web site could include technical typographical or photographic errors.&nbsp;Agriya&nbsp;does&nbsp;not&nbsp;warrant that any of the materials on its web site are accurate complete or current.&nbsp;Agriya&nbsp;may make&nbsp;changes to the materials contained on its web site at any time without notice.&nbsp;Agriya&nbsp;does not however make any&nbsp;commitment to update the materials.<h3>6. Links</h3>Agriya&nbsp;has not reviewed all of the sites linked to its Internet web site and is not responsible for the contents of any such linked site. The inclusion of any link does not imply endorsement by&nbsp;Agriya&nbsp;of the site. Use of any such linked web site is at the&nbsp;user\'s own risk.<h3>7. Site Terms of Use Modifications</h3>Agriya&nbsp;may revise these terms of use for its web site at any time without notice. By using this web site you are agreeing to be bound by the then current version of these Terms and Conditions of Use.	N',	0),
(18,	'2016-05-13 00:08:33',	'2016-05-13 00:08:33',	149,	'About Us',	'about-us',	'<p>In posuere molestie augue, eget tincidunt libero pellentesque nec.   Aliquam erat volutpat. Aliquam a ligula nulla, at suscipit odio. Nullam   in nibh nibh, eu bibendum ligula. Morbi eu nibh dui. Vivamus  scelerisque  fermentum lacus et tristique. Sed vulputate euismod metus  porta  feugiat. Nulla varius venenatis mauris, nec ornare nisl bibendum  id. Aenean id orci nisl, in scelerisque nibh. Sed quam sapien,  tempus quis  vestibulum eu, sagittis varius sapien. Aliquam erat  volutpat. Nulla  facilisi. In egestas faucibus nunc, et venenatis purus  aliquet quis.  Nulla eget arcu turpis. Nunc pellentesque eros quis neque  sodales  hendrerit. Donec eget nibh sit amet ipsum elementum vehicula.   Pellentesque molestie diam vitae erat suscipit consequat. Pellentesque   vel arcu sit amet metus mattis congue vitae eu quam.</p>',	1),
(19,	'2016-05-13 00:08:33',	'2016-05-13 00:08:33',	149,	'Privacy Policy',	'privacy-policy',	'<p>For each visitor to our Web page our Web server automatically recognizes no information regarding the domain or e-mail address.</p><p>We collect the e-mail addresses of those who post messages to our bulletin board the e-mail addresses of those who communicate with us via e-mail the e-mail addresses of those who make postings to our chat areas user-specific information on what pages consumers access or visit information volunteered by the consumer such as survey information and/or site registrations name and address telephone number.</p><p>The information we collect is disclosed when legally required to do so at the request of governmental authorities conducting an investigation to verify or enforce compliance with the policies governing our Website and applicable laws or to protect against misuse or unauthorized use of our Website to a successor entity in connection with a corporate merger consolidation sale of assets or other corporate change respecting the Website.</p><p>With respect to cookies. We use cookies to record session information such as items that consumers add to their shopping cart.</p><p>If you do not want to receive e-mail from us in the future please let us know by sending us e-mail at the above address.</p><p>Persons who supply us with their telephone numbers on-line will only receive telephone contact from us with information regarding orders they have placed on-line. Please provide us with your name and phone number. We will be sure your name is removed from the list we share with other organizations.</p><p>With respect to Ad Servers. We do not partner with or have special relationships with any ad server companies.</p><p>From time to time we may use customer information for new unanticipated uses not previously disclosed in our privacy notice. If our information practices change at some time in the future we will post the policy changes to our Web site to notify you of these changes and we will use for these new purposes only data collected from the time of the policy change forward. If you are concerned about how your information is used you should check back at our Web site periodically.</p><p>Upon request we provide site visitors with access to transaction information (e.g. dates on which customers made purchases amounts and types of purchases) that we maintain about them.</p><p>Upon request we offer visitors the ability to have inaccuracies corrected in contact information transaction information.</p><p>With respect to security. When we transfer and receive certain types of sensitive information such as financial or health information we redirect visitors to a secure server and will notify visitors through a pop-up screen on our site.</p><p>If you feel that this site is not following its stated information policy you may contact us at the above addresses or phone number.</p>\r\n',	1),
(20,	'2016-05-13 00:08:33',	'2016-05-13 00:08:33',	149,	'Press',	'press',	'Lorem Ipsum is a dummy text that is mainly used by the printing and design industry. It is intended to show how the type will look before the end product is available.\r\n\r\nLorem Ipsum has been the industry\'s standard dummy text ever since the 1500:s, when an unknown printer took a galley of type and scrambled it to make a type specimen book.\r\n\r\nLorem Ipsum dummy texts was available for many years on adhesive sheets in different sizes and typefaces from a company called Letraset.\r\n\r\nWhen computers came along, Aldus included lorem ipsum in its PageMaker publishing software, and you now see it wherever designers, content designers, art directors, user interface developers and web designer are at work.\r\n\r\nThey use it daily when using programs such as Adobe Photoshop, Paint Shop Pro, Dreamweaver, FrontPage, PageMaker, FrameMaker, Illustrator, Flash, Indesign etc.',	1),
(21,	'2016-05-13 00:08:33',	'2016-05-13 00:08:33',	149,	'How it Works',	'how-it-works',	'<p><span style=\"color: rgba(0, 0, 0, 0.85); font-family: -apple-system, BlinkMacSystemFont, &quot;Segoe UI&quot;, Roboto, Oxygen-Sans, Ubuntu, Cantarell, &quot;Helvetica Neue&quot;, sans-serif;\">This on-demand service booking system enables the service provider and the host to get connected and mutually resolve their goals at ease. We can define the service provider life cycle in three simple steps.</span><br></p><p dir=\"auto\" style=\"box-sizing: border-box; margin: 0px; color: rgba(0, 0, 0, 0.85); font-family: -apple-system, BlinkMacSystemFont, &quot;Segoe UI&quot;, Roboto, Oxygen-Sans, Ubuntu, Cantarell, &quot;Helvetica Neue&quot;, sans-serif; font-size: 14px; font-style: normal; font-variant-ligatures: normal; font-variant-caps: normal; font-weight: 400; letter-spacing: normal; orphans: 2; text-align: left; text-indent: 0px; text-transform: none; white-space: normal; widows: 2; word-spacing: 0px; -webkit-text-stroke-width: 0px; background-color: rgb(255, 255, 255); text-decoration-style: initial; text-decoration-color: initial;\"><br></p><h4>Register for free</h4><p dir=\"auto\" style=\"box-sizing: border-box; margin: 6px 0px 0px; color: rgba(0, 0, 0, 0.85); font-family: -apple-system, BlinkMacSystemFont, &quot;Segoe UI&quot;, Roboto, Oxygen-Sans, Ubuntu, Cantarell, &quot;Helvetica Neue&quot;, sans-serif; font-size: 14px; font-style: normal; font-variant-ligatures: normal; font-variant-caps: normal; font-weight: 400; letter-spacing: normal; orphans: 2; text-align: left; text-indent: 0px; text-transform: none; white-space: normal; widows: 2; word-spacing: 0px; -webkit-text-stroke-width: 0px; background-color: rgb(255, 255, 255); text-decoration-style: initial; text-decoration-color: initial;\">Service provider can register themselves with the platform and define their skill-sets and the charges they levy for the same.</p><p dir=\"auto\" style=\"box-sizing: border-box; margin: 6px 0px 0px; color: rgba(0, 0, 0, 0.85); font-family: -apple-system, BlinkMacSystemFont, &quot;Segoe UI&quot;, Roboto, Oxygen-Sans, Ubuntu, Cantarell, &quot;Helvetica Neue&quot;, sans-serif; font-size: 14px; font-style: normal; font-variant-ligatures: normal; font-variant-caps: normal; font-weight: 400; letter-spacing: normal; orphans: 2; text-align: left; text-indent: 0px; text-transform: none; white-space: normal; widows: 2; word-spacing: 0px; -webkit-text-stroke-width: 0px; background-color: rgb(255, 255, 255); text-decoration-style: initial; text-decoration-color: initial;\"><br></p><h4>Hire from host</h4><p dir=\"auto\" style=\"box-sizing: border-box; margin: 6px 0px 0px; color: rgba(0, 0, 0, 0.85); font-family: -apple-system, BlinkMacSystemFont, &quot;Segoe UI&quot;, Roboto, Oxygen-Sans, Ubuntu, Cantarell, &quot;Helvetica Neue&quot;, sans-serif; font-size: 14px; font-style: normal; font-variant-ligatures: normal; font-variant-caps: normal; font-weight: 400; letter-spacing: normal; orphans: 2; text-align: left; text-indent: 0px; text-transform: none; white-space: normal; widows: 2; word-spacing: 0px; -webkit-text-stroke-width: 0px; background-color: rgb(255, 255, 255); text-decoration-style: initial; text-decoration-color: initial;\">As soon as the service provider caught to the host\'s visibility, service provider can get engaged to process the request.</p><p dir=\"auto\" style=\"box-sizing: border-box; margin: 6px 0px 0px; color: rgba(0, 0, 0, 0.85); font-family: -apple-system, BlinkMacSystemFont, &quot;Segoe UI&quot;, Roboto, Oxygen-Sans, Ubuntu, Cantarell, &quot;Helvetica Neue&quot;, sans-serif; font-size: 14px; font-style: normal; font-variant-ligatures: normal; font-variant-caps: normal; font-weight: 400; letter-spacing: normal; orphans: 2; text-align: left; text-indent: 0px; text-transform: none; white-space: normal; widows: 2; word-spacing: 0px; -webkit-text-stroke-width: 0px; background-color: rgb(255, 255, 255); text-decoration-style: initial; text-decoration-color: initial;\"><br></p><h4>Get paid</h4><p dir=\"auto\" style=\"box-sizing: border-box; margin: 6px 0px 0px; color: rgba(0, 0, 0, 0.85); font-family: -apple-system, BlinkMacSystemFont, &quot;Segoe UI&quot;, Roboto, Oxygen-Sans, Ubuntu, Cantarell, &quot;Helvetica Neue&quot;, sans-serif; font-size: 14px; font-style: normal; font-variant-ligatures: normal; font-variant-caps: normal; font-weight: 400; letter-spacing: normal; orphans: 2; text-align: left; text-indent: 0px; text-transform: none; white-space: normal; widows: 2; word-spacing: 0px; -webkit-text-stroke-width: 0px; background-color: rgb(255, 255, 255); text-decoration-style: initial; text-decoration-color: initial;\">Once the job done, service provider get credited the amount.</p>',	1),
(22,	'2016-05-13 00:08:33',	'2016-05-13 00:08:33',	149,	'Help',	'help',	'<p>In posuere molestie augue, eget tincidunt libero pellentesque nec.   Aliquam erat volutpat. Aliquam a ligula nulla, at suscipit odio. Nullam   in nibh nibh, eu bibendum ligula. Morbi eu nibh dui. Vivamus  scelerisque  fermentum lacus et tristique. Sed vulputate euismod metus  porta  feugiat. Nulla varius venenatis mauris, nec ornare nisl bibendum  id. Aenean id orci nisl, in scelerisque nibh. Sed quam sapien,  tempus quis  vestibulum eu, sagittis varius sapien. Aliquam erat  volutpat. Nulla  facilisi. In egestas faucibus nunc, et venenatis purus  aliquet quis.  Nulla eget arcu turpis. Nunc pellentesque eros quis neque  sodales  hendrerit. Donec eget nibh sit amet ipsum elementum vehicula.   Pellentesque molestie diam vitae erat suscipit consequat. Pellentesque   vel arcu sit amet metus mattis congue vitae eu quam.</p>',	0),
(23,	'2016-05-13 00:08:33',	'2016-05-13 00:08:33',	149,	'FAQ',	'faq',	'Lorem Ipsum is a dummy text that is mainly used by the printing and design industry. It is intended to show how the type will look before the end product is available.\r\n\r\nLorem Ipsum has been the industry\'s standard dummy text ever since the 1500:s, when an unknown printer took a galley of type and scrambled it to make a type specimen book.\r\n\r\nLorem Ipsum dummy texts was available for many years on adhesive sheets in different sizes and typefaces from a company called Letraset.\r\n\r\nWhen computers came along, Aldus included lorem ipsum in its PageMaker publishing software, and you now see it wherever designers, content designers, art directors, user interface developers and web designer are at work.\r\n\r\nThey use it daily when using programs such as Adobe Photoshop, Paint Shop Pro, Dreamweaver, FrontPage, PageMaker, FrameMaker, Illustrator, Flash, Indesign etc.',	0),
(24,	'2016-07-02 12:02:49',	'2016-07-02 12:03:30',	149,	'Terms and conditions',	'term-and-conditions',	'<h3>1. Terms</h3>By accessing this web site you are agreeing to be bound by these web site Terms and Conditions of Use all applicable laws and regulations and agree that you are responsible for compliance with any applicable local laws. If you do not agree with any of these terms you are prohibited from using or accessing this site. The materials contained in this web site are protected by applicable copyright and trade mark law.<h3>2. Use License</h3><ol><li>Permission is granted to temporarily download one copy of the materials (information or software) on Agriya\'s web site for personal non-commercial transitory viewing only. This is the grant of a license not a transfer of title and under this license you may not:<ol><li>modify or copy the materials;</li><li>use the materials for any commercial purpose or for any public display (commercial or non-commercial);</li><li>attempt to decompile or reverse engineer any software contained on&nbsp;Agriya\'s web site;</li><li>remove any copyright or other proprietary notations from the materials; or</li><li>transfer the materials to another person or mirror the materials on any other server.</li></ol></li><li>This license shall automatically terminate if you violate any of these restrictions and may be terminated by&nbsp;Agriya&nbsp;at any&nbsp;time. Upon terminating your viewing of these materials or upon the termination of this license you must destroy any downloaded materials in your possession whether in electronic or printed format.</li></ol><h3>3. Disclaimer</h3>The materials on&nbsp;Agriya\'s web site are provided as is.&nbsp;Agriya&nbsp;makes no warranties expressed or implied and hereby&nbsp;disclaims&nbsp;and negates all other warranties including without limitation implied warranties or conditions of merchantability fitness for a particular purpose or non-infringement of intellectual property or other violation of rights. Further&nbsp;Agriya&nbsp;does not warrant or make any representations concerning the accuracy likely results or reliability of the use of&nbsp;the materials on its Internet web site or otherwise relating to such materials or on any sites linked to this site.<h3>4. Limitations</h3>In no event shall&nbsp;Agriya&nbsp;or its suppliers be liable for any damages (including without limitation damages for loss of data or profit&nbsp;or due to business interruption) arising out of the use or inability to use the materials on&nbsp;Agriya\'s Internet site even if&nbsp;Agriya&nbsp;or a&nbsp;Agriya&nbsp;authorized representative has been notified orally or in writing of the possibility of such&nbsp;damage.&nbsp;Because some jurisdictions do not allow limitations on implied warranties or limitations of liability for consequential or incidental damages these limitations may not apply to you.<h3>5. Revisions and Errata</h3>The materials appearing on&nbsp;Agriya\'s web site could include technical typographical or photographic errors.&nbsp;Agriya&nbsp;does&nbsp;not&nbsp;warrant that any of the materials on its web site are accurate complete or current.&nbsp;Agriya&nbsp;may make&nbsp;changes to the materials contained on its web site at any time without notice.&nbsp;Agriya&nbsp;does not however make any&nbsp;commitment to update the materials.<h3>6. Links</h3>Agriya&nbsp;has not reviewed all of the sites linked to its Internet web site and is not responsible for the contents of any such linked site. The inclusion of any link does not imply endorsement by&nbsp;Agriya&nbsp;of the site. Use of any such linked web site is at the&nbsp;user\'s own risk.<h3>7. Site Terms of Use Modifications</h3>Agriya&nbsp;may revise these terms of use for its web site at any time without notice. By using this web site you are agreeing to be bound by the then current version of these Terms and Conditions of Use.	N',	0),
(25,	'2016-05-13 00:08:33',	'2016-05-13 00:08:33',	49,	'About Us',	'about-us',	'<p>In posuere molestie augue, eget tincidunt libero pellentesque nec.   Aliquam erat volutpat. Aliquam a ligula nulla, at suscipit odio. Nullam   in nibh nibh, eu bibendum ligula. Morbi eu nibh dui. Vivamus  scelerisque  fermentum lacus et tristique. Sed vulputate euismod metus  porta  feugiat. Nulla varius venenatis mauris, nec ornare nisl bibendum  id. Aenean id orci nisl, in scelerisque nibh. Sed quam sapien,  tempus quis  vestibulum eu, sagittis varius sapien. Aliquam erat  volutpat. Nulla  facilisi. In egestas faucibus nunc, et venenatis purus  aliquet quis.  Nulla eget arcu turpis. Nunc pellentesque eros quis neque  sodales  hendrerit. Donec eget nibh sit amet ipsum elementum vehicula.   Pellentesque molestie diam vitae erat suscipit consequat. Pellentesque   vel arcu sit amet metus mattis congue vitae eu quam.</p>',	1),
(26,	'2016-05-13 00:08:33',	'2016-05-13 00:08:33',	49,	'Privacy Policy',	'privacy-policy',	'<p>For each visitor to our Web page our Web server automatically recognizes no information regarding the domain or e-mail address.</p><p>We collect the e-mail addresses of those who post messages to our bulletin board the e-mail addresses of those who communicate with us via e-mail the e-mail addresses of those who make postings to our chat areas user-specific information on what pages consumers access or visit information volunteered by the consumer such as survey information and/or site registrations name and address telephone number.</p><p>The information we collect is disclosed when legally required to do so at the request of governmental authorities conducting an investigation to verify or enforce compliance with the policies governing our Website and applicable laws or to protect against misuse or unauthorized use of our Website to a successor entity in connection with a corporate merger consolidation sale of assets or other corporate change respecting the Website.</p><p>With respect to cookies. We use cookies to record session information such as items that consumers add to their shopping cart.</p><p>If you do not want to receive e-mail from us in the future please let us know by sending us e-mail at the above address.</p><p>Persons who supply us with their telephone numbers on-line will only receive telephone contact from us with information regarding orders they have placed on-line. Please provide us with your name and phone number. We will be sure your name is removed from the list we share with other organizations.</p><p>With respect to Ad Servers. We do not partner with or have special relationships with any ad server companies.</p><p>From time to time we may use customer information for new unanticipated uses not previously disclosed in our privacy notice. If our information practices change at some time in the future we will post the policy changes to our Web site to notify you of these changes and we will use for these new purposes only data collected from the time of the policy change forward. If you are concerned about how your information is used you should check back at our Web site periodically.</p><p>Upon request we provide site visitors with access to transaction information (e.g. dates on which customers made purchases amounts and types of purchases) that we maintain about them.</p><p>Upon request we offer visitors the ability to have inaccuracies corrected in contact information transaction information.</p><p>With respect to security. When we transfer and receive certain types of sensitive information such as financial or health information we redirect visitors to a secure server and will notify visitors through a pop-up screen on our site.</p><p>If you feel that this site is not following its stated information policy you may contact us at the above addresses or phone number.</p>\r\n',	1),
(27,	'2016-05-13 00:08:33',	'2016-05-13 00:08:33',	49,	'Press',	'press',	'Lorem Ipsum is a dummy text that is mainly used by the printing and design industry. It is intended to show how the type will look before the end product is available.\r\n\r\nLorem Ipsum has been the industry\'s standard dummy text ever since the 1500:s, when an unknown printer took a galley of type and scrambled it to make a type specimen book.\r\n\r\nLorem Ipsum dummy texts was available for many years on adhesive sheets in different sizes and typefaces from a company called Letraset.\r\n\r\nWhen computers came along, Aldus included lorem ipsum in its PageMaker publishing software, and you now see it wherever designers, content designers, art directors, user interface developers and web designer are at work.\r\n\r\nThey use it daily when using programs such as Adobe Photoshop, Paint Shop Pro, Dreamweaver, FrontPage, PageMaker, FrameMaker, Illustrator, Flash, Indesign etc.',	1),
(28,	'2016-05-13 00:08:33',	'2016-05-13 00:08:33',	49,	'How it Works',	'how-it-works',	'<p><span style=\"color: rgba(0, 0, 0, 0.85); font-family: -apple-system, BlinkMacSystemFont, &quot;Segoe UI&quot;, Roboto, Oxygen-Sans, Ubuntu, Cantarell, &quot;Helvetica Neue&quot;, sans-serif;\">This on-demand service booking system enables the service provider and the host to get connected and mutually resolve their goals at ease. We can define the service provider life cycle in three simple steps.</span><br></p><p dir=\"auto\" style=\"box-sizing: border-box; margin: 0px; color: rgba(0, 0, 0, 0.85); font-family: -apple-system, BlinkMacSystemFont, &quot;Segoe UI&quot;, Roboto, Oxygen-Sans, Ubuntu, Cantarell, &quot;Helvetica Neue&quot;, sans-serif; font-size: 14px; font-style: normal; font-variant-ligatures: normal; font-variant-caps: normal; font-weight: 400; letter-spacing: normal; orphans: 2; text-align: left; text-indent: 0px; text-transform: none; white-space: normal; widows: 2; word-spacing: 0px; -webkit-text-stroke-width: 0px; background-color: rgb(255, 255, 255); text-decoration-style: initial; text-decoration-color: initial;\"><br></p><h4>Register for free</h4><p dir=\"auto\" style=\"box-sizing: border-box; margin: 6px 0px 0px; color: rgba(0, 0, 0, 0.85); font-family: -apple-system, BlinkMacSystemFont, &quot;Segoe UI&quot;, Roboto, Oxygen-Sans, Ubuntu, Cantarell, &quot;Helvetica Neue&quot;, sans-serif; font-size: 14px; font-style: normal; font-variant-ligatures: normal; font-variant-caps: normal; font-weight: 400; letter-spacing: normal; orphans: 2; text-align: left; text-indent: 0px; text-transform: none; white-space: normal; widows: 2; word-spacing: 0px; -webkit-text-stroke-width: 0px; background-color: rgb(255, 255, 255); text-decoration-style: initial; text-decoration-color: initial;\">Service provider can register themselves with the platform and define their skill-sets and the charges they levy for the same.</p><p dir=\"auto\" style=\"box-sizing: border-box; margin: 6px 0px 0px; color: rgba(0, 0, 0, 0.85); font-family: -apple-system, BlinkMacSystemFont, &quot;Segoe UI&quot;, Roboto, Oxygen-Sans, Ubuntu, Cantarell, &quot;Helvetica Neue&quot;, sans-serif; font-size: 14px; font-style: normal; font-variant-ligatures: normal; font-variant-caps: normal; font-weight: 400; letter-spacing: normal; orphans: 2; text-align: left; text-indent: 0px; text-transform: none; white-space: normal; widows: 2; word-spacing: 0px; -webkit-text-stroke-width: 0px; background-color: rgb(255, 255, 255); text-decoration-style: initial; text-decoration-color: initial;\"><br></p><h4>Hire from host</h4><p dir=\"auto\" style=\"box-sizing: border-box; margin: 6px 0px 0px; color: rgba(0, 0, 0, 0.85); font-family: -apple-system, BlinkMacSystemFont, &quot;Segoe UI&quot;, Roboto, Oxygen-Sans, Ubuntu, Cantarell, &quot;Helvetica Neue&quot;, sans-serif; font-size: 14px; font-style: normal; font-variant-ligatures: normal; font-variant-caps: normal; font-weight: 400; letter-spacing: normal; orphans: 2; text-align: left; text-indent: 0px; text-transform: none; white-space: normal; widows: 2; word-spacing: 0px; -webkit-text-stroke-width: 0px; background-color: rgb(255, 255, 255); text-decoration-style: initial; text-decoration-color: initial;\">As soon as the service provider caught to the host\'s visibility, service provider can get engaged to process the request.</p><p dir=\"auto\" style=\"box-sizing: border-box; margin: 6px 0px 0px; color: rgba(0, 0, 0, 0.85); font-family: -apple-system, BlinkMacSystemFont, &quot;Segoe UI&quot;, Roboto, Oxygen-Sans, Ubuntu, Cantarell, &quot;Helvetica Neue&quot;, sans-serif; font-size: 14px; font-style: normal; font-variant-ligatures: normal; font-variant-caps: normal; font-weight: 400; letter-spacing: normal; orphans: 2; text-align: left; text-indent: 0px; text-transform: none; white-space: normal; widows: 2; word-spacing: 0px; -webkit-text-stroke-width: 0px; background-color: rgb(255, 255, 255); text-decoration-style: initial; text-decoration-color: initial;\"><br></p><h4>Get paid</h4><p dir=\"auto\" style=\"box-sizing: border-box; margin: 6px 0px 0px; color: rgba(0, 0, 0, 0.85); font-family: -apple-system, BlinkMacSystemFont, &quot;Segoe UI&quot;, Roboto, Oxygen-Sans, Ubuntu, Cantarell, &quot;Helvetica Neue&quot;, sans-serif; font-size: 14px; font-style: normal; font-variant-ligatures: normal; font-variant-caps: normal; font-weight: 400; letter-spacing: normal; orphans: 2; text-align: left; text-indent: 0px; text-transform: none; white-space: normal; widows: 2; word-spacing: 0px; -webkit-text-stroke-width: 0px; background-color: rgb(255, 255, 255); text-decoration-style: initial; text-decoration-color: initial;\">Once the job done, service provider get credited the amount.</p>',	1),
(29,	'2016-05-13 00:08:33',	'2016-05-13 00:08:33',	49,	'Help',	'help',	'<p>In posuere molestie augue, eget tincidunt libero pellentesque nec.   Aliquam erat volutpat. Aliquam a ligula nulla, at suscipit odio. Nullam   in nibh nibh, eu bibendum ligula. Morbi eu nibh dui. Vivamus  scelerisque  fermentum lacus et tristique. Sed vulputate euismod metus  porta  feugiat. Nulla varius venenatis mauris, nec ornare nisl bibendum  id. Aenean id orci nisl, in scelerisque nibh. Sed quam sapien,  tempus quis  vestibulum eu, sagittis varius sapien. Aliquam erat  volutpat. Nulla  facilisi. In egestas faucibus nunc, et venenatis purus  aliquet quis.  Nulla eget arcu turpis. Nunc pellentesque eros quis neque  sodales  hendrerit. Donec eget nibh sit amet ipsum elementum vehicula.   Pellentesque molestie diam vitae erat suscipit consequat. Pellentesque   vel arcu sit amet metus mattis congue vitae eu quam.</p>',	0),
(30,	'2016-05-13 00:08:33',	'2016-05-13 00:08:33',	49,	'FAQ',	'faq',	'Lorem Ipsum is a dummy text that is mainly used by the printing and design industry. It is intended to show how the type will look before the end product is available.\r\n\r\nLorem Ipsum has been the industry\'s standard dummy text ever since the 1500:s, when an unknown printer took a galley of type and scrambled it to make a type specimen book.\r\n\r\nLorem Ipsum dummy texts was available for many years on adhesive sheets in different sizes and typefaces from a company called Letraset.\r\n\r\nWhen computers came along, Aldus included lorem ipsum in its PageMaker publishing software, and you now see it wherever designers, content designers, art directors, user interface developers and web designer are at work.\r\n\r\nThey use it daily when using programs such as Adobe Photoshop, Paint Shop Pro, Dreamweaver, FrontPage, PageMaker, FrameMaker, Illustrator, Flash, Indesign etc.',	0),
(31,	'2016-07-02 12:02:49',	'2016-07-02 12:03:30',	49,	'Terms and conditions',	'term-and-conditions',	'<h3>1. Terms</h3>By accessing this web site you are agreeing to be bound by these web site Terms and Conditions of Use all applicable laws and regulations and agree that you are responsible for compliance with any applicable local laws. If you do not agree with any of these terms you are prohibited from using or accessing this site. The materials contained in this web site are protected by applicable copyright and trade mark law.<h3>2. Use License</h3><ol><li>Permission is granted to temporarily download one copy of the materials (information or software) on Agriya\'s web site for personal non-commercial transitory viewing only. This is the grant of a license not a transfer of title and under this license you may not:<ol><li>modify or copy the materials;</li><li>use the materials for any commercial purpose or for any public display (commercial or non-commercial);</li><li>attempt to decompile or reverse engineer any software contained on&nbsp;Agriya\'s web site;</li><li>remove any copyright or other proprietary notations from the materials; or</li><li>transfer the materials to another person or mirror the materials on any other server.</li></ol></li><li>This license shall automatically terminate if you violate any of these restrictions and may be terminated by&nbsp;Agriya&nbsp;at any&nbsp;time. Upon terminating your viewing of these materials or upon the termination of this license you must destroy any downloaded materials in your possession whether in electronic or printed format.</li></ol><h3>3. Disclaimer</h3>The materials on&nbsp;Agriya\'s web site are provided as is.&nbsp;Agriya&nbsp;makes no warranties expressed or implied and hereby&nbsp;disclaims&nbsp;and negates all other warranties including without limitation implied warranties or conditions of merchantability fitness for a particular purpose or non-infringement of intellectual property or other violation of rights. Further&nbsp;Agriya&nbsp;does not warrant or make any representations concerning the accuracy likely results or reliability of the use of&nbsp;the materials on its Internet web site or otherwise relating to such materials or on any sites linked to this site.<h3>4. Limitations</h3>In no event shall&nbsp;Agriya&nbsp;or its suppliers be liable for any damages (including without limitation damages for loss of data or profit&nbsp;or due to business interruption) arising out of the use or inability to use the materials on&nbsp;Agriya\'s Internet site even if&nbsp;Agriya&nbsp;or a&nbsp;Agriya&nbsp;authorized representative has been notified orally or in writing of the possibility of such&nbsp;damage.&nbsp;Because some jurisdictions do not allow limitations on implied warranties or limitations of liability for consequential or incidental damages these limitations may not apply to you.<h3>5. Revisions and Errata</h3>The materials appearing on&nbsp;Agriya\'s web site could include technical typographical or photographic errors.&nbsp;Agriya&nbsp;does&nbsp;not&nbsp;warrant that any of the materials on its web site are accurate complete or current.&nbsp;Agriya&nbsp;may make&nbsp;changes to the materials contained on its web site at any time without notice.&nbsp;Agriya&nbsp;does not however make any&nbsp;commitment to update the materials.<h3>6. Links</h3>Agriya&nbsp;has not reviewed all of the sites linked to its Internet web site and is not responsible for the contents of any such linked site. The inclusion of any link does not imply endorsement by&nbsp;Agriya&nbsp;of the site. Use of any such linked web site is at the&nbsp;user\'s own risk.<h3>7. Site Terms of Use Modifications</h3>Agriya&nbsp;may revise these terms of use for its web site at any time without notice. By using this web site you are agreeing to be bound by the then current version of these Terms and Conditions of Use.	N',	0),
(32,	'2016-05-13 00:08:33',	'2016-05-13 00:08:33',	75,	'About Us',	'about-us',	'<p>In posuere molestie augue, eget tincidunt libero pellentesque nec.   Aliquam erat volutpat. Aliquam a ligula nulla, at suscipit odio. Nullam   in nibh nibh, eu bibendum ligula. Morbi eu nibh dui. Vivamus  scelerisque  fermentum lacus et tristique. Sed vulputate euismod metus  porta  feugiat. Nulla varius venenatis mauris, nec ornare nisl bibendum  id. Aenean id orci nisl, in scelerisque nibh. Sed quam sapien,  tempus quis  vestibulum eu, sagittis varius sapien. Aliquam erat  volutpat. Nulla  facilisi. In egestas faucibus nunc, et venenatis purus  aliquet quis.  Nulla eget arcu turpis. Nunc pellentesque eros quis neque  sodales  hendrerit. Donec eget nibh sit amet ipsum elementum vehicula.   Pellentesque molestie diam vitae erat suscipit consequat. Pellentesque   vel arcu sit amet metus mattis congue vitae eu quam.</p>',	1),
(33,	'2016-05-13 00:08:33',	'2016-05-13 00:08:33',	75,	'Privacy Policy',	'privacy-policy',	'<p>For each visitor to our Web page our Web server automatically recognizes no information regarding the domain or e-mail address.</p><p>We collect the e-mail addresses of those who post messages to our bulletin board the e-mail addresses of those who communicate with us via e-mail the e-mail addresses of those who make postings to our chat areas user-specific information on what pages consumers access or visit information volunteered by the consumer such as survey information and/or site registrations name and address telephone number.</p><p>The information we collect is disclosed when legally required to do so at the request of governmental authorities conducting an investigation to verify or enforce compliance with the policies governing our Website and applicable laws or to protect against misuse or unauthorized use of our Website to a successor entity in connection with a corporate merger consolidation sale of assets or other corporate change respecting the Website.</p><p>With respect to cookies. We use cookies to record session information such as items that consumers add to their shopping cart.</p><p>If you do not want to receive e-mail from us in the future please let us know by sending us e-mail at the above address.</p><p>Persons who supply us with their telephone numbers on-line will only receive telephone contact from us with information regarding orders they have placed on-line. Please provide us with your name and phone number. We will be sure your name is removed from the list we share with other organizations.</p><p>With respect to Ad Servers. We do not partner with or have special relationships with any ad server companies.</p><p>From time to time we may use customer information for new unanticipated uses not previously disclosed in our privacy notice. If our information practices change at some time in the future we will post the policy changes to our Web site to notify you of these changes and we will use for these new purposes only data collected from the time of the policy change forward. If you are concerned about how your information is used you should check back at our Web site periodically.</p><p>Upon request we provide site visitors with access to transaction information (e.g. dates on which customers made purchases amounts and types of purchases) that we maintain about them.</p><p>Upon request we offer visitors the ability to have inaccuracies corrected in contact information transaction information.</p><p>With respect to security. When we transfer and receive certain types of sensitive information such as financial or health information we redirect visitors to a secure server and will notify visitors through a pop-up screen on our site.</p><p>If you feel that this site is not following its stated information policy you may contact us at the above addresses or phone number.</p>\r\n',	1),
(34,	'2016-05-13 00:08:33',	'2016-05-13 00:08:33',	75,	'Press',	'press',	'Lorem Ipsum is a dummy text that is mainly used by the printing and design industry. It is intended to show how the type will look before the end product is available.\r\n\r\nLorem Ipsum has been the industry\'s standard dummy text ever since the 1500:s, when an unknown printer took a galley of type and scrambled it to make a type specimen book.\r\n\r\nLorem Ipsum dummy texts was available for many years on adhesive sheets in different sizes and typefaces from a company called Letraset.\r\n\r\nWhen computers came along, Aldus included lorem ipsum in its PageMaker publishing software, and you now see it wherever designers, content designers, art directors, user interface developers and web designer are at work.\r\n\r\nThey use it daily when using programs such as Adobe Photoshop, Paint Shop Pro, Dreamweaver, FrontPage, PageMaker, FrameMaker, Illustrator, Flash, Indesign etc.',	1),
(35,	'2016-05-13 00:08:33',	'2016-05-13 00:08:33',	75,	'How it Works',	'how-it-works',	'<p><span style=\"color: rgba(0, 0, 0, 0.85); font-family: -apple-system, BlinkMacSystemFont, &quot;Segoe UI&quot;, Roboto, Oxygen-Sans, Ubuntu, Cantarell, &quot;Helvetica Neue&quot;, sans-serif;\">This on-demand service booking system enables the service provider and the host to get connected and mutually resolve their goals at ease. We can define the service provider life cycle in three simple steps.</span><br></p><p dir=\"auto\" style=\"box-sizing: border-box; margin: 0px; color: rgba(0, 0, 0, 0.85); font-family: -apple-system, BlinkMacSystemFont, &quot;Segoe UI&quot;, Roboto, Oxygen-Sans, Ubuntu, Cantarell, &quot;Helvetica Neue&quot;, sans-serif; font-size: 14px; font-style: normal; font-variant-ligatures: normal; font-variant-caps: normal; font-weight: 400; letter-spacing: normal; orphans: 2; text-align: left; text-indent: 0px; text-transform: none; white-space: normal; widows: 2; word-spacing: 0px; -webkit-text-stroke-width: 0px; background-color: rgb(255, 255, 255); text-decoration-style: initial; text-decoration-color: initial;\"><br></p><h4>Register for free</h4><p dir=\"auto\" style=\"box-sizing: border-box; margin: 6px 0px 0px; color: rgba(0, 0, 0, 0.85); font-family: -apple-system, BlinkMacSystemFont, &quot;Segoe UI&quot;, Roboto, Oxygen-Sans, Ubuntu, Cantarell, &quot;Helvetica Neue&quot;, sans-serif; font-size: 14px; font-style: normal; font-variant-ligatures: normal; font-variant-caps: normal; font-weight: 400; letter-spacing: normal; orphans: 2; text-align: left; text-indent: 0px; text-transform: none; white-space: normal; widows: 2; word-spacing: 0px; -webkit-text-stroke-width: 0px; background-color: rgb(255, 255, 255); text-decoration-style: initial; text-decoration-color: initial;\">Service provider can register themselves with the platform and define their skill-sets and the charges they levy for the same.</p><p dir=\"auto\" style=\"box-sizing: border-box; margin: 6px 0px 0px; color: rgba(0, 0, 0, 0.85); font-family: -apple-system, BlinkMacSystemFont, &quot;Segoe UI&quot;, Roboto, Oxygen-Sans, Ubuntu, Cantarell, &quot;Helvetica Neue&quot;, sans-serif; font-size: 14px; font-style: normal; font-variant-ligatures: normal; font-variant-caps: normal; font-weight: 400; letter-spacing: normal; orphans: 2; text-align: left; text-indent: 0px; text-transform: none; white-space: normal; widows: 2; word-spacing: 0px; -webkit-text-stroke-width: 0px; background-color: rgb(255, 255, 255); text-decoration-style: initial; text-decoration-color: initial;\"><br></p><h4>Hire from host</h4><p dir=\"auto\" style=\"box-sizing: border-box; margin: 6px 0px 0px; color: rgba(0, 0, 0, 0.85); font-family: -apple-system, BlinkMacSystemFont, &quot;Segoe UI&quot;, Roboto, Oxygen-Sans, Ubuntu, Cantarell, &quot;Helvetica Neue&quot;, sans-serif; font-size: 14px; font-style: normal; font-variant-ligatures: normal; font-variant-caps: normal; font-weight: 400; letter-spacing: normal; orphans: 2; text-align: left; text-indent: 0px; text-transform: none; white-space: normal; widows: 2; word-spacing: 0px; -webkit-text-stroke-width: 0px; background-color: rgb(255, 255, 255); text-decoration-style: initial; text-decoration-color: initial;\">As soon as the service provider caught to the host\'s visibility, service provider can get engaged to process the request.</p><p dir=\"auto\" style=\"box-sizing: border-box; margin: 6px 0px 0px; color: rgba(0, 0, 0, 0.85); font-family: -apple-system, BlinkMacSystemFont, &quot;Segoe UI&quot;, Roboto, Oxygen-Sans, Ubuntu, Cantarell, &quot;Helvetica Neue&quot;, sans-serif; font-size: 14px; font-style: normal; font-variant-ligatures: normal; font-variant-caps: normal; font-weight: 400; letter-spacing: normal; orphans: 2; text-align: left; text-indent: 0px; text-transform: none; white-space: normal; widows: 2; word-spacing: 0px; -webkit-text-stroke-width: 0px; background-color: rgb(255, 255, 255); text-decoration-style: initial; text-decoration-color: initial;\"><br></p><h4>Get paid</h4><p dir=\"auto\" style=\"box-sizing: border-box; margin: 6px 0px 0px; color: rgba(0, 0, 0, 0.85); font-family: -apple-system, BlinkMacSystemFont, &quot;Segoe UI&quot;, Roboto, Oxygen-Sans, Ubuntu, Cantarell, &quot;Helvetica Neue&quot;, sans-serif; font-size: 14px; font-style: normal; font-variant-ligatures: normal; font-variant-caps: normal; font-weight: 400; letter-spacing: normal; orphans: 2; text-align: left; text-indent: 0px; text-transform: none; white-space: normal; widows: 2; word-spacing: 0px; -webkit-text-stroke-width: 0px; background-color: rgb(255, 255, 255); text-decoration-style: initial; text-decoration-color: initial;\">Once the job done, service provider get credited the amount.</p>',	1),
(36,	'2016-05-13 00:08:33',	'2016-05-13 00:08:33',	75,	'Help',	'help',	'<p>In posuere molestie augue, eget tincidunt libero pellentesque nec.   Aliquam erat volutpat. Aliquam a ligula nulla, at suscipit odio. Nullam   in nibh nibh, eu bibendum ligula. Morbi eu nibh dui. Vivamus  scelerisque  fermentum lacus et tristique. Sed vulputate euismod metus  porta  feugiat. Nulla varius venenatis mauris, nec ornare nisl bibendum  id. Aenean id orci nisl, in scelerisque nibh. Sed quam sapien,  tempus quis  vestibulum eu, sagittis varius sapien. Aliquam erat  volutpat. Nulla  facilisi. In egestas faucibus nunc, et venenatis purus  aliquet quis.  Nulla eget arcu turpis. Nunc pellentesque eros quis neque  sodales  hendrerit. Donec eget nibh sit amet ipsum elementum vehicula.   Pellentesque molestie diam vitae erat suscipit consequat. Pellentesque   vel arcu sit amet metus mattis congue vitae eu quam.</p>',	0),
(37,	'2016-05-13 00:08:33',	'2016-05-13 00:08:33',	75,	'FAQ',	'faq',	'Lorem Ipsum is a dummy text that is mainly used by the printing and design industry. It is intended to show how the type will look before the end product is available.\r\n\r\nLorem Ipsum has been the industry\'s standard dummy text ever since the 1500:s, when an unknown printer took a galley of type and scrambled it to make a type specimen book.\r\n\r\nLorem Ipsum dummy texts was available for many years on adhesive sheets in different sizes and typefaces from a company called Letraset.\r\n\r\nWhen computers came along, Aldus included lorem ipsum in its PageMaker publishing software, and you now see it wherever designers, content designers, art directors, user interface developers and web designer are at work.\r\n\r\nThey use it daily when using programs such as Adobe Photoshop, Paint Shop Pro, Dreamweaver, FrontPage, PageMaker, FrameMaker, Illustrator, Flash, Indesign etc.',	0),
(38,	'2016-07-02 12:02:49',	'2016-07-02 12:03:30',	75,	'Terms and conditions',	'term-and-conditions',	'<h3>1. Terms</h3>By accessing this web site you are agreeing to be bound by these web site Terms and Conditions of Use all applicable laws and regulations and agree that you are responsible for compliance with any applicable local laws. If you do not agree with any of these terms you are prohibited from using or accessing this site. The materials contained in this web site are protected by applicable copyright and trade mark law.<h3>2. Use License</h3><ol><li>Permission is granted to temporarily download one copy of the materials (information or software) on Agriya\'s web site for personal non-commercial transitory viewing only. This is the grant of a license not a transfer of title and under this license you may not:<ol><li>modify or copy the materials;</li><li>use the materials for any commercial purpose or for any public display (commercial or non-commercial);</li><li>attempt to decompile or reverse engineer any software contained on&nbsp;Agriya\'s web site;</li><li>remove any copyright or other proprietary notations from the materials; or</li><li>transfer the materials to another person or mirror the materials on any other server.</li></ol></li><li>This license shall automatically terminate if you violate any of these restrictions and may be terminated by&nbsp;Agriya&nbsp;at any&nbsp;time. Upon terminating your viewing of these materials or upon the termination of this license you must destroy any downloaded materials in your possession whether in electronic or printed format.</li></ol><h3>3. Disclaimer</h3>The materials on&nbsp;Agriya\'s web site are provided as is.&nbsp;Agriya&nbsp;makes no warranties expressed or implied and hereby&nbsp;disclaims&nbsp;and negates all other warranties including without limitation implied warranties or conditions of merchantability fitness for a particular purpose or non-infringement of intellectual property or other violation of rights. Further&nbsp;Agriya&nbsp;does not warrant or make any representations concerning the accuracy likely results or reliability of the use of&nbsp;the materials on its Internet web site or otherwise relating to such materials or on any sites linked to this site.<h3>4. Limitations</h3>In no event shall&nbsp;Agriya&nbsp;or its suppliers be liable for any damages (including without limitation damages for loss of data or profit&nbsp;or due to business interruption) arising out of the use or inability to use the materials on&nbsp;Agriya\'s Internet site even if&nbsp;Agriya&nbsp;or a&nbsp;Agriya&nbsp;authorized representative has been notified orally or in writing of the possibility of such&nbsp;damage.&nbsp;Because some jurisdictions do not allow limitations on implied warranties or limitations of liability for consequential or incidental damages these limitations may not apply to you.<h3>5. Revisions and Errata</h3>The materials appearing on&nbsp;Agriya\'s web site could include technical typographical or photographic errors.&nbsp;Agriya&nbsp;does&nbsp;not&nbsp;warrant that any of the materials on its web site are accurate complete or current.&nbsp;Agriya&nbsp;may make&nbsp;changes to the materials contained on its web site at any time without notice.&nbsp;Agriya&nbsp;does not however make any&nbsp;commitment to update the materials.<h3>6. Links</h3>Agriya&nbsp;has not reviewed all of the sites linked to its Internet web site and is not responsible for the contents of any such linked site. The inclusion of any link does not imply endorsement by&nbsp;Agriya&nbsp;of the site. Use of any such linked web site is at the&nbsp;user\'s own risk.<h3>7. Site Terms of Use Modifications</h3>Agriya&nbsp;may revise these terms of use for its web site at any time without notice. By using this web site you are agreeing to be bound by the then current version of these Terms and Conditions of Use.	N',	0),
(39,	'2016-05-13 00:08:33',	'2016-05-13 00:08:33',	116,	'About Us',	'about-us',	'<p>In posuere molestie augue, eget tincidunt libero pellentesque nec.   Aliquam erat volutpat. Aliquam a ligula nulla, at suscipit odio. Nullam   in nibh nibh, eu bibendum ligula. Morbi eu nibh dui. Vivamus  scelerisque  fermentum lacus et tristique. Sed vulputate euismod metus  porta  feugiat. Nulla varius venenatis mauris, nec ornare nisl bibendum  id. Aenean id orci nisl, in scelerisque nibh. Sed quam sapien,  tempus quis  vestibulum eu, sagittis varius sapien. Aliquam erat  volutpat. Nulla  facilisi. In egestas faucibus nunc, et venenatis purus  aliquet quis.  Nulla eget arcu turpis. Nunc pellentesque eros quis neque  sodales  hendrerit. Donec eget nibh sit amet ipsum elementum vehicula.   Pellentesque molestie diam vitae erat suscipit consequat. Pellentesque   vel arcu sit amet metus mattis congue vitae eu quam.</p>',	1),
(40,	'2016-05-13 00:08:33',	'2016-05-13 00:08:33',	116,	'Privacy Policy',	'privacy-policy',	'<p>For each visitor to our Web page our Web server automatically recognizes no information regarding the domain or e-mail address.</p><p>We collect the e-mail addresses of those who post messages to our bulletin board the e-mail addresses of those who communicate with us via e-mail the e-mail addresses of those who make postings to our chat areas user-specific information on what pages consumers access or visit information volunteered by the consumer such as survey information and/or site registrations name and address telephone number.</p><p>The information we collect is disclosed when legally required to do so at the request of governmental authorities conducting an investigation to verify or enforce compliance with the policies governing our Website and applicable laws or to protect against misuse or unauthorized use of our Website to a successor entity in connection with a corporate merger consolidation sale of assets or other corporate change respecting the Website.</p><p>With respect to cookies. We use cookies to record session information such as items that consumers add to their shopping cart.</p><p>If you do not want to receive e-mail from us in the future please let us know by sending us e-mail at the above address.</p><p>Persons who supply us with their telephone numbers on-line will only receive telephone contact from us with information regarding orders they have placed on-line. Please provide us with your name and phone number. We will be sure your name is removed from the list we share with other organizations.</p><p>With respect to Ad Servers. We do not partner with or have special relationships with any ad server companies.</p><p>From time to time we may use customer information for new unanticipated uses not previously disclosed in our privacy notice. If our information practices change at some time in the future we will post the policy changes to our Web site to notify you of these changes and we will use for these new purposes only data collected from the time of the policy change forward. If you are concerned about how your information is used you should check back at our Web site periodically.</p><p>Upon request we provide site visitors with access to transaction information (e.g. dates on which customers made purchases amounts and types of purchases) that we maintain about them.</p><p>Upon request we offer visitors the ability to have inaccuracies corrected in contact information transaction information.</p><p>With respect to security. When we transfer and receive certain types of sensitive information such as financial or health information we redirect visitors to a secure server and will notify visitors through a pop-up screen on our site.</p><p>If you feel that this site is not following its stated information policy you may contact us at the above addresses or phone number.</p>\r\n',	1),
(41,	'2016-05-13 00:08:33',	'2016-05-13 00:08:33',	116,	'Press',	'press',	'Lorem Ipsum is a dummy text that is mainly used by the printing and design industry. It is intended to show how the type will look before the end product is available.\r\n\r\nLorem Ipsum has been the industry\'s standard dummy text ever since the 1500:s, when an unknown printer took a galley of type and scrambled it to make a type specimen book.\r\n\r\nLorem Ipsum dummy texts was available for many years on adhesive sheets in different sizes and typefaces from a company called Letraset.\r\n\r\nWhen computers came along, Aldus included lorem ipsum in its PageMaker publishing software, and you now see it wherever designers, content designers, art directors, user interface developers and web designer are at work.\r\n\r\nThey use it daily when using programs such as Adobe Photoshop, Paint Shop Pro, Dreamweaver, FrontPage, PageMaker, FrameMaker, Illustrator, Flash, Indesign etc.',	1),
(42,	'2016-05-13 00:08:33',	'2016-05-13 00:08:33',	116,	'How it Works',	'how-it-works',	'<p><span style=\"color: rgba(0, 0, 0, 0.85); font-family: -apple-system, BlinkMacSystemFont, &quot;Segoe UI&quot;, Roboto, Oxygen-Sans, Ubuntu, Cantarell, &quot;Helvetica Neue&quot;, sans-serif;\">This on-demand service booking system enables the service provider and the host to get connected and mutually resolve their goals at ease. We can define the service provider life cycle in three simple steps.</span><br></p><p dir=\"auto\" style=\"box-sizing: border-box; margin: 0px; color: rgba(0, 0, 0, 0.85); font-family: -apple-system, BlinkMacSystemFont, &quot;Segoe UI&quot;, Roboto, Oxygen-Sans, Ubuntu, Cantarell, &quot;Helvetica Neue&quot;, sans-serif; font-size: 14px; font-style: normal; font-variant-ligatures: normal; font-variant-caps: normal; font-weight: 400; letter-spacing: normal; orphans: 2; text-align: left; text-indent: 0px; text-transform: none; white-space: normal; widows: 2; word-spacing: 0px; -webkit-text-stroke-width: 0px; background-color: rgb(255, 255, 255); text-decoration-style: initial; text-decoration-color: initial;\"><br></p><h4>Register for free</h4><p dir=\"auto\" style=\"box-sizing: border-box; margin: 6px 0px 0px; color: rgba(0, 0, 0, 0.85); font-family: -apple-system, BlinkMacSystemFont, &quot;Segoe UI&quot;, Roboto, Oxygen-Sans, Ubuntu, Cantarell, &quot;Helvetica Neue&quot;, sans-serif; font-size: 14px; font-style: normal; font-variant-ligatures: normal; font-variant-caps: normal; font-weight: 400; letter-spacing: normal; orphans: 2; text-align: left; text-indent: 0px; text-transform: none; white-space: normal; widows: 2; word-spacing: 0px; -webkit-text-stroke-width: 0px; background-color: rgb(255, 255, 255); text-decoration-style: initial; text-decoration-color: initial;\">Service provider can register themselves with the platform and define their skill-sets and the charges they levy for the same.</p><p dir=\"auto\" style=\"box-sizing: border-box; margin: 6px 0px 0px; color: rgba(0, 0, 0, 0.85); font-family: -apple-system, BlinkMacSystemFont, &quot;Segoe UI&quot;, Roboto, Oxygen-Sans, Ubuntu, Cantarell, &quot;Helvetica Neue&quot;, sans-serif; font-size: 14px; font-style: normal; font-variant-ligatures: normal; font-variant-caps: normal; font-weight: 400; letter-spacing: normal; orphans: 2; text-align: left; text-indent: 0px; text-transform: none; white-space: normal; widows: 2; word-spacing: 0px; -webkit-text-stroke-width: 0px; background-color: rgb(255, 255, 255); text-decoration-style: initial; text-decoration-color: initial;\"><br></p><h4>Hire from host</h4><p dir=\"auto\" style=\"box-sizing: border-box; margin: 6px 0px 0px; color: rgba(0, 0, 0, 0.85); font-family: -apple-system, BlinkMacSystemFont, &quot;Segoe UI&quot;, Roboto, Oxygen-Sans, Ubuntu, Cantarell, &quot;Helvetica Neue&quot;, sans-serif; font-size: 14px; font-style: normal; font-variant-ligatures: normal; font-variant-caps: normal; font-weight: 400; letter-spacing: normal; orphans: 2; text-align: left; text-indent: 0px; text-transform: none; white-space: normal; widows: 2; word-spacing: 0px; -webkit-text-stroke-width: 0px; background-color: rgb(255, 255, 255); text-decoration-style: initial; text-decoration-color: initial;\">As soon as the service provider caught to the host\'s visibility, service provider can get engaged to process the request.</p><p dir=\"auto\" style=\"box-sizing: border-box; margin: 6px 0px 0px; color: rgba(0, 0, 0, 0.85); font-family: -apple-system, BlinkMacSystemFont, &quot;Segoe UI&quot;, Roboto, Oxygen-Sans, Ubuntu, Cantarell, &quot;Helvetica Neue&quot;, sans-serif; font-size: 14px; font-style: normal; font-variant-ligatures: normal; font-variant-caps: normal; font-weight: 400; letter-spacing: normal; orphans: 2; text-align: left; text-indent: 0px; text-transform: none; white-space: normal; widows: 2; word-spacing: 0px; -webkit-text-stroke-width: 0px; background-color: rgb(255, 255, 255); text-decoration-style: initial; text-decoration-color: initial;\"><br></p><h4>Get paid</h4><p dir=\"auto\" style=\"box-sizing: border-box; margin: 6px 0px 0px; color: rgba(0, 0, 0, 0.85); font-family: -apple-system, BlinkMacSystemFont, &quot;Segoe UI&quot;, Roboto, Oxygen-Sans, Ubuntu, Cantarell, &quot;Helvetica Neue&quot;, sans-serif; font-size: 14px; font-style: normal; font-variant-ligatures: normal; font-variant-caps: normal; font-weight: 400; letter-spacing: normal; orphans: 2; text-align: left; text-indent: 0px; text-transform: none; white-space: normal; widows: 2; word-spacing: 0px; -webkit-text-stroke-width: 0px; background-color: rgb(255, 255, 255); text-decoration-style: initial; text-decoration-color: initial;\">Once the job done, service provider get credited the amount.</p>',	1),
(43,	'2016-05-13 00:08:33',	'2016-05-13 00:08:33',	116,	'Help',	'help',	'<p>In posuere molestie augue, eget tincidunt libero pellentesque nec.   Aliquam erat volutpat. Aliquam a ligula nulla, at suscipit odio. Nullam   in nibh nibh, eu bibendum ligula. Morbi eu nibh dui. Vivamus  scelerisque  fermentum lacus et tristique. Sed vulputate euismod metus  porta  feugiat. Nulla varius venenatis mauris, nec ornare nisl bibendum  id. Aenean id orci nisl, in scelerisque nibh. Sed quam sapien,  tempus quis  vestibulum eu, sagittis varius sapien. Aliquam erat  volutpat. Nulla  facilisi. In egestas faucibus nunc, et venenatis purus  aliquet quis.  Nulla eget arcu turpis. Nunc pellentesque eros quis neque  sodales  hendrerit. Donec eget nibh sit amet ipsum elementum vehicula.   Pellentesque molestie diam vitae erat suscipit consequat. Pellentesque   vel arcu sit amet metus mattis congue vitae eu quam.</p>',	0),
(44,	'2016-05-13 00:08:33',	'2016-05-13 00:08:33',	116,	'FAQ',	'faq',	'Lorem Ipsum is a dummy text that is mainly used by the printing and design industry. It is intended to show how the type will look before the end product is available.\r\n\r\nLorem Ipsum has been the industry\'s standard dummy text ever since the 1500:s, when an unknown printer took a galley of type and scrambled it to make a type specimen book.\r\n\r\nLorem Ipsum dummy texts was available for many years on adhesive sheets in different sizes and typefaces from a company called Letraset.\r\n\r\nWhen computers came along, Aldus included lorem ipsum in its PageMaker publishing software, and you now see it wherever designers, content designers, art directors, user interface developers and web designer are at work.\r\n\r\nThey use it daily when using programs such as Adobe Photoshop, Paint Shop Pro, Dreamweaver, FrontPage, PageMaker, FrameMaker, Illustrator, Flash, Indesign etc.',	0),
(45,	'2016-07-02 12:02:49',	'2016-07-02 12:03:30',	116,	'Terms and conditions',	'term-and-conditions',	'<h3>1. Terms</h3>By accessing this web site you are agreeing to be bound by these web site Terms and Conditions of Use all applicable laws and regulations and agree that you are responsible for compliance with any applicable local laws. If you do not agree with any of these terms you are prohibited from using or accessing this site. The materials contained in this web site are protected by applicable copyright and trade mark law.<h3>2. Use License</h3><ol><li>Permission is granted to temporarily download one copy of the materials (information or software) on Agriya\'s web site for personal non-commercial transitory viewing only. This is the grant of a license not a transfer of title and under this license you may not:<ol><li>modify or copy the materials;</li><li>use the materials for any commercial purpose or for any public display (commercial or non-commercial);</li><li>attempt to decompile or reverse engineer any software contained on&nbsp;Agriya\'s web site;</li><li>remove any copyright or other proprietary notations from the materials; or</li><li>transfer the materials to another person or mirror the materials on any other server.</li></ol></li><li>This license shall automatically terminate if you violate any of these restrictions and may be terminated by&nbsp;Agriya&nbsp;at any&nbsp;time. Upon terminating your viewing of these materials or upon the termination of this license you must destroy any downloaded materials in your possession whether in electronic or printed format.</li></ol><h3>3. Disclaimer</h3>The materials on&nbsp;Agriya\'s web site are provided as is.&nbsp;Agriya&nbsp;makes no warranties expressed or implied and hereby&nbsp;disclaims&nbsp;and negates all other warranties including without limitation implied warranties or conditions of merchantability fitness for a particular purpose or non-infringement of intellectual property or other violation of rights. Further&nbsp;Agriya&nbsp;does not warrant or make any representations concerning the accuracy likely results or reliability of the use of&nbsp;the materials on its Internet web site or otherwise relating to such materials or on any sites linked to this site.<h3>4. Limitations</h3>In no event shall&nbsp;Agriya&nbsp;or its suppliers be liable for any damages (including without limitation damages for loss of data or profit&nbsp;or due to business interruption) arising out of the use or inability to use the materials on&nbsp;Agriya\'s Internet site even if&nbsp;Agriya&nbsp;or a&nbsp;Agriya&nbsp;authorized representative has been notified orally or in writing of the possibility of such&nbsp;damage.&nbsp;Because some jurisdictions do not allow limitations on implied warranties or limitations of liability for consequential or incidental damages these limitations may not apply to you.<h3>5. Revisions and Errata</h3>The materials appearing on&nbsp;Agriya\'s web site could include technical typographical or photographic errors.&nbsp;Agriya&nbsp;does&nbsp;not&nbsp;warrant that any of the materials on its web site are accurate complete or current.&nbsp;Agriya&nbsp;may make&nbsp;changes to the materials contained on its web site at any time without notice.&nbsp;Agriya&nbsp;does not however make any&nbsp;commitment to update the materials.<h3>6. Links</h3>Agriya&nbsp;has not reviewed all of the sites linked to its Internet web site and is not responsible for the contents of any such linked site. The inclusion of any link does not imply endorsement by&nbsp;Agriya&nbsp;of the site. Use of any such linked web site is at the&nbsp;user\'s own risk.<h3>7. Site Terms of Use Modifications</h3>Agriya&nbsp;may revise these terms of use for its web site at any time without notice. By using this web site you are agreeing to be bound by the then current version of these Terms and Conditions of Use.	N',	0),
(46,	'2016-05-13 00:08:33',	'2016-05-13 00:08:33',	129,	'About Us',	'about-us',	'<p>In posuere molestie augue, eget tincidunt libero pellentesque nec.   Aliquam erat volutpat. Aliquam a ligula nulla, at suscipit odio. Nullam   in nibh nibh, eu bibendum ligula. Morbi eu nibh dui. Vivamus  scelerisque  fermentum lacus et tristique. Sed vulputate euismod metus  porta  feugiat. Nulla varius venenatis mauris, nec ornare nisl bibendum  id. Aenean id orci nisl, in scelerisque nibh. Sed quam sapien,  tempus quis  vestibulum eu, sagittis varius sapien. Aliquam erat  volutpat. Nulla  facilisi. In egestas faucibus nunc, et venenatis purus  aliquet quis.  Nulla eget arcu turpis. Nunc pellentesque eros quis neque  sodales  hendrerit. Donec eget nibh sit amet ipsum elementum vehicula.   Pellentesque molestie diam vitae erat suscipit consequat. Pellentesque   vel arcu sit amet metus mattis congue vitae eu quam.</p>',	1),
(47,	'2016-05-13 00:08:33',	'2016-05-13 00:08:33',	129,	'Privacy Policy',	'privacy-policy',	'<p>For each visitor to our Web page our Web server automatically recognizes no information regarding the domain or e-mail address.</p><p>We collect the e-mail addresses of those who post messages to our bulletin board the e-mail addresses of those who communicate with us via e-mail the e-mail addresses of those who make postings to our chat areas user-specific information on what pages consumers access or visit information volunteered by the consumer such as survey information and/or site registrations name and address telephone number.</p><p>The information we collect is disclosed when legally required to do so at the request of governmental authorities conducting an investigation to verify or enforce compliance with the policies governing our Website and applicable laws or to protect against misuse or unauthorized use of our Website to a successor entity in connection with a corporate merger consolidation sale of assets or other corporate change respecting the Website.</p><p>With respect to cookies. We use cookies to record session information such as items that consumers add to their shopping cart.</p><p>If you do not want to receive e-mail from us in the future please let us know by sending us e-mail at the above address.</p><p>Persons who supply us with their telephone numbers on-line will only receive telephone contact from us with information regarding orders they have placed on-line. Please provide us with your name and phone number. We will be sure your name is removed from the list we share with other organizations.</p><p>With respect to Ad Servers. We do not partner with or have special relationships with any ad server companies.</p><p>From time to time we may use customer information for new unanticipated uses not previously disclosed in our privacy notice. If our information practices change at some time in the future we will post the policy changes to our Web site to notify you of these changes and we will use for these new purposes only data collected from the time of the policy change forward. If you are concerned about how your information is used you should check back at our Web site periodically.</p><p>Upon request we provide site visitors with access to transaction information (e.g. dates on which customers made purchases amounts and types of purchases) that we maintain about them.</p><p>Upon request we offer visitors the ability to have inaccuracies corrected in contact information transaction information.</p><p>With respect to security. When we transfer and receive certain types of sensitive information such as financial or health information we redirect visitors to a secure server and will notify visitors through a pop-up screen on our site.</p><p>If you feel that this site is not following its stated information policy you may contact us at the above addresses or phone number.</p>\r\n',	1),
(48,	'2016-05-13 00:08:33',	'2016-05-13 00:08:33',	129,	'Press',	'press',	'Lorem Ipsum is a dummy text that is mainly used by the printing and design industry. It is intended to show how the type will look before the end product is available.\r\n\r\nLorem Ipsum has been the industry\'s standard dummy text ever since the 1500:s, when an unknown printer took a galley of type and scrambled it to make a type specimen book.\r\n\r\nLorem Ipsum dummy texts was available for many years on adhesive sheets in different sizes and typefaces from a company called Letraset.\r\n\r\nWhen computers came along, Aldus included lorem ipsum in its PageMaker publishing software, and you now see it wherever designers, content designers, art directors, user interface developers and web designer are at work.\r\n\r\nThey use it daily when using programs such as Adobe Photoshop, Paint Shop Pro, Dreamweaver, FrontPage, PageMaker, FrameMaker, Illustrator, Flash, Indesign etc.',	1),
(49,	'2016-05-13 00:08:33',	'2016-05-13 00:08:33',	129,	'How it Works',	'how-it-works',	'<p><span style=\"color: rgba(0, 0, 0, 0.85); font-family: -apple-system, BlinkMacSystemFont, &quot;Segoe UI&quot;, Roboto, Oxygen-Sans, Ubuntu, Cantarell, &quot;Helvetica Neue&quot;, sans-serif;\">This on-demand service booking system enables the service provider and the host to get connected and mutually resolve their goals at ease. We can define the service provider life cycle in three simple steps.</span><br></p><p dir=\"auto\" style=\"box-sizing: border-box; margin: 0px; color: rgba(0, 0, 0, 0.85); font-family: -apple-system, BlinkMacSystemFont, &quot;Segoe UI&quot;, Roboto, Oxygen-Sans, Ubuntu, Cantarell, &quot;Helvetica Neue&quot;, sans-serif; font-size: 14px; font-style: normal; font-variant-ligatures: normal; font-variant-caps: normal; font-weight: 400; letter-spacing: normal; orphans: 2; text-align: left; text-indent: 0px; text-transform: none; white-space: normal; widows: 2; word-spacing: 0px; -webkit-text-stroke-width: 0px; background-color: rgb(255, 255, 255); text-decoration-style: initial; text-decoration-color: initial;\"><br></p><h4>Register for free</h4><p dir=\"auto\" style=\"box-sizing: border-box; margin: 6px 0px 0px; color: rgba(0, 0, 0, 0.85); font-family: -apple-system, BlinkMacSystemFont, &quot;Segoe UI&quot;, Roboto, Oxygen-Sans, Ubuntu, Cantarell, &quot;Helvetica Neue&quot;, sans-serif; font-size: 14px; font-style: normal; font-variant-ligatures: normal; font-variant-caps: normal; font-weight: 400; letter-spacing: normal; orphans: 2; text-align: left; text-indent: 0px; text-transform: none; white-space: normal; widows: 2; word-spacing: 0px; -webkit-text-stroke-width: 0px; background-color: rgb(255, 255, 255); text-decoration-style: initial; text-decoration-color: initial;\">Service provider can register themselves with the platform and define their skill-sets and the charges they levy for the same.</p><p dir=\"auto\" style=\"box-sizing: border-box; margin: 6px 0px 0px; color: rgba(0, 0, 0, 0.85); font-family: -apple-system, BlinkMacSystemFont, &quot;Segoe UI&quot;, Roboto, Oxygen-Sans, Ubuntu, Cantarell, &quot;Helvetica Neue&quot;, sans-serif; font-size: 14px; font-style: normal; font-variant-ligatures: normal; font-variant-caps: normal; font-weight: 400; letter-spacing: normal; orphans: 2; text-align: left; text-indent: 0px; text-transform: none; white-space: normal; widows: 2; word-spacing: 0px; -webkit-text-stroke-width: 0px; background-color: rgb(255, 255, 255); text-decoration-style: initial; text-decoration-color: initial;\"><br></p><h4>Hire from host</h4><p dir=\"auto\" style=\"box-sizing: border-box; margin: 6px 0px 0px; color: rgba(0, 0, 0, 0.85); font-family: -apple-system, BlinkMacSystemFont, &quot;Segoe UI&quot;, Roboto, Oxygen-Sans, Ubuntu, Cantarell, &quot;Helvetica Neue&quot;, sans-serif; font-size: 14px; font-style: normal; font-variant-ligatures: normal; font-variant-caps: normal; font-weight: 400; letter-spacing: normal; orphans: 2; text-align: left; text-indent: 0px; text-transform: none; white-space: normal; widows: 2; word-spacing: 0px; -webkit-text-stroke-width: 0px; background-color: rgb(255, 255, 255); text-decoration-style: initial; text-decoration-color: initial;\">As soon as the service provider caught to the host\'s visibility, service provider can get engaged to process the request.</p><p dir=\"auto\" style=\"box-sizing: border-box; margin: 6px 0px 0px; color: rgba(0, 0, 0, 0.85); font-family: -apple-system, BlinkMacSystemFont, &quot;Segoe UI&quot;, Roboto, Oxygen-Sans, Ubuntu, Cantarell, &quot;Helvetica Neue&quot;, sans-serif; font-size: 14px; font-style: normal; font-variant-ligatures: normal; font-variant-caps: normal; font-weight: 400; letter-spacing: normal; orphans: 2; text-align: left; text-indent: 0px; text-transform: none; white-space: normal; widows: 2; word-spacing: 0px; -webkit-text-stroke-width: 0px; background-color: rgb(255, 255, 255); text-decoration-style: initial; text-decoration-color: initial;\"><br></p><h4>Get paid</h4><p dir=\"auto\" style=\"box-sizing: border-box; margin: 6px 0px 0px; color: rgba(0, 0, 0, 0.85); font-family: -apple-system, BlinkMacSystemFont, &quot;Segoe UI&quot;, Roboto, Oxygen-Sans, Ubuntu, Cantarell, &quot;Helvetica Neue&quot;, sans-serif; font-size: 14px; font-style: normal; font-variant-ligatures: normal; font-variant-caps: normal; font-weight: 400; letter-spacing: normal; orphans: 2; text-align: left; text-indent: 0px; text-transform: none; white-space: normal; widows: 2; word-spacing: 0px; -webkit-text-stroke-width: 0px; background-color: rgb(255, 255, 255); text-decoration-style: initial; text-decoration-color: initial;\">Once the job done, service provider get credited the amount.</p>',	1),
(50,	'2016-05-13 00:08:33',	'2016-05-13 00:08:33',	129,	'Help',	'help',	'<p>In posuere molestie augue, eget tincidunt libero pellentesque nec.   Aliquam erat volutpat. Aliquam a ligula nulla, at suscipit odio. Nullam   in nibh nibh, eu bibendum ligula. Morbi eu nibh dui. Vivamus  scelerisque  fermentum lacus et tristique. Sed vulputate euismod metus  porta  feugiat. Nulla varius venenatis mauris, nec ornare nisl bibendum  id. Aenean id orci nisl, in scelerisque nibh. Sed quam sapien,  tempus quis  vestibulum eu, sagittis varius sapien. Aliquam erat  volutpat. Nulla  facilisi. In egestas faucibus nunc, et venenatis purus  aliquet quis.  Nulla eget arcu turpis. Nunc pellentesque eros quis neque  sodales  hendrerit. Donec eget nibh sit amet ipsum elementum vehicula.   Pellentesque molestie diam vitae erat suscipit consequat. Pellentesque   vel arcu sit amet metus mattis congue vitae eu quam.</p>',	0),
(51,	'2016-05-13 00:08:33',	'2016-05-13 00:08:33',	129,	'FAQ',	'faq',	'Lorem Ipsum is a dummy text that is mainly used by the printing and design industry. It is intended to show how the type will look before the end product is available.\r\n\r\nLorem Ipsum has been the industry\'s standard dummy text ever since the 1500:s, when an unknown printer took a galley of type and scrambled it to make a type specimen book.\r\n\r\nLorem Ipsum dummy texts was available for many years on adhesive sheets in different sizes and typefaces from a company called Letraset.\r\n\r\nWhen computers came along, Aldus included lorem ipsum in its PageMaker publishing software, and you now see it wherever designers, content designers, art directors, user interface developers and web designer are at work.\r\n\r\nThey use it daily when using programs such as Adobe Photoshop, Paint Shop Pro, Dreamweaver, FrontPage, PageMaker, FrameMaker, Illustrator, Flash, Indesign etc.',	0),
(52,	'2016-07-02 12:02:49',	'2016-07-02 12:03:30',	129,	'Terms and conditions',	'term-and-conditions',	'<h3>1. Terms</h3>By accessing this web site you are agreeing to be bound by these web site Terms and Conditions of Use all applicable laws and regulations and agree that you are responsible for compliance with any applicable local laws. If you do not agree with any of these terms you are prohibited from using or accessing this site. The materials contained in this web site are protected by applicable copyright and trade mark law.<h3>2. Use License</h3><ol><li>Permission is granted to temporarily download one copy of the materials (information or software) on Agriya\'s web site for personal non-commercial transitory viewing only. This is the grant of a license not a transfer of title and under this license you may not:<ol><li>modify or copy the materials;</li><li>use the materials for any commercial purpose or for any public display (commercial or non-commercial);</li><li>attempt to decompile or reverse engineer any software contained on&nbsp;Agriya\'s web site;</li><li>remove any copyright or other proprietary notations from the materials; or</li><li>transfer the materials to another person or mirror the materials on any other server.</li></ol></li><li>This license shall automatically terminate if you violate any of these restrictions and may be terminated by&nbsp;Agriya&nbsp;at any&nbsp;time. Upon terminating your viewing of these materials or upon the termination of this license you must destroy any downloaded materials in your possession whether in electronic or printed format.</li></ol><h3>3. Disclaimer</h3>The materials on&nbsp;Agriya\'s web site are provided as is.&nbsp;Agriya&nbsp;makes no warranties expressed or implied and hereby&nbsp;disclaims&nbsp;and negates all other warranties including without limitation implied warranties or conditions of merchantability fitness for a particular purpose or non-infringement of intellectual property or other violation of rights. Further&nbsp;Agriya&nbsp;does not warrant or make any representations concerning the accuracy likely results or reliability of the use of&nbsp;the materials on its Internet web site or otherwise relating to such materials or on any sites linked to this site.<h3>4. Limitations</h3>In no event shall&nbsp;Agriya&nbsp;or its suppliers be liable for any damages (including without limitation damages for loss of data or profit&nbsp;or due to business interruption) arising out of the use or inability to use the materials on&nbsp;Agriya\'s Internet site even if&nbsp;Agriya&nbsp;or a&nbsp;Agriya&nbsp;authorized representative has been notified orally or in writing of the possibility of such&nbsp;damage.&nbsp;Because some jurisdictions do not allow limitations on implied warranties or limitations of liability for consequential or incidental damages these limitations may not apply to you.<h3>5. Revisions and Errata</h3>The materials appearing on&nbsp;Agriya\'s web site could include technical typographical or photographic errors.&nbsp;Agriya&nbsp;does&nbsp;not&nbsp;warrant that any of the materials on its web site are accurate complete or current.&nbsp;Agriya&nbsp;may make&nbsp;changes to the materials contained on its web site at any time without notice.&nbsp;Agriya&nbsp;does not however make any&nbsp;commitment to update the materials.<h3>6. Links</h3>Agriya&nbsp;has not reviewed all of the sites linked to its Internet web site and is not responsible for the contents of any such linked site. The inclusion of any link does not imply endorsement by&nbsp;Agriya&nbsp;of the site. Use of any such linked web site is at the&nbsp;user\'s own risk.<h3>7. Site Terms of Use Modifications</h3>Agriya&nbsp;may revise these terms of use for its web site at any time without notice. By using this web site you are agreeing to be bound by the then current version of these Terms and Conditions of Use.	N',	0),
(53,	'2016-05-13 00:08:33',	'2016-05-13 00:08:33',	129,	'About Us',	'about-us',	'<p>In posuere molestie augue, eget tincidunt libero pellentesque nec.   Aliquam erat volutpat. Aliquam a ligula nulla, at suscipit odio. Nullam   in nibh nibh, eu bibendum ligula. Morbi eu nibh dui. Vivamus  scelerisque  fermentum lacus et tristique. Sed vulputate euismod metus  porta  feugiat. Nulla varius venenatis mauris, nec ornare nisl bibendum  id. Aenean id orci nisl, in scelerisque nibh. Sed quam sapien,  tempus quis  vestibulum eu, sagittis varius sapien. Aliquam erat  volutpat. Nulla  facilisi. In egestas faucibus nunc, et venenatis purus  aliquet quis.  Nulla eget arcu turpis. Nunc pellentesque eros quis neque  sodales  hendrerit. Donec eget nibh sit amet ipsum elementum vehicula.   Pellentesque molestie diam vitae erat suscipit consequat. Pellentesque   vel arcu sit amet metus mattis congue vitae eu quam.</p>',	1),
(54,	'2016-05-13 00:08:33',	'2016-05-13 00:08:33',	129,	'Privacy Policy',	'privacy-policy',	'<p>For each visitor to our Web page our Web server automatically recognizes no information regarding the domain or e-mail address.</p><p>We collect the e-mail addresses of those who post messages to our bulletin board the e-mail addresses of those who communicate with us via e-mail the e-mail addresses of those who make postings to our chat areas user-specific information on what pages consumers access or visit information volunteered by the consumer such as survey information and/or site registrations name and address telephone number.</p><p>The information we collect is disclosed when legally required to do so at the request of governmental authorities conducting an investigation to verify or enforce compliance with the policies governing our Website and applicable laws or to protect against misuse or unauthorized use of our Website to a successor entity in connection with a corporate merger consolidation sale of assets or other corporate change respecting the Website.</p><p>With respect to cookies. We use cookies to record session information such as items that consumers add to their shopping cart.</p><p>If you do not want to receive e-mail from us in the future please let us know by sending us e-mail at the above address.</p><p>Persons who supply us with their telephone numbers on-line will only receive telephone contact from us with information regarding orders they have placed on-line. Please provide us with your name and phone number. We will be sure your name is removed from the list we share with other organizations.</p><p>With respect to Ad Servers. We do not partner with or have special relationships with any ad server companies.</p><p>From time to time we may use customer information for new unanticipated uses not previously disclosed in our privacy notice. If our information practices change at some time in the future we will post the policy changes to our Web site to notify you of these changes and we will use for these new purposes only data collected from the time of the policy change forward. If you are concerned about how your information is used you should check back at our Web site periodically.</p><p>Upon request we provide site visitors with access to transaction information (e.g. dates on which customers made purchases amounts and types of purchases) that we maintain about them.</p><p>Upon request we offer visitors the ability to have inaccuracies corrected in contact information transaction information.</p><p>With respect to security. When we transfer and receive certain types of sensitive information such as financial or health information we redirect visitors to a secure server and will notify visitors through a pop-up screen on our site.</p><p>If you feel that this site is not following its stated information policy you may contact us at the above addresses or phone number.</p>\r\n',	1),
(55,	'2016-05-13 00:08:33',	'2016-05-13 00:08:33',	129,	'Press',	'press',	'Lorem Ipsum is a dummy text that is mainly used by the printing and design industry. It is intended to show how the type will look before the end product is available.\r\n\r\nLorem Ipsum has been the industry\'s standard dummy text ever since the 1500:s, when an unknown printer took a galley of type and scrambled it to make a type specimen book.\r\n\r\nLorem Ipsum dummy texts was available for many years on adhesive sheets in different sizes and typefaces from a company called Letraset.\r\n\r\nWhen computers came along, Aldus included lorem ipsum in its PageMaker publishing software, and you now see it wherever designers, content designers, art directors, user interface developers and web designer are at work.\r\n\r\nThey use it daily when using programs such as Adobe Photoshop, Paint Shop Pro, Dreamweaver, FrontPage, PageMaker, FrameMaker, Illustrator, Flash, Indesign etc.',	1),
(56,	'2016-05-13 00:08:33',	'2016-05-13 00:08:33',	129,	'How it Works',	'how-it-works',	'<p><span style=\"color: rgba(0, 0, 0, 0.85); font-family: -apple-system, BlinkMacSystemFont, &quot;Segoe UI&quot;, Roboto, Oxygen-Sans, Ubuntu, Cantarell, &quot;Helvetica Neue&quot;, sans-serif;\">This on-demand service booking system enables the service provider and the host to get connected and mutually resolve their goals at ease. We can define the service provider life cycle in three simple steps.</span><br></p><p dir=\"auto\" style=\"box-sizing: border-box; margin: 0px; color: rgba(0, 0, 0, 0.85); font-family: -apple-system, BlinkMacSystemFont, &quot;Segoe UI&quot;, Roboto, Oxygen-Sans, Ubuntu, Cantarell, &quot;Helvetica Neue&quot;, sans-serif; font-size: 14px; font-style: normal; font-variant-ligatures: normal; font-variant-caps: normal; font-weight: 400; letter-spacing: normal; orphans: 2; text-align: left; text-indent: 0px; text-transform: none; white-space: normal; widows: 2; word-spacing: 0px; -webkit-text-stroke-width: 0px; background-color: rgb(255, 255, 255); text-decoration-style: initial; text-decoration-color: initial;\"><br></p><h4>Register for free</h4><p dir=\"auto\" style=\"box-sizing: border-box; margin: 6px 0px 0px; color: rgba(0, 0, 0, 0.85); font-family: -apple-system, BlinkMacSystemFont, &quot;Segoe UI&quot;, Roboto, Oxygen-Sans, Ubuntu, Cantarell, &quot;Helvetica Neue&quot;, sans-serif; font-size: 14px; font-style: normal; font-variant-ligatures: normal; font-variant-caps: normal; font-weight: 400; letter-spacing: normal; orphans: 2; text-align: left; text-indent: 0px; text-transform: none; white-space: normal; widows: 2; word-spacing: 0px; -webkit-text-stroke-width: 0px; background-color: rgb(255, 255, 255); text-decoration-style: initial; text-decoration-color: initial;\">Service provider can register themselves with the platform and define their skill-sets and the charges they levy for the same.</p><p dir=\"auto\" style=\"box-sizing: border-box; margin: 6px 0px 0px; color: rgba(0, 0, 0, 0.85); font-family: -apple-system, BlinkMacSystemFont, &quot;Segoe UI&quot;, Roboto, Oxygen-Sans, Ubuntu, Cantarell, &quot;Helvetica Neue&quot;, sans-serif; font-size: 14px; font-style: normal; font-variant-ligatures: normal; font-variant-caps: normal; font-weight: 400; letter-spacing: normal; orphans: 2; text-align: left; text-indent: 0px; text-transform: none; white-space: normal; widows: 2; word-spacing: 0px; -webkit-text-stroke-width: 0px; background-color: rgb(255, 255, 255); text-decoration-style: initial; text-decoration-color: initial;\"><br></p><h4>Hire from host</h4><p dir=\"auto\" style=\"box-sizing: border-box; margin: 6px 0px 0px; color: rgba(0, 0, 0, 0.85); font-family: -apple-system, BlinkMacSystemFont, &quot;Segoe UI&quot;, Roboto, Oxygen-Sans, Ubuntu, Cantarell, &quot;Helvetica Neue&quot;, sans-serif; font-size: 14px; font-style: normal; font-variant-ligatures: normal; font-variant-caps: normal; font-weight: 400; letter-spacing: normal; orphans: 2; text-align: left; text-indent: 0px; text-transform: none; white-space: normal; widows: 2; word-spacing: 0px; -webkit-text-stroke-width: 0px; background-color: rgb(255, 255, 255); text-decoration-style: initial; text-decoration-color: initial;\">As soon as the service provider caught to the host\'s visibility, service provider can get engaged to process the request.</p><p dir=\"auto\" style=\"box-sizing: border-box; margin: 6px 0px 0px; color: rgba(0, 0, 0, 0.85); font-family: -apple-system, BlinkMacSystemFont, &quot;Segoe UI&quot;, Roboto, Oxygen-Sans, Ubuntu, Cantarell, &quot;Helvetica Neue&quot;, sans-serif; font-size: 14px; font-style: normal; font-variant-ligatures: normal; font-variant-caps: normal; font-weight: 400; letter-spacing: normal; orphans: 2; text-align: left; text-indent: 0px; text-transform: none; white-space: normal; widows: 2; word-spacing: 0px; -webkit-text-stroke-width: 0px; background-color: rgb(255, 255, 255); text-decoration-style: initial; text-decoration-color: initial;\"><br></p><h4>Get paid</h4><p dir=\"auto\" style=\"box-sizing: border-box; margin: 6px 0px 0px; color: rgba(0, 0, 0, 0.85); font-family: -apple-system, BlinkMacSystemFont, &quot;Segoe UI&quot;, Roboto, Oxygen-Sans, Ubuntu, Cantarell, &quot;Helvetica Neue&quot;, sans-serif; font-size: 14px; font-style: normal; font-variant-ligatures: normal; font-variant-caps: normal; font-weight: 400; letter-spacing: normal; orphans: 2; text-align: left; text-indent: 0px; text-transform: none; white-space: normal; widows: 2; word-spacing: 0px; -webkit-text-stroke-width: 0px; background-color: rgb(255, 255, 255); text-decoration-style: initial; text-decoration-color: initial;\">Once the job done, service provider get credited the amount.</p>',	1),
(57,	'2016-05-13 00:08:33',	'2016-05-13 00:08:33',	129,	'Help',	'help',	'<p>In posuere molestie augue, eget tincidunt libero pellentesque nec.   Aliquam erat volutpat. Aliquam a ligula nulla, at suscipit odio. Nullam   in nibh nibh, eu bibendum ligula. Morbi eu nibh dui. Vivamus  scelerisque  fermentum lacus et tristique. Sed vulputate euismod metus  porta  feugiat. Nulla varius venenatis mauris, nec ornare nisl bibendum  id. Aenean id orci nisl, in scelerisque nibh. Sed quam sapien,  tempus quis  vestibulum eu, sagittis varius sapien. Aliquam erat  volutpat. Nulla  facilisi. In egestas faucibus nunc, et venenatis purus  aliquet quis.  Nulla eget arcu turpis. Nunc pellentesque eros quis neque  sodales  hendrerit. Donec eget nibh sit amet ipsum elementum vehicula.   Pellentesque molestie diam vitae erat suscipit consequat. Pellentesque   vel arcu sit amet metus mattis congue vitae eu quam.</p>',	0),
(58,	'2016-05-13 00:08:33',	'2016-05-13 00:08:33',	129,	'FAQ',	'faq',	'Lorem Ipsum is a dummy text that is mainly used by the printing and design industry. It is intended to show how the type will look before the end product is available.\r\n\r\nLorem Ipsum has been the industry\'s standard dummy text ever since the 1500:s, when an unknown printer took a galley of type and scrambled it to make a type specimen book.\r\n\r\nLorem Ipsum dummy texts was available for many years on adhesive sheets in different sizes and typefaces from a company called Letraset.\r\n\r\nWhen computers came along, Aldus included lorem ipsum in its PageMaker publishing software, and you now see it wherever designers, content designers, art directors, user interface developers and web designer are at work.\r\n\r\nThey use it daily when using programs such as Adobe Photoshop, Paint Shop Pro, Dreamweaver, FrontPage, PageMaker, FrameMaker, Illustrator, Flash, Indesign etc.',	0),
(59,	'2016-07-02 12:02:49',	'2016-07-02 12:03:30',	129,	'Terms and conditions',	'term-and-conditions',	'<h3>1. Terms</h3>By accessing this web site you are agreeing to be bound by these web site Terms and Conditions of Use all applicable laws and regulations and agree that you are responsible for compliance with any applicable local laws. If you do not agree with any of these terms you are prohibited from using or accessing this site. The materials contained in this web site are protected by applicable copyright and trade mark law.<h3>2. Use License</h3><ol><li>Permission is granted to temporarily download one copy of the materials (information or software) on Agriya\'s web site for personal non-commercial transitory viewing only. This is the grant of a license not a transfer of title and under this license you may not:<ol><li>modify or copy the materials;</li><li>use the materials for any commercial purpose or for any public display (commercial or non-commercial);</li><li>attempt to decompile or reverse engineer any software contained on&nbsp;Agriya\'s web site;</li><li>remove any copyright or other proprietary notations from the materials; or</li><li>transfer the materials to another person or mirror the materials on any other server.</li></ol></li><li>This license shall automatically terminate if you violate any of these restrictions and may be terminated by&nbsp;Agriya&nbsp;at any&nbsp;time. Upon terminating your viewing of these materials or upon the termination of this license you must destroy any downloaded materials in your possession whether in electronic or printed format.</li></ol><h3>3. Disclaimer</h3>The materials on&nbsp;Agriya\'s web site are provided as is.&nbsp;Agriya&nbsp;makes no warranties expressed or implied and hereby&nbsp;disclaims&nbsp;and negates all other warranties including without limitation implied warranties or conditions of merchantability fitness for a particular purpose or non-infringement of intellectual property or other violation of rights. Further&nbsp;Agriya&nbsp;does not warrant or make any representations concerning the accuracy likely results or reliability of the use of&nbsp;the materials on its Internet web site or otherwise relating to such materials or on any sites linked to this site.<h3>4. Limitations</h3>In no event shall&nbsp;Agriya&nbsp;or its suppliers be liable for any damages (including without limitation damages for loss of data or profit&nbsp;or due to business interruption) arising out of the use or inability to use the materials on&nbsp;Agriya\'s Internet site even if&nbsp;Agriya&nbsp;or a&nbsp;Agriya&nbsp;authorized representative has been notified orally or in writing of the possibility of such&nbsp;damage.&nbsp;Because some jurisdictions do not allow limitations on implied warranties or limitations of liability for consequential or incidental damages these limitations may not apply to you.<h3>5. Revisions and Errata</h3>The materials appearing on&nbsp;Agriya\'s web site could include technical typographical or photographic errors.&nbsp;Agriya&nbsp;does&nbsp;not&nbsp;warrant that any of the materials on its web site are accurate complete or current.&nbsp;Agriya&nbsp;may make&nbsp;changes to the materials contained on its web site at any time without notice.&nbsp;Agriya&nbsp;does not however make any&nbsp;commitment to update the materials.<h3>6. Links</h3>Agriya&nbsp;has not reviewed all of the sites linked to its Internet web site and is not responsible for the contents of any such linked site. The inclusion of any link does not imply endorsement by&nbsp;Agriya&nbsp;of the site. Use of any such linked web site is at the&nbsp;user\'s own risk.<h3>7. Site Terms of Use Modifications</h3>Agriya&nbsp;may revise these terms of use for its web site at any time without notice. By using this web site you are agreeing to be bound by the then current version of these Terms and Conditions of Use.	N',	0);

DROP TABLE IF EXISTS `payment_gateways`;
CREATE TABLE `payment_gateways` (
  `id` bigint(20) unsigned NOT NULL AUTO_INCREMENT,
  `created_at` timestamp NULL DEFAULT NULL,
  `updated_at` timestamp NULL DEFAULT NULL,
  `name` varchar(255) COLLATE utf8_unicode_ci NOT NULL,
  `display_name` varchar(255) COLLATE utf8_unicode_ci NOT NULL,
  `description` text COLLATE utf8_unicode_ci NOT NULL,
  `gateway_fees` double DEFAULT NULL,
  `is_test_mode` tinyint(1) NOT NULL DEFAULT '1',
  `is_active` tinyint(1) NOT NULL DEFAULT '1',
  PRIMARY KEY (`id`)
) ENGINE=InnoDB DEFAULT CHARSET=utf8 COLLATE=utf8_unicode_ci;

INSERT INTO `payment_gateways` (`id`, `created_at`, `updated_at`, `name`, `display_name`, `description`, `gateway_fees`, `is_test_mode`, `is_active`) VALUES
(1,	NULL,	'2013-09-04 02:05:54',	'PayPal Standard',	'PayPal Standard',	'If enabled, you\'ll need to enable \"Wallet\" option to aggregate users\' amount.',	NULL,	1,	1);

DROP TABLE IF EXISTS `payment_gateway_settings`;
CREATE TABLE `payment_gateway_settings` (
  `id` bigint(20) NOT NULL AUTO_INCREMENT,
  `created_at` timestamp NULL DEFAULT NULL,
  `updated_at` timestamp NULL DEFAULT NULL,
  `payment_gateway_id` bigint(20) unsigned DEFAULT NULL,
  `name` varchar(255) DEFAULT NULL,
  `type` varchar(255) DEFAULT NULL,
  `options` text,
  `test_mode_value` text,
  `live_mode_value` text,
  `label` varchar(255) DEFAULT NULL,
  `description` text,
  PRIMARY KEY (`id`),
  KEY `payment_gateway_id` (`payment_gateway_id`),
  CONSTRAINT `payment_gateway_settings_ibfk_1` FOREIGN KEY (`payment_gateway_id`) REFERENCES `payment_gateways` (`id`) ON DELETE CASCADE ON UPDATE NO ACTION
) ENGINE=InnoDB DEFAULT CHARSET=latin1;

INSERT INTO `payment_gateway_settings` (`id`, `created_at`, `updated_at`, `payment_gateway_id`, `name`, `type`, `options`, `test_mode_value`, `live_mode_value`, `label`, `description`) VALUES
(1,	'2017-10-13 10:28:10',	'2017-10-13 10:28:10',	1,	'paypal_client_Secret',	'text',	NULL,	'EJXe_BG9vLowm7ZO1Pv8ZSvM9TB1-2yVxzeBGa7VF8TQiXnHmoRpCX0a32DPkdWfZgLMA04YgkD6Miyw',	NULL,	'Client Secret',	'Client Secret'),
(2,	'2017-10-13 10:28:10',	'2017-10-13 10:28:10',	1,	'paypal_client_id',	'text',	NULL,	'AV2XE66Q9HyDT_S2RxBU95oWhhUQcXrwIW_s4hrQbhuTpenUPf54MYQBRO13KFpXyOHQmfNFb2rKHwRr',	NULL,	'Client ID',	'PayPal Client ID');

DROP TABLE IF EXISTS `paypal_transaction_logs`;
CREATE TABLE `paypal_transaction_logs` (
  `id` bigint(20) unsigned NOT NULL AUTO_INCREMENT,
  `created_at` timestamp NULL DEFAULT NULL,
  `updated_at` timestamp NULL DEFAULT NULL,
  `amount` double(10,2) NOT NULL DEFAULT '0.00',
  `user_id` bigint(20) unsigned NOT NULL,
  `payer_id` varchar(255) COLLATE utf8_unicode_ci DEFAULT NULL,
  `token` varchar(250) COLLATE utf8_unicode_ci NOT NULL,
  `transaction_type` tinyint(4) NOT NULL,
  `paypal_response` text COLLATE utf8_unicode_ci NOT NULL,
  `status` varchar(255) COLLATE utf8_unicode_ci NOT NULL,
  PRIMARY KEY (`id`),
  KEY `paypal_transaction_logs_id_index` (`id`),
  KEY `user_id` (`user_id`),
  CONSTRAINT `paypal_transaction_logs_ibfk_1` FOREIGN KEY (`user_id`) REFERENCES `users` (`id`) ON DELETE CASCADE ON UPDATE NO ACTION
) ENGINE=InnoDB DEFAULT CHARSET=utf8 COLLATE=utf8_unicode_ci;


DROP TABLE IF EXISTS `providers`;
CREATE TABLE `providers` (
  `id` bigint(20) unsigned NOT NULL AUTO_INCREMENT,
  `created_at` datetime NOT NULL,
  `updated_at` datetime NOT NULL,
  `name` varchar(255) COLLATE utf8_unicode_ci NOT NULL,
  `slug` varchar(265) COLLATE utf8_unicode_ci NOT NULL,
  `secret_key` varchar(255) COLLATE utf8_unicode_ci DEFAULT NULL,
  `api_key` varchar(255) COLLATE utf8_unicode_ci DEFAULT NULL,
  `display_order` int(11) NOT NULL DEFAULT '0',
  `is_active` tinyint(1) NOT NULL DEFAULT '1',
  PRIMARY KEY (`id`),
  KEY `slug` (`slug`(255))
) ENGINE=InnoDB DEFAULT CHARSET=utf8 COLLATE=utf8_unicode_ci;

INSERT INTO `providers` (`id`, `created_at`, `updated_at`, `name`, `slug`, `secret_key`, `api_key`, `display_order`, `is_active`) VALUES
(2,	'2017-07-17 19:39:50',	'2017-07-17 19:39:50',	'Facebook',	'facebook',	'009fcbfff4ad980de59ecc99e11a50c9',	'146108749386603',	2,	1);

DROP TABLE IF EXISTS `provider_users`;
CREATE TABLE `provider_users` (
  `id` bigint(20) unsigned NOT NULL AUTO_INCREMENT,
  `created_at` datetime DEFAULT NULL,
  `updated_at` datetime DEFAULT NULL,
  `user_id` bigint(20) unsigned DEFAULT NULL,
  `provider_id` bigint(20) unsigned DEFAULT NULL,
  `access_token` varchar(255) COLLATE utf8_unicode_ci DEFAULT NULL,
  `access_token_secret` varchar(255) COLLATE utf8_unicode_ci DEFAULT NULL,
  `foreign_id` varchar(255) COLLATE utf8_unicode_ci DEFAULT NULL,
  `profile_picture_url` varchar(255) COLLATE utf8_unicode_ci DEFAULT NULL,
  `is_connected` tinyint(4) NOT NULL DEFAULT '1',
  PRIMARY KEY (`id`),
  KEY `provider_users_provider_id` (`provider_id`),
  KEY `provider_users_user_id` (`user_id`),
  CONSTRAINT `provider_users_ibfk_1` FOREIGN KEY (`user_id`) REFERENCES `users` (`id`) ON DELETE CASCADE ON UPDATE NO ACTION,
  CONSTRAINT `provider_users_ibfk_2` FOREIGN KEY (`provider_id`) REFERENCES `providers` (`id`) ON DELETE CASCADE ON UPDATE NO ACTION
) ENGINE=InnoDB DEFAULT CHARSET=utf8 COLLATE=utf8_unicode_ci;


DROP TABLE IF EXISTS `push_notifications`;
CREATE TABLE `push_notifications` (
  `id` bigint(20) unsigned NOT NULL AUTO_INCREMENT,
  `created_at` datetime NOT NULL,
  `updated_at` datetime NOT NULL,
  `user_device_id` bigint(20) unsigned NOT NULL,
  `message_type` varchar(255) COLLATE utf8_unicode_ci NOT NULL,
  `message` text COLLATE utf8_unicode_ci NOT NULL,
  PRIMARY KEY (`id`),
  KEY `user_device_id` (`user_device_id`),
  CONSTRAINT `push_notifications_ibfk_1` FOREIGN KEY (`user_device_id`) REFERENCES `apns_devices` (`id`) ON DELETE CASCADE ON UPDATE NO ACTION
) ENGINE=InnoDB DEFAULT CHARSET=utf8 COLLATE=utf8_unicode_ci;


DROP TABLE IF EXISTS `quizzes`;
CREATE TABLE `quizzes` (
  `id` bigint(20) unsigned NOT NULL AUTO_INCREMENT,
  `created_at` timestamp NULL DEFAULT NULL,
  `updated_at` timestamp NULL DEFAULT NULL,
  `name` varchar(255) COLLATE utf8_unicode_ci NOT NULL,
  `description` text COLLATE utf8_unicode_ci,
  `display_order` int(11) DEFAULT NULL,
  PRIMARY KEY (`id`)
) ENGINE=InnoDB DEFAULT CHARSET=utf8 COLLATE=utf8_unicode_ci;

INSERT INTO `quizzes` (`id`, `created_at`, `updated_at`, `name`, `description`, `display_order`) VALUES
(1,	'2017-11-23 06:38:30',	'2017-11-23 06:38:30',	'Getting Bookings',	'ondemandservicemarketplace.com is the leading assistant market platform in Europe, the US and the Carribean. Our website and apps are used everyday by thousands of costomers looking for assistants just like you.\nWith the help of ondemandservicemarketplace.com, you have an exciting opportunity to regularly work on wide range of private yachts, sailboats and mega yachts and to build lasting relationships with their owners and crew.\nAfter we approve your listing, captains and costomers in your area will start contacting you. You\'ll be notified by email, SMS or push notifications if you\'ve downloaded our free iPhone or Android apps. Owners and captains can contact you in two different ways:\nEnquiries: The owner / captian hasn\'t paid yet, but has specified some dates and included a personal message with questions. They need you to \'Pre-approve\' their request (and answer any questions) so they can then pay and confirm.\nDirect Bookings: The owner / captain has already pre-paid and is waiting for you to \'Accept\' so that the booking is then confirmed.\nThe key to getting more bookings is responding and confirming quickly, as well as keeping your calendar up to date each week. How quickly you respond to messages (both Enquiries and Direct Bookings) will determine your response rate and your response time. These are both displayed on your listing when owners search for a assistant.\nYour response rate is the percentage of all enquiries and direct bookings you receive that you respond to. If this falls below 80% your listing will be hidden from local search results.\nYour response time is the average time it takes you to send an initial response to an owner. Registered assistants are required to respond to new requests within four hours, letting the owner know whether they will accept or decline a booking. Remember, most owners contact a few assistants at the same time – the sooner you reply, the more likely you are to win the booking.',	1),
(2,	'2017-11-23 06:38:30',	'2017-11-23 06:38:30',	'Once you get a confirmed booking',	'Payment We transfer payment directly into your bank account after your work is complete (typically within three working days after the performance of the booking). Please note: accepting cash payments is strictly prohibited. Assistant only works with secure online payments - any assistants suspected of accepting cash payments will be immediately and permanently removed from ondemandservicemarketplace.com.\nService fee for assistants We apply a sitter service fee on the value of the booking before processing the payment. Take a minute now to read this quick article about fees to learn a little more about the fees in your country.\nPeace of mind All bookings made and confirmed through ondemandservicemarketplace.com are covered by our comprehensive public liability insurance.\nMedivac We also offer 24/7 emergency support for assistants to make sure you have all the help you need in the event of an accident during a booking made through ondemandservicemarketplace.com.',	2),
(3,	'2017-11-23 06:38:30',	'2017-11-23 06:38:30',	'Becoming a great assistant',	'All of the best assistants have these things in common. They all:\nCommunicate quickly and effectively\nImpress yacht captains and owners through the quality of their work\nBuild long lasting relationships\nYacht captains and owners expect prompt responses to booking requests. The easiest way to do this on the go is by using our iPhone or Android mobile apps on your smartphone.\nUsing our mobile apps you can:\nGet instantly notified about new booking requests and respond instantly\nManage your bookings and calendar, quickly and conveniently\nKeep all the information about the yacht handy at all times\nIf you provide a great experience, we do the rest.\nThe best assistants on ondemandservicemarketplace.com rank higher in local search results and get more bookings depending on:\nPositive reviews The more five-star reviews you get, the better your listing will rank.\nNumber of bookings The more bookings you complete, the higher your listing will rank.\nNumber of re-bookings Yacht captains / owners re-booking with you shows that you provide a great service - this is the best way to improve your ranking.\nResponse time Quickly responding to booking requests will boost your ranking (our best assistants respond within minutes!). We ask that all assistants respond within a maximum of four hours of the booking request being sent by a yacht captain / owner.\nResponse rate Answering all messages is necessary to avoid a low ranking. We regularly conduct listing reviews – assistants with a response rate of less than 80% will have their listings hidden from local search results.\nConfirmation rate Accepting a high percentage of requests will improve your ranking. Make sure to keep your calendar up to date (we recommend updating it at least once a week) to get requests only when you\'re available. Also, make sure to only choose the services you offer when signing up and to clearly highlight in your listing description any special services you can (or cannot) offer.\nNever accepting bookings in cash In fact accepting or encouraging bookings outside of ondemandservicemarketplace.com is a serious violation of our terms and conditions. Sitters who are suspected of taking bookings offline will be immediately deactivated.',	3),
(4,	'2017-11-23 06:38:31',	'2017-11-23 06:38:31',	'Cancellations',	'Yacht captains and owners’ plans or personal schedules may change and as a result, they may choose to cancel a booking after it has been confirmed. To help you deal with these cancellations more effectively, ondemandservicemarketplace.com lets you choose a cancellation policy.\nThere are three cancellation policies that you can choose:\nFlexible Full refund for the yacht captain / owner up to a day before service starts (11:59pm the day before the booking start date)\nModerate Full refund for the yacht captain / owner with five days notice, 50% refund thereafter (e.g. if the booking start date is Friday, the owner can cancel with a full refund up to 11:59pm the Saturday before)\nStrict 50% refund for the costomers within seven days notice, no refund thereafter (e.g. if the booking start date is Friday, the costomers can cancel with a 50% refund up to 11:59pm the Thursday before)\nFor overnight (24hr) bookings, cancellation policies are always set to Strict by default. These policies are in place to compensate you for any opportunities lost as a result of the cancelled booking. Sometimes, you may choose to waive the cancellation penalty with the owner, and for those special cases you can contact us to arrange a full or partial refund.\nAssistant also has to make sure that costomers feel secure after they have confirmed their booking with a assistant, and they\'re not left looking for a assistant the day before they arrive in a marina or before a busy week onboard their yacht. For this, assistants cannot directly cancel confirmed bookings. Instead, they must contact the ondemandservicemarketplace.com Support Team. We know that sometimes things pop up, but please keep in mind that last-minute cancellations from a assistant without adequate cause will result in the permanent deactivation of the assistant\'s listing from ondemandservicemarketplace.com.',	4),
(5,	'2017-11-23 06:38:31',	'2017-11-23 06:38:31',	'Being part of our crew',	'YSafe online bookings and payment guarantee Yacht captains / owners pay for their bookings upfront so you never have to chase them for a payment after a booking. Your payment is automatically paid directly into your bank account after the booking is complete.\nPromoting your listing Once your listing is live, we will promote it in a number of ways, through a variety of marketing campaigns, to help you get more bookings. You\'ll also get your own dedicated link so you can share it with Yacht captains / owners you meet in your everyday life, and we\'ll reward you $10 for every new yacht captain / owner you introduce to ondemandservicemarketplace.com, through our assistant referral program. On your third completed booking, we will also send you personalized ondemandservicemarketplace.com business cards, so you can promote your listing with Yacht captains / owners you meet in your local area.\nVisibility in search Engines We work hard to make sure that when yacht captains / owners search for local assistants on Google, the first results they find are ondemandservicemarketplace.com’s. Through ondemandservicemarketplace.com you will get unprecedented exposure to potential customers. The more you use ondemandservicemarketplace.com and the more repeat customers who book with you, the higher you will rank in our local search results too.\nKeep all bookings online Make sure all new and returning bookings are made and paid through ondemandservicemarketplace.com – never accept any cash payments.\nFollow local regulations Make sure you always uphold the highest level of quality before, during and after a booking and check with your local authority regarding any self employed regulations.\nImportant Only bookings paid via ondemandservicemarketplace.com.com are covered by our public liability (up to $TO BE CONFIRMED) and medi-vac insurance. Accepting cash payments is a serious violation of our terms of service and will result in immediate and permanent removal from ondemandservicemarketplace.com as well as a fine of $500.',	5);

DROP TABLE IF EXISTS `quiz_questions`;
CREATE TABLE `quiz_questions` (
  `id` bigint(20) unsigned NOT NULL AUTO_INCREMENT,
  `created_at` timestamp NULL DEFAULT NULL,
  `updated_at` timestamp NULL DEFAULT NULL,
  `quiz_id` bigint(20) unsigned DEFAULT NULL,
  `question` varchar(255) COLLATE utf8_unicode_ci NOT NULL,
  PRIMARY KEY (`id`),
  KEY `quiz_id` (`quiz_id`),
  CONSTRAINT `quiz_questions_ibfk_2` FOREIGN KEY (`quiz_id`) REFERENCES `quizzes` (`id`) ON DELETE CASCADE ON UPDATE NO ACTION
) ENGINE=InnoDB DEFAULT CHARSET=utf8 COLLATE=utf8_unicode_ci;

INSERT INTO `quiz_questions` (`id`, `created_at`, `updated_at`, `quiz_id`, `question`) VALUES
(1,	'2017-11-23 06:38:30',	'2017-11-23 06:38:30',	1,	'What does receiving a direct booking mean?'),
(2,	'2017-11-23 06:38:30',	'2017-11-23 06:38:30',	1,	'What should you do if you receive an enquiry?'),
(12,	'2017-11-23 06:38:30',	'2017-11-23 06:38:30',	2,	'When and how do you get paid?'),
(13,	'2017-11-23 06:38:30',	'2017-11-23 06:38:30',	2,	'What should you do if an owner / captain offers to pay you in cash?'),
(14,	'2017-11-23 06:38:30',	'2017-11-23 06:38:30',	3,	'How can you improve the ranking of your ondemandservicemarketplace.com listing?'),
(15,	'2017-11-23 06:38:30',	'2017-11-23 06:38:30',	3,	'Why should you update your calendar often?'),
(16,	'2017-11-23 06:38:31',	'2017-11-23 06:38:31',	4,	'You have a very important family emergency and have to cancel a confirmed booking. What do you do?'),
(17,	'2017-11-23 06:38:31',	'2017-11-23 06:38:31',	4,	'You\'ve had a 10-day booking confirmed for a few weeks now, but the captain / owner has changed their mind 3 days before the booking start date. You have a Moderate cancellation policy. How much will the owner be refunded?'),
(18,	'2017-11-23 06:38:31',	'2017-11-23 06:38:31',	5,	'Why is it important to ONLY accept bookings through ondemandservicemarketplace.com?'),
(19,	'2017-11-23 06:38:31',	'2017-11-23 06:38:31',	5,	'How will my listing be promoted?'),
(20,	'2017-11-23 06:38:31',	'2017-11-23 06:38:31',	5,	'Why do you want to be a assistant?');

DROP TABLE IF EXISTS `quiz_question_answer_options`;
CREATE TABLE `quiz_question_answer_options` (
  `id` bigint(20) unsigned NOT NULL AUTO_INCREMENT,
  `created_at` timestamp NULL DEFAULT NULL,
  `updated_at` timestamp NULL DEFAULT NULL,
  `quiz_id` bigint(20) unsigned DEFAULT NULL,
  `quiz_question_id` bigint(20) unsigned DEFAULT NULL,
  `option` varchar(255) COLLATE utf8_unicode_ci DEFAULT NULL,
  `is_correct_answer` tinyint(1) NOT NULL DEFAULT '0',
  PRIMARY KEY (`id`),
  KEY `quiz_question_id` (`quiz_question_id`),
  KEY `quiz_id` (`quiz_id`),
  CONSTRAINT `quiz_question_answer_options_ibfk_2` FOREIGN KEY (`quiz_id`) REFERENCES `quizzes` (`id`) ON DELETE CASCADE ON UPDATE NO ACTION,
  CONSTRAINT `quiz_question_answer_options_ibfk_3` FOREIGN KEY (`quiz_question_id`) REFERENCES `quiz_questions` (`id`) ON DELETE CASCADE ON UPDATE NO ACTION
) ENGINE=InnoDB DEFAULT CHARSET=utf8 COLLATE=utf8_unicode_ci;

INSERT INTO `quiz_question_answer_options` (`id`, `created_at`, `updated_at`, `quiz_id`, `quiz_question_id`, `option`, `is_correct_answer`) VALUES
(1,	'2017-11-23 06:38:30',	'2017-11-23 06:38:30',	1,	1,	'The owner / captain has not yet paid and I need to pre-approve or decline as soon as possible so they can pay',	0),
(2,	'2017-11-23 06:38:30',	'2017-11-23 06:38:30',	1,	1,	'The owner / captain has pre-paid and I need to accept or decline as soon as possible before the booking expires (affecting my profile negatively)',	1),
(3,	'2017-11-23 06:38:30',	'2017-11-23 06:38:30',	1,	1,	'The booking is already confirmed and I don\'t need to do anything else',	0),
(4,	'2017-11-23 06:38:30',	'2017-11-23 06:38:30',	1,	2,	'Reply within four hours from the moment the request is sent',	0),
(5,	'2017-11-23 06:38:30',	'2017-11-23 06:38:30',	1,	2,	'Answer any specific questions the owner / captain may have',	0),
(6,	'2017-11-23 06:38:30',	'2017-11-23 06:38:30',	1,	2,	'Pre-approve as quickly as possible so that the owner / captain can confirm and pay',	0),
(7,	'2017-11-23 06:38:30',	'2017-11-23 06:38:30',	1,	2,	'Ask any relevant questions you may have about the yacht',	0),
(8,	'2017-11-23 06:38:30',	'2017-11-23 06:38:30',	1,	2,	'All of the above',	1),
(9,	'2017-11-23 06:38:30',	'2017-11-23 06:38:30',	2,	12,	'Within three working days after the booking ends, ondemandservicemarketplace.com makes a secure bank transfer directly to my bank account, after deducting the assistant service fee',	0),
(10,	'2017-11-23 06:38:30',	'2017-11-23 06:38:30',	2,	12,	'After the booking is over, the owner / captain pays in cash (if they remember to bring money and only if they are satisfied with the service)',	1),
(11,	'2017-11-23 06:38:30',	'2017-11-23 06:38:30',	2,	13,	'Politely decline and advise them to pay through Dawworker.com so that the booking is covered for medivac and public liability insurance',	0),
(12,	'2017-11-23 06:38:30',	'2017-11-23 06:38:30',	2,	13,	'Accept the cash and get deactivated from ondemandservicemarketplace.com',	1),
(13,	'2017-11-23 06:38:31',	'2017-11-23 06:38:31',	3,	14,	'By responding to every single request within four hours',	0),
(14,	'2017-11-23 06:38:31',	'2017-11-23 06:38:31',	3,	14,	'By delighting Yacht captains / owners so they rebook with you through ondemandservicemarketplace.com',	1),
(15,	'2017-11-23 06:38:31',	'2017-11-23 06:38:31',	3,	14,	'By keeping your calendar up to date on a weekly basis',	0),
(16,	'2017-11-23 06:38:31',	'2017-11-23 06:38:31',	3,	14,	'All of the above',	1),
(17,	'2017-11-23 06:38:31',	'2017-11-23 06:38:31',	3,	15,	'To prevent having to decline unwanted requests on days when I\'m not available (declining affects your ranking negatively)',	1),
(18,	'2017-11-23 06:38:31',	'2017-11-23 06:38:31',	3,	15,	'Sitters with updated calendars rank better in the ondemandservicemarketplace.com local search results',	1),
(19,	'2017-11-23 06:38:31',	'2017-11-23 06:38:31',	3,	15,	'All of the above',	1),
(20,	'2017-11-23 06:38:31',	'2017-11-23 06:38:31',	4,	16,	'Text the owner and tell them you can\'t do it anymore – there\'s no need to let ondemandservicemarketplace.com know',	0),
(21,	'2017-11-23 06:38:31',	'2017-11-23 06:38:31',	4,	16,	'Go online and click on the big cancel button in the booking. ondemandservicemarketplace.com will do the rest',	0),
(22,	'2017-11-23 06:38:31',	'2017-11-23 06:38:31',	4,	16,	'Notify the captain / owner at least a week in advance, contact the ondemandservicemarketplace.com Support Team to explain the situation in detail',	1),
(23,	'2017-11-23 06:38:31',	'2017-11-23 06:38:31',	4,	17,	'100% of the booking value - there\'s no cancellation penalty',	0),
(24,	'2017-11-23 06:38:31',	'2017-11-23 06:38:31',	4,	17,	'15% of the booking value',	0),
(25,	'2017-11-23 06:38:31',	'2017-11-23 06:38:31',	4,	17,	'50% of the booking value',	1),
(26,	'2017-11-23 06:38:31',	'2017-11-23 06:38:31',	4,	17,	'£10, the sitter referral bonus',	0),
(27,	'2017-11-23 06:38:31',	'2017-11-23 06:38:31',	4,	17,	'Nothing – they don\'t get anything back because the booking has been confirmed for a long time',	0),
(28,	'2017-11-23 06:38:31',	'2017-11-23 06:38:31',	5,	18,	'For the public liability and medi-vac insurance to be valid',	0),
(29,	'2017-11-23 06:38:31',	'2017-11-23 06:38:31',	5,	18,	'To be able to get reviews and build my reputation as a assistant',	0),
(30,	'2017-11-23 06:38:31',	'2017-11-23 06:38:31',	5,	18,	'So that I don\'t have to chase up any payments',	1),
(31,	'2017-11-23 06:38:31',	'2017-11-23 06:38:31',	5,	18,	'So I don\'t violate the ondemandservicemarketplace.com terms and conditions, leading to permanent removal from the platform',	0),
(32,	'2017-11-23 06:38:31',	'2017-11-23 06:38:31',	5,	18,	'All of the above',	1),
(33,	'2017-11-23 06:38:31',	'2017-11-23 06:38:31',	5,	19,	'ondemandservicemarketplace.com will promote my listing through various marketing channels',	0),
(34,	'2017-11-23 06:38:31',	'2017-11-23 06:38:31',	5,	19,	'I will receive personalised business cards after my third completed booking',	0),
(35,	'2017-11-23 06:38:31',	'2017-11-23 06:38:31',	5,	19,	'I will get a dedicated link that I can share with Yacht captains / owners I meet',	0),
(36,	'2017-11-23 06:38:31',	'2017-11-23 06:38:31',	5,	19,	'All of the above',	1),
(37,	'2017-11-23 06:38:31',	'2017-11-23 06:38:31',	5,	20,	'I am passionate about the yachting world  - it also helps me with my income',	1),
(38,	'2017-11-23 06:38:31',	'2017-11-23 06:38:31',	5,	20,	'I don\'t especially like the yachting world, but I need the money',	0),
(39,	'2017-11-23 06:38:31',	'2017-11-23 06:38:31',	5,	20,	'I am a professional assistant',	1);

DROP TABLE IF EXISTS `requests`;
CREATE TABLE `requests` (
  `id` bigint(20) unsigned NOT NULL AUTO_INCREMENT,
  `created_at` datetime NOT NULL,
  `updated_at` datetime NOT NULL,
  `user_id` bigint(20) unsigned DEFAULT NULL,
  `service_id` bigint(20) unsigned DEFAULT NULL,
  `request_status_id` bigint(20) NOT NULL DEFAULT '1' COMMENT '1. Open, 2. Closed',
  `job_type_id` bigint(20) DEFAULT NULL COMMENT '1. One time Job, 2. Part Time, 3. Full Time',
  `appointment_timing_type_id` bigint(20) DEFAULT NULL COMMENT '1. Specify times, 2. During the day, 3. During the night',
  `description` text COLLATE utf8_unicode_ci,
  `appointment_from_date` date DEFAULT NULL,
  `appointment_from_time` time DEFAULT NULL,
  `appointment_to_date` date DEFAULT NULL,
  `appointment_to_time` time DEFAULT NULL,
  `price_per_hour` double DEFAULT NULL,
  `work_location_address` varchar(255) COLLATE utf8_unicode_ci DEFAULT NULL,
  `work_location_address1` varchar(255) COLLATE utf8_unicode_ci DEFAULT NULL,
  `work_location_state_id` bigint(20) unsigned DEFAULT NULL,
  `work_location_city_id` bigint(20) unsigned DEFAULT NULL,
  `work_location_country_id` bigint(20) unsigned DEFAULT NULL,
  `work_location_postal_code` varchar(255) COLLATE utf8_unicode_ci DEFAULT NULL,
  `work_location_latitude` double DEFAULT NULL,
  `work_location_longitude` double DEFAULT NULL,
  `payment_mode_id` bigint(20) DEFAULT NULL COMMENT '1. Through Site, 2. Pay Cash',
  `number_of_item` int(11) DEFAULT NULL,
  `is_sunday_needed` tinyint(1) NOT NULL DEFAULT '0',
  `sunday_appointment_from_time` time DEFAULT NULL,
  `sunday_appointment_to_time` time DEFAULT NULL,
  `is_monday_needed` tinyint(1) NOT NULL DEFAULT '0',
  `monday_appointment_from_time` time DEFAULT NULL,
  `monday_appointment_to_time` time DEFAULT NULL,
  `is_tuesday_needed` tinyint(1) NOT NULL DEFAULT '0',
  `tuesday_appointment_to_time` time DEFAULT NULL,
  `tuesday_appointment_from_time` time DEFAULT NULL,
  `is_wednesday_needed` tinyint(1) NOT NULL DEFAULT '0',
  `wednesday_appointment_from_time` time DEFAULT NULL,
  `wednesday_appointment_to_time` time DEFAULT NULL,
  `is_thursday_needed` tinyint(1) NOT NULL DEFAULT '0',
  `thursday_appointment_from_time` time DEFAULT NULL,
  `thursday_appointment_to_time` time DEFAULT NULL,
  `is_friday_needed` tinyint(1) NOT NULL DEFAULT '0',
  `friday_appointment_from_time` time DEFAULT NULL,
  `friday_appointment_to_time` time DEFAULT NULL,
  `is_saturday_needed` tinyint(4) NOT NULL DEFAULT '0',
  `saturday_appointment_from_time` time DEFAULT NULL,
  `saturday_appointment_to_time` time DEFAULT NULL,
  `requests_user_count` int(11) NOT NULL DEFAULT '0',
  `work_location_sw_longitude` double DEFAULT NULL,
  `work_location_sw_latitude` double DEFAULT NULL,
  `work_location_ne_longitude` double DEFAULT NULL,
  `work_location_ne_latitude` double DEFAULT NULL,
  PRIMARY KEY (`id`),
  KEY `user_id` (`user_id`),
  KEY `service_id` (`service_id`),
  KEY `request_status_id` (`request_status_id`),
  KEY `appointment_timing_type_id` (`appointment_timing_type_id`),
  KEY `work_location_country_id` (`work_location_country_id`),
  KEY `work_location_city_id` (`work_location_city_id`),
  KEY `work_location_state_id` (`work_location_state_id`),
  CONSTRAINT `requests_ibfk_1` FOREIGN KEY (`user_id`) REFERENCES `users` (`id`) ON DELETE NO ACTION ON UPDATE NO ACTION,
  CONSTRAINT `requests_ibfk_2` FOREIGN KEY (`service_id`) REFERENCES `services` (`id`) ON DELETE NO ACTION ON UPDATE NO ACTION
) ENGINE=InnoDB DEFAULT CHARSET=utf8 COLLATE=utf8_unicode_ci;

INSERT INTO `requests` (`id`, `created_at`, `updated_at`, `user_id`, `service_id`, `request_status_id`, `job_type_id`, `appointment_timing_type_id`, `description`, `appointment_from_date`, `appointment_from_time`, `appointment_to_date`, `appointment_to_time`, `price_per_hour`, `work_location_address`, `work_location_address1`, `work_location_state_id`, `work_location_city_id`, `work_location_country_id`, `work_location_postal_code`, `work_location_latitude`, `work_location_longitude`, `payment_mode_id`, `number_of_item`, `is_sunday_needed`, `sunday_appointment_from_time`, `sunday_appointment_to_time`, `is_monday_needed`, `monday_appointment_from_time`, `monday_appointment_to_time`, `is_tuesday_needed`, `tuesday_appointment_to_time`, `tuesday_appointment_from_time`, `is_wednesday_needed`, `wednesday_appointment_from_time`, `wednesday_appointment_to_time`, `is_thursday_needed`, `thursday_appointment_from_time`, `thursday_appointment_to_time`, `is_friday_needed`, `friday_appointment_from_time`, `friday_appointment_to_time`, `is_saturday_needed`, `saturday_appointment_from_time`, `saturday_appointment_to_time`, `requests_user_count`, `work_location_sw_longitude`, `work_location_sw_latitude`, `work_location_ne_longitude`, `work_location_ne_latitude`) VALUES
(1,	'2018-03-02 12:36:47',	'2018-03-02 13:50:27',	2,	5,	1,	1,	NULL,	'Need experienced and professional dog care taker',	'2018-03-17',	'18:00:00',	'2018-03-17',	'22:00:00',	12,	'London, UK',	NULL,	4,	4,	239,	'WEFP20',	51.5073509,	-0.12775829999998223,	1,	1,	0,	NULL,	NULL,	0,	NULL,	NULL,	0,	NULL,	NULL,	0,	NULL,	NULL,	0,	NULL,	NULL,	0,	NULL,	NULL,	0,	NULL,	NULL,	1,	-0.351468299999965,	51.38494009999999,	0.14827100000002247,	51.6723432),
(2,	'2018-03-02 12:42:40',	'2018-03-02 13:52:06',	2,	7,	1,	1,	NULL,	'Need a professional and experienced baby care taker.',	'2018-03-15',	'18:00:00',	'2018-03-15',	'21:00:00',	30,	'Keiser Wilhelms gate 6, 6003 Ålesund, Norway',	NULL,	7,	7,	167,	'6003',	62.4700727,	6.153389800000014,	1,	2,	0,	NULL,	NULL,	0,	NULL,	NULL,	0,	NULL,	NULL,	0,	NULL,	NULL,	0,	NULL,	NULL,	0,	NULL,	NULL,	0,	NULL,	NULL,	3,	6.152040819708532,	62.46872371970849,	6.1547387802914955,	62.4714216802915),
(3,	'2018-03-02 13:26:47',	'2018-03-02 13:52:04',	4,	7,	1,	1,	NULL,	'Need profession and experienced care taker',	'2018-03-14',	'18:00:00',	'2018-03-15',	'22:00:00',	19,	'Flåm, Norway',	NULL,	8,	8,	167,	'NO0238',	60.8607716,	7.111784899999975,	1,	1,	0,	NULL,	NULL,	0,	NULL,	NULL,	0,	NULL,	NULL,	0,	NULL,	NULL,	0,	NULL,	NULL,	0,	NULL,	NULL,	0,	NULL,	NULL,	3,	7.1030326999999716,	60.85052100000001,	7.122660300000007,	60.86630890000001),
(4,	'2018-03-02 13:28:00',	'2018-03-02 13:52:04',	4,	8,	1,	1,	NULL,	'Need to care take after school.Expecting professional and well experienced nanny.',	'2018-03-20',	'15:00:00',	'2018-03-20',	'17:00:00',	29,	'Kannappar Thidal, Periyamet, Kannappar Thidal, Periyamet, Chennai, Tamil Nadu 600003, India',	NULL,	9,	9,	102,	'600003',	13.0824416,	80.2758222,	1,	1,	0,	NULL,	NULL,	0,	NULL,	NULL,	0,	NULL,	NULL,	0,	NULL,	NULL,	0,	NULL,	NULL,	0,	NULL,	NULL,	0,	NULL,	NULL,	3,	80.27447321970851,	13.0810926197085,	80.27717118029148,	13.0837905802915);

DROP TABLE IF EXISTS `requests_users`;
CREATE TABLE `requests_users` (
  `id` bigint(20) unsigned NOT NULL AUTO_INCREMENT,
  `created_at` datetime NOT NULL,
  `updated_at` datetime NOT NULL,
  `request_id` bigint(20) unsigned DEFAULT NULL,
  `user_id` bigint(20) unsigned DEFAULT NULL,
  PRIMARY KEY (`id`),
  KEY `request_id` (`request_id`),
  KEY `user_id` (`user_id`),
  CONSTRAINT `requests_users_ibfk_1` FOREIGN KEY (`request_id`) REFERENCES `requests` (`id`) ON DELETE NO ACTION ON UPDATE NO ACTION,
  CONSTRAINT `requests_users_ibfk_2` FOREIGN KEY (`user_id`) REFERENCES `users` (`id`) ON DELETE NO ACTION ON UPDATE NO ACTION
) ENGINE=InnoDB DEFAULT CHARSET=utf8 COLLATE=utf8_unicode_ci;

INSERT INTO `requests_users` (`id`, `created_at`, `updated_at`, `request_id`, `user_id`) VALUES
(1,	'2018-03-02 13:50:27',	'2018-03-02 13:50:27',	1,	22),
(2,	'2018-03-02 13:50:52',	'2018-03-02 13:50:52',	4,	8),
(3,	'2018-03-02 13:50:53',	'2018-03-02 13:50:53',	3,	8),
(4,	'2018-03-02 13:50:56',	'2018-03-02 13:50:56',	2,	8),
(5,	'2018-03-02 13:51:19',	'2018-03-02 13:51:19',	4,	15),
(6,	'2018-03-02 13:51:20',	'2018-03-02 13:51:20',	3,	15),
(7,	'2018-03-02 13:51:22',	'2018-03-02 13:51:22',	2,	15),
(8,	'2018-03-02 13:52:04',	'2018-03-02 13:52:04',	4,	18),
(9,	'2018-03-02 13:52:04',	'2018-03-02 13:52:04',	3,	18),
(10,	'2018-03-02 13:52:06',	'2018-03-02 13:52:06',	2,	18);

DROP TABLE IF EXISTS `reviews`;
CREATE TABLE `reviews` (
  `id` bigint(20) unsigned NOT NULL AUTO_INCREMENT,
  `created_at` datetime NOT NULL,
  `updated_at` datetime NOT NULL,
  `user_id` bigint(20) unsigned NOT NULL,
  `to_user_id` bigint(20) unsigned NOT NULL,
  `foreign_id` bigint(20) NOT NULL,
  `class` varchar(255) COLLATE utf8_unicode_ci NOT NULL,
  `rating` int(11) NOT NULL DEFAULT '0',
  `message` longtext COLLATE utf8_unicode_ci,
  `is_reviewed_as_service_provider` tinyint(4) DEFAULT '0',
  `model_id` bigint(20) DEFAULT NULL,
  `model_class` varchar(255) COLLATE utf8_unicode_ci DEFAULT NULL,
  PRIMARY KEY (`id`),
  KEY `reviews_foreign_id` (`foreign_id`),
  KEY `reviews_model_id` (`model_id`),
  KEY `reviews_to_user_id` (`to_user_id`),
  KEY `reviews_user_id` (`user_id`),
  CONSTRAINT `reviews_ibfk_1` FOREIGN KEY (`user_id`) REFERENCES `users` (`id`) ON DELETE CASCADE ON UPDATE NO ACTION,
  CONSTRAINT `reviews_ibfk_2` FOREIGN KEY (`to_user_id`) REFERENCES `users` (`id`) ON DELETE CASCADE ON UPDATE NO ACTION
) ENGINE=InnoDB DEFAULT CHARSET=utf8 COLLATE=utf8_unicode_ci;

INSERT INTO `reviews` (`id`, `created_at`, `updated_at`, `user_id`, `to_user_id`, `foreign_id`, `class`, `rating`, `message`, `is_reviewed_as_service_provider`, `model_id`, `model_class`) VALUES
(3,	'2018-01-02 11:17:39',	'2018-01-02 11:17:39',	4,	8,	19,	'Appointment',	5,	'I have used Mekides for babysitting many times, she is always my first choice. She is extremely reliable, punctual and friendly. She has a happy and helpful disposition, is calm and understanding and has a genuine love for children. I would not hesitate to recommend her for any child caring role.',	0,	NULL,	NULL),
(4,	'2018-01-02 11:47:21',	'2018-01-02 11:47:21',	2,	22,	20,	'Appointment',	5,	'Very good. Thanks to Ana belan for making our dog welcome.',	0,	NULL,	NULL);

DROP TABLE IF EXISTS `roles`;
CREATE TABLE `roles` (
  `id` bigint(20) unsigned NOT NULL AUTO_INCREMENT,
  `created_at` timestamp NULL DEFAULT NULL,
  `updated_at` timestamp NULL DEFAULT NULL,
  `name` varchar(255) COLLATE utf8_unicode_ci NOT NULL,
  PRIMARY KEY (`id`),
  KEY `roles_id_index` (`id`)
) ENGINE=InnoDB DEFAULT CHARSET=utf8 COLLATE=utf8_unicode_ci;

INSERT INTO `roles` (`id`, `created_at`, `updated_at`, `name`) VALUES
(1,	'2016-05-13 05:38:16',	'2016-05-13 05:38:16',	'Admin'),
(2,	'2016-05-13 05:38:16',	'2016-05-13 05:38:16',	'Customer'),
(3,	'2016-05-13 05:38:16',	'2016-05-13 05:38:16',	'Service Provider'),
(4,	'2017-12-30 13:36:00',	'2017-12-30 13:36:00',	'User');

DROP TABLE IF EXISTS `services`;
CREATE TABLE `services` (
  `id` bigint(20) unsigned NOT NULL AUTO_INCREMENT,
  `created_at` timestamp NULL DEFAULT NULL,
  `updated_at` timestamp NULL DEFAULT NULL,
  `category_id` bigint(20) unsigned DEFAULT NULL,
  `booking_option_id` bigint(20) unsigned DEFAULT NULL COMMENT '(1 => TimeSlot, 2 => SingleDate, 3 => MultipleDate, 4 => Recurring, 5 => MultiHours)',
  `is_need_user_location` tinyint(1) unsigned NOT NULL DEFAULT '0',
  `is_enable_multiple_booking` tinyint(1) unsigned NOT NULL DEFAULT '0',
  `name` varchar(250) COLLATE utf8_unicode_ci DEFAULT NULL,
  `slug` varchar(280) COLLATE utf8_unicode_ci DEFAULT NULL,
  `is_active` tinyint(1) NOT NULL DEFAULT '1',
  `parent_id` bigint(20) unsigned DEFAULT NULL,
  `icon_class` varchar(255) COLLATE utf8_unicode_ci DEFAULT NULL,
  `is_allow_to_get_number_of_items` bigint(20) NOT NULL DEFAULT '0',
  `label_for_number_of_item` varchar(255) COLLATE utf8_unicode_ci DEFAULT NULL,
  `maximum_number_to_allow` bigint(20) DEFAULT '10',
  `is_multiply_booking_amount_when_choosing_number_of_items` bigint(20) NOT NULL DEFAULT '0',
  `is_featured` tinyint(1) NOT NULL DEFAULT '0',
  `is_hidden_record` tinyint(1) NOT NULL DEFAULT '1',
  PRIMARY KEY (`id`),
  KEY `parent_id` (`parent_id`),
  KEY `category_id` (`category_id`),
  KEY `booking_option_id` (`booking_option_id`),
  CONSTRAINT `services_ibfk_1` FOREIGN KEY (`category_id`) REFERENCES `categories` (`id`) ON DELETE SET NULL ON UPDATE NO ACTION,
  CONSTRAINT `services_ibfk_2` FOREIGN KEY (`parent_id`) REFERENCES `services` (`id`) ON DELETE SET NULL ON UPDATE NO ACTION
) ENGINE=InnoDB DEFAULT CHARSET=utf8 COLLATE=utf8_unicode_ci;

INSERT INTO `services` (`id`, `created_at`, `updated_at`, `category_id`, `booking_option_id`, `is_need_user_location`, `is_enable_multiple_booking`, `name`, `slug`, `is_active`, `parent_id`, `icon_class`, `is_allow_to_get_number_of_items`, `label_for_number_of_item`, `maximum_number_to_allow`, `is_multiply_booking_amount_when_choosing_number_of_items`, `is_featured`, `is_hidden_record`) VALUES
(1,	'2017-11-01 02:22:58',	'2017-12-29 02:44:36',	3,	2,	0,	0,	'Painter',	'painter',	1,	NULL,	'fa-paint-brush',	0,	NULL,	10,	0,	0,	1),
(2,	'2017-11-01 02:24:48',	'2017-12-29 02:44:54',	3,	3,	0,	0,	'Tourist Guide',	'tourist-guide',	1,	NULL,	'fa-bus',	0,	NULL,	10,	0,	0,	1),
(5,	'2017-12-02 08:07:11',	'2017-12-02 08:07:11',	1,	5,	0,	1,	'Dog Day Care',	'dog-day-care',	1,	NULL,	'fa-eye',	1,	'dog',	10,	1,	0,	1),
(6,	'2017-12-02 08:07:11',	'2017-12-02 08:07:11',	1,	5,	0,	1,	'Dog Walking',	'dog-walking',	1,	NULL,	'fa-blind',	1,	'dog',	10,	1,	1,	1),
(7,	'2017-12-02 08:07:11',	'2017-12-02 08:07:11',	2,	5,	1,	1,	'Baby Sitter',	'baby-sitter',	1,	NULL,	'fa-child',	1,	'child',	5,	1,	1,	1),
(8,	'2017-12-02 08:07:11',	'2017-12-02 08:07:11',	2,	5,	1,	1,	'Nanny',	'nanny',	1,	NULL,	'fa-user-o',	1,	'child',	5,	1,	0,	1),
(9,	'2017-12-02 08:07:11',	'2017-12-02 08:07:11',	1,	5,	0,	1,	'Dog Boarding',	'dog-boarding',	1,	NULL,	'fa-paw',	1,	'dog',	10,	1,	0,	1),
(10,	'2017-12-27 09:52:13',	'2017-12-27 09:52:13',	2,	5,	1,	1,	'Tutors',	'tutors',	1,	NULL,	'fa-graduation-cap',	1,	'student',	10,	1,	1,	1),
(11,	'2017-12-27 09:57:23',	'2017-12-27 09:57:23',	2,	5,	1,	1,	'Elder Care',	'elder-care',	1,	NULL,	'fa-blind',	1,	'Person',	4,	1,	1,	1),
(12,	'2017-12-27 10:14:20',	'2017-12-27 10:15:10',	5,	1,	0,	0,	'Orthopaedics',	'orthopaedics',	1,	NULL,	'fa-medkit',	0,	'',	1,	0,	0,	1),
(13,	'2017-12-27 10:15:02',	'2017-12-27 10:15:02',	5,	1,	0,	0,	'Ophthalmologist',	'ophthalmologist',	1,	NULL,	'fa-eye',	0,	'',	1,	0,	0,	1),
(15,	'2017-12-29 02:34:03',	'2017-12-29 02:42:49',	5,	1,	0,	0,	'Dieticians and Nutritionists',	'dieticians-and-nutritionists',	1,	NULL,	'fa-cutlery',	0,	'',	1,	0,	1,	1),
(16,	'2017-12-29 02:42:16',	'2017-12-29 02:42:16',	5,	1,	0,	0,	'Physiotherapy',	'physiotherapy',	1,	NULL,	'fa-user-md',	0,	NULL,	1,	0,	0,	1),
(17,	'2017-12-29 02:47:42',	'2017-12-29 02:47:42',	3,	2,	0,	0,	'House Keeping',	'house-keeping',	1,	NULL,	'fa-home',	0,	NULL,	10,	0,	1,	1),
(18,	'2017-12-29 02:48:17',	'2017-12-29 02:48:17',	3,	3,	0,	0,	'Security Officer',	'security-officer',	1,	NULL,	'fa-lock',	0,	NULL,	10,	0,	0,	1),
(19,	'2018-02-10 03:04:04',	'2018-02-10 03:04:04',	NULL,	1,	0,	0,	'Interview',	'interview',	1,	NULL,	NULL,	0,	NULL,	10,	0,	0,	0);

DROP TABLE IF EXISTS `services_users`;
CREATE TABLE `services_users` (
  `id` bigint(20) unsigned NOT NULL AUTO_INCREMENT,
  `created_at` datetime NOT NULL,
  `updated_at` datetime NOT NULL,
  `service_id` bigint(20) unsigned NOT NULL,
  `user_id` bigint(20) unsigned NOT NULL,
  `rate` double DEFAULT NULL,
  `cancellation_policy_id` bigint(20) unsigned DEFAULT NULL,
  PRIMARY KEY (`id`),
  KEY `service_id` (`service_id`),
  KEY `user_id` (`user_id`),
  KEY `cancellation_policy_id` (`cancellation_policy_id`),
  CONSTRAINT `services_users_ibfk_1` FOREIGN KEY (`service_id`) REFERENCES `services` (`id`) ON DELETE CASCADE ON UPDATE NO ACTION,
  CONSTRAINT `services_users_ibfk_2` FOREIGN KEY (`user_id`) REFERENCES `users` (`id`) ON DELETE CASCADE ON UPDATE NO ACTION,
  CONSTRAINT `services_users_ibfk_3` FOREIGN KEY (`cancellation_policy_id`) REFERENCES `cancellation_policies` (`id`) ON DELETE SET NULL ON UPDATE NO ACTION
) ENGINE=InnoDB DEFAULT CHARSET=utf8 COLLATE=utf8_unicode_ci;

INSERT INTO `services_users` (`id`, `created_at`, `updated_at`, `service_id`, `user_id`, `rate`, `cancellation_policy_id`) VALUES
(40,	'2017-12-29 07:13:46',	'2017-12-29 07:13:46',	7,	9,	25,	1),
(41,	'2017-12-29 07:13:46',	'2017-12-29 07:13:46',	8,	9,	25,	1),
(42,	'2017-12-29 07:13:46',	'2017-12-29 07:13:46',	10,	9,	25,	1),
(43,	'2017-12-29 07:15:03',	'2017-12-29 07:15:03',	11,	15,	25,	1),
(44,	'2017-12-29 07:17:48',	'2017-12-29 07:17:48',	12,	16,	25,	1),
(45,	'2017-12-29 07:17:48',	'2017-12-29 07:17:48',	13,	16,	25,	1),
(46,	'2017-12-29 09:10:38',	'2017-12-29 09:10:38',	7,	18,	25,	1),
(47,	'2017-12-29 09:10:39',	'2017-12-29 09:10:39',	8,	18,	25,	1),
(48,	'2017-12-29 09:10:39',	'2017-12-29 09:10:39',	10,	18,	25,	1),
(49,	'2017-12-29 09:10:39',	'2017-12-29 09:10:39',	11,	18,	25,	1),
(54,	'2017-12-29 09:30:16',	'2017-12-29 09:30:16',	12,	17,	25,	1),
(55,	'2017-12-29 09:30:17',	'2017-12-29 09:30:17',	13,	17,	25,	1),
(56,	'2017-12-29 09:30:17',	'2017-12-29 09:30:17',	15,	17,	25,	1),
(57,	'2017-12-29 09:30:17',	'2017-12-29 09:30:17',	16,	17,	25,	1),
(58,	'2017-12-29 10:21:08',	'2017-12-29 10:21:08',	12,	19,	25,	1),
(59,	'2017-12-29 10:21:08',	'2017-12-29 10:21:08',	13,	19,	25,	1),
(60,	'2017-12-29 10:21:08',	'2017-12-29 10:21:08',	15,	19,	25,	1),
(61,	'2017-12-29 10:21:08',	'2017-12-29 10:21:08',	16,	19,	25,	1),
(62,	'2017-12-29 10:36:02',	'2017-12-29 10:36:02',	12,	20,	25,	1),
(63,	'2017-12-29 10:36:02',	'2017-12-29 10:36:02',	13,	20,	25,	1),
(64,	'2017-12-29 10:36:02',	'2017-12-29 10:36:02',	16,	20,	25,	1),
(69,	'2017-12-29 11:18:19',	'2017-12-29 11:18:19',	5,	22,	100,	1),
(70,	'2017-12-29 11:18:20',	'2017-12-29 11:18:20',	6,	22,	100,	1),
(71,	'2017-12-29 11:18:20',	'2017-12-29 11:18:20',	9,	22,	100,	1),
(72,	'2017-12-29 11:38:31',	'2017-12-29 11:38:31',	5,	23,	100,	1),
(73,	'2017-12-29 11:38:31',	'2017-12-29 11:38:31',	6,	23,	100,	1),
(74,	'2017-12-29 11:38:31',	'2017-12-29 11:38:31',	9,	23,	100,	1),
(75,	'2017-12-29 11:47:38',	'2017-12-29 11:47:38',	5,	24,	100,	1),
(76,	'2017-12-29 11:47:38',	'2017-12-29 11:47:38',	6,	24,	100,	1),
(77,	'2017-12-29 11:47:38',	'2017-12-29 11:47:38',	9,	24,	100,	1),
(78,	'2017-12-29 11:58:27',	'2017-12-29 11:58:27',	5,	25,	100,	1),
(79,	'2017-12-29 11:58:27',	'2017-12-29 11:58:27',	6,	25,	100,	1),
(80,	'2017-12-29 11:58:27',	'2017-12-29 11:58:27',	9,	25,	100,	1),
(81,	'2017-12-29 15:07:13',	'2017-12-29 15:07:13',	1,	7,	100,	1),
(82,	'2017-12-29 15:09:10',	'2017-12-29 15:09:10',	2,	3,	100,	1),
(84,	'2017-12-29 15:12:11',	'2017-12-29 15:12:11',	17,	14,	100,	1),
(85,	'2017-12-29 15:14:41',	'2017-12-29 15:14:41',	18,	21,	100,	1),
(86,	'2018-03-02 14:25:45',	'2018-03-02 14:25:45',	7,	8,	25,	2),
(87,	'2018-03-02 14:25:45',	'2018-03-02 14:25:45',	8,	8,	25,	1),
(88,	'2018-03-02 14:25:45',	'2018-03-02 14:25:45',	10,	8,	25,	1),
(89,	'2018-03-02 14:25:46',	'2018-03-02 14:25:46',	19,	8,	23,	1);

DROP TABLE IF EXISTS `settings`;
CREATE TABLE `settings` (
  `id` bigint(20) unsigned NOT NULL AUTO_INCREMENT,
  `created_at` timestamp NULL DEFAULT NULL,
  `updated_at` timestamp NULL DEFAULT NULL,
  `setting_category_id` bigint(20) unsigned DEFAULT NULL,
  `name` varchar(255) COLLATE utf8_unicode_ci NOT NULL,
  `value` text COLLATE utf8_unicode_ci NOT NULL,
  `label` varchar(255) COLLATE utf8_unicode_ci NOT NULL,
  `description` text COLLATE utf8_unicode_ci NOT NULL,
  `is_active` tinyint(2) NOT NULL DEFAULT '1',
  `display_order` int(11) NOT NULL,
  `plugin` varchar(255) COLLATE utf8_unicode_ci DEFAULT NULL,
  `is_front_end_access` tinyint(1) DEFAULT '0',
  PRIMARY KEY (`id`),
  KEY `settings_id_index` (`id`),
  KEY `settings_setting_category_id_index` (`setting_category_id`)
) ENGINE=InnoDB DEFAULT CHARSET=utf8 COLLATE=utf8_unicode_ci;

INSERT INTO `settings` (`id`, `created_at`, `updated_at`, `setting_category_id`, `name`, `value`, `label`, `description`, `is_active`, `display_order`, `plugin`, `is_front_end_access`) VALUES
(1,	'2016-05-13 05:38:13',	'2016-08-08 10:04:28',	1,	'SITE_NAME',	'On Demand Service Marketplace',	'Site Name',	'This name will be used in all pages, emails.',	1,	1,	NULL,	1),
(2,	'2016-05-13 05:38:13',	'2016-05-13 05:38:13',	1,	'SITE_VERSION',	'v1.0a.01',	'Site Version',	'This is current site version.',	1,	2,	NULL,	1),
(3,	'2016-05-13 05:38:13',	'2016-08-10 12:47:33',	1,	'SITE_DAFAULT_LANGUAGE',	'en',	'Site Dafault Language',	'This is default language to be used in all pages throughout site.',	1,	3,	NULL,	1),
(4,	'2016-05-13 05:38:13',	'2016-08-02 12:34:44',	1,	'SITE_CURRENCY_CODE',	'USD',	'Currency Code',	'The selected currency will be used in site to display as default currency in all pages. (Replaced with user selected currency)',	1,	4,	NULL,	1),
(5,	'2016-05-13 05:38:13',	'2016-07-29 09:22:01',	1,	'SITE_CONTACT_EMAIL',	'productdemo.admin@gmail.com',	'Contact Email Address',	'This is the email address to which you will receive the mail from contact form.',	1,	10,	NULL,	0),
(6,	'2016-05-13 05:38:13',	'2016-07-29 09:21:56',	1,	'SITE_REPLY_TO_EMAIL',	'',	'Reply Email Address',	'\"Reply-To\" email header for all emails. Leave it empty to receive replies as usual (to \"From\" email address).',	1,	6,	NULL,	0),
(7,	'2016-05-13 05:38:13',	'2016-07-29 09:21:46',	1,	'SITE_FROM_EMAIL',	'productdemo.admin@gmail.com',	'From Email Address',	'This is the email address that will appear in the \"From\" field of all emails sent from the site.',	1,	7,	NULL,	0),
(8,	'2016-05-13 05:38:13',	'2016-05-13 05:38:13',	2,	'META_KEYWORDS',	'Agriya, AgriyaBase, Ahsan',	'Meta keywords',	'These are the keywords used for improving search engine results of our site. (Comma separated for multiple keywords.)',	1,	1,	NULL,	1),
(9,	'2016-05-13 05:38:13',	'2016-05-13 05:38:13',	2,	'META_DESCRIPTION',	'AgriyaBase',	'Mets description',	'This is the short description of your site, used by search engines on search result pages to display preview snippets for a given page.',	1,	2,	NULL,	1),
(10,	'2016-05-13 05:38:14',	'2016-08-02 12:35:45',	2,	'SITE_ROBOTS',	'robot txts are missing.',	'Robots',	'Content for robots.txt; (search engine) robots specific instructions. Refer,http://www.robotstxt.org/ for syntax and usage.',	1,	3,	NULL,	0),
(18,	'2016-05-13 05:38:14',	'2016-07-03 14:24:44',	4,	'FOLLOW_FACEBOOK_URL',	'https://www.facebook.com/agriya/',	'Facebook URL',	'Facebook url of site.',	1,	1,	NULL,	1),
(19,	'2016-05-13 05:38:14',	'2016-05-13 05:38:14',	4,	'FOLLOW_GOOGLE_PLUS_URL',	'https://plus.google.com/+AgriyaNews',	'Google Plus URL',	'Google plus url of site.',	1,	2,	NULL,	1),
(20,	'2016-05-13 05:38:14',	'2016-05-13 05:38:14',	4,	'FOLLOW_LINKEDIN_URL',	'https://www.linkedin.com/company/agriya',	'LinkedIn URL',	'LinkedIn url of site.',	1,	3,	NULL,	1),
(21,	'2016-05-13 05:38:14',	'2016-08-12 10:38:45',	4,	'FOLLOW_FOURSQUARE_URL',	'http://www.foursquare.com',	'Foursquare URL',	'Foursquare url of site.',	1,	4,	NULL,	1),
(22,	'2016-05-13 05:38:14',	'2016-08-12 10:39:01',	4,	'FOLLOW_PINTEREST_URL',	'http://www.Pinterest.com',	'Pinterest URL',	'Pinterest url of site.',	1,	5,	NULL,	1),
(23,	'2016-05-13 05:38:14',	'2016-08-12 10:39:25',	4,	'FOLLOW_FLICKR_URL',	'http://www.Flickr.com',	'Flickr URL',	'Flickr url of site.',	1,	6,	NULL,	1),
(24,	'2016-05-13 05:38:14',	'2016-08-12 10:39:41',	4,	'FOLLOW_INSTAGRAM_URL',	'http://www.Instagram.com',	'Instagram URL',	'Instagram url of site.',	1,	7,	NULL,	1),
(25,	'2016-05-13 05:38:14',	'2016-08-12 10:40:19',	4,	'FOLLOW_TUMBLR_URL',	'http://www.tumblr.com',	'Tumblr URL',	'Tumblr url of site.',	1,	8,	NULL,	1),
(26,	'2016-05-13 05:38:14',	'2016-08-12 10:40:46',	4,	'FOLLOW_YOUTUBE_URL',	'http://www.youtube.com',	'YouTube URL',	'YouTube url of site.',	1,	9,	NULL,	1),
(27,	'2016-05-13 05:38:14',	'2016-08-12 10:44:17',	4,	'FOLLOW_VIMEO_URL',	'http://www.vimeo.com',	'Vimeo URL',	'Vimeo url of site.',	1,	10,	NULL,	1),
(28,	'2016-05-13 05:38:14',	'2016-08-12 10:16:45',	4,	'FOLLOW_TWITTER_URL',	'https://twitter.com/agriya',	'Twitter URL',	'Twitter url of site.',	1,	11,	NULL,	1),
(29,	'2016-05-13 05:38:14',	'2016-08-12 05:22:52',	5,	'USER_IS_ADMIN_ACTIVATE_AFTER_REGISTER',	'0',	'Enable Administrator Approval After Registration',	'On enabling this feature, admin need to approve each user after registration (User cannot login until admin approves)',	1,	1,	NULL,	0),
(30,	'2016-05-13 05:38:14',	'2016-06-25 16:45:43',	5,	'USER_IS_EMAIL_VERIFICATION_FOR_REGISTER',	'0',	'Enable Email Verification After Registration',	'On enabling this feature, user need to verify their email address provided during registration. (User cannot login until email address is verified)',	1,	2,	NULL,	0),
(31,	'2016-05-13 05:38:14',	'2016-08-12 10:17:58',	5,	'USER_IS_AUTO_LOGIN_AFTER_REGISTER',	'1',	'Enable Auto Login After Registration',	'On enabling this feature, users will be automatically logged-in after registration. (Only when Email Verification and Admin Approval is disabled)',	1,	3,	NULL,	0),
(32,	'2016-05-13 05:38:14',	'2016-05-13 05:38:14',	5,	'USER_IS_ADMIN_MAIL_AFTER_REGISTER',	'1',	'Enable Notify Administrator on Each Registration',	'On enabling this feature, notification mail will be sent to administrator on each registration.',	1,	4,	NULL,	0),
(33,	'2016-05-13 05:38:14',	'2016-07-03 14:27:49',	5,	'USER_IS_WELCOME_MAIL_AFTER_REGISTER',	'1',	'Enable Sending Welcome Mail After Registration	',	'On enabling this feature, users will receive a welcome mail after registration.',	1,	5,	NULL,	0),
(34,	'2016-05-13 05:38:14',	'2016-05-13 05:38:14',	5,	'USER_IS_ALLOW_USER_TO_SWITCH_LANGUAGE',	'1',	'Enable User to Switch Language',	'On enabling this feature, users can change site language to their choice.',	1,	6,	NULL,	1),
(37,	'2016-05-13 05:38:15',	'2016-05-13 05:38:15',	7,	'USER_MINIMUM_WITHDRAW_AMOUNT',	'2',	'Minimum Wallet Withdrawal Amount',	'This is the minimum amount a user can withdraw from their wallet.',	1,	1,	NULL,	1),
(38,	'2016-05-13 05:38:15',	'2016-05-13 05:38:15',	7,	'USER_MAXIMUM_WITHDRAW_AMOUNT',	'1000',	'Maximum Wallet Withdrawal Amount',	'This is the maximum amount a user can withdraw from their wallet.',	1,	2,	NULL,	1),
(54,	'2016-05-13 05:38:15',	'2016-05-13 05:38:15',	9,	'ANDROID_APP_STORE_ID',	'',	'Android App Store ID',	'This is the App store ID used for Android App',	1,	1,	'Mobile',	1),
(55,	'2016-05-13 05:38:15',	'2016-05-13 05:38:15',	9,	'IOS_APP_STORE_ID',	'',	'iOS App Store ID',	'This is the App store ID used for iOS App',	1,	2,	'Mobile',	1),
(56,	'2016-05-13 05:38:15',	'2016-05-13 05:38:15',	9,	'IPAD_APP_STORE_ID',	'',	'iPad App Store ID',	'This is the App store ID used for iPad App',	1,	3,	'Mobile',	0),
(57,	'2016-05-13 05:38:15',	'2016-05-13 05:38:15',	9,	'WINDOWS_PHONE_APP_ID',	'',	'Windows Phone App ID',	'This is the App ID used for Windows Phone App',	1,	4,	'Mobile',	0),
(58,	'2016-05-13 05:38:15',	'2016-05-13 05:38:15',	9,	'SCHEME_NAME',	'',	'Scheme Name',	'This is the Scheme Name used in deep link tags',	1,	5,	'Mobile',	1),
(59,	'2016-05-13 05:38:15',	'2016-07-29 15:36:08',	10,	'CAPTCHA_SITE_KEY',	'6LdNTiYTAAAAAH6iaF5nfY7Dw5ilKuZevSugcZeO',	'Captcha Site Key',	'Captcha Site Key.',	1,	1,	'Captcha',	0),
(60,	'2016-05-13 05:38:15',	'2016-07-29 15:36:16',	10,	'CAPTCHA_SECRET_KEY',	'6LdNTiYTAAAAAHD2XPwR__dqZ7tWHDP3RvgcDkXC',	'Captcha Secret Key',	'Captcha Secret Key.',	1,	2,	'Captcha',	0),
(61,	'2016-05-13 05:38:15',	'2016-08-01 13:06:40',	11,	'BANNER_ALL_PAGE_TOP',	'<a href=\"http://www.crossref.org/crossmark/?md728x90\"><img src=\"http://www.crossref.org/crossmark/banners/md728x90.jpg\" alt=\"CrossMark Web Banner\" width=\"728\" height=\"90\" border=\"0\" /></a>',	'Banner All Page Top',	'Banner for all page top in the site.',	1,	1,	'Banner',	0),
(62,	'2016-05-13 05:38:15',	'2016-08-01 13:07:07',	11,	'BANNER_ALL_PAGE_BOTTOM',	'<a href=\"http://www.crossref.org/crossmark/?md728x90\"><img src=\"http://www.crossref.org/crossmark/banners/md728x90.jpg\" alt=\"CrossMark Web Banner\" width=\"728\" height=\"90\" border=\"0\"/></a>',	'Banner All Page Bottom',	'Banner for all page bottom in the site.',	1,	2,	'Banner',	0),
(63,	'2016-05-13 05:38:15',	'2016-08-12 13:38:09',	0,	'SITE_ENABLED_PLUGINS',	'ListingFavorites/ListingFavorites,Translations/Translations,Withdrawal/Withdrawal,PayPal/PayPal,Review/Review,CancellationPolicies/CancellationPolicies,OnlineAssessment/OnlineAssessment,Referral/Referral,SMS/SMS,PaymentBooking/PaymentBooking,ProUser/ProUser,TopUser/TopUser,SaveSearchAndNotify/SaveSearchAndNotify,Mailchimp/Mailchimp,BlockedUser/BlockedUser,Request/Request,Interview/Interview',	'Enabled Plugins',	'Enabled Plugins list in comma separater',	1,	1,	NULL,	1),
(78,	'2016-06-10 06:08:14',	'2016-08-01 13:21:10',	17,	'SITE_TIMEFORMAT',	'12',	'Time Format',	'Change the Site Time Format 12 or 24',	1,	1,	'Timeformat',	0),
(83,	'2016-06-08 19:08:14',	'2016-06-28 01:43:58',	16,	'SMS_GATEWAY_TOKEN',	'',	'SMS Gateway Auth Token',	'SMS Gateway Auth Token used to send the SMS',	1,	1,	NULL,	0),
(84,	'2016-06-09 00:38:14',	'2016-06-28 07:13:58',	21,	'IPHONE_PEM_FILE_NAME',	'agriyaTest.pem',	'Pem File Name',	'For Manage the Pemfile Certification.',	1,	1,	NULL,	0),
(86,	'2016-05-13 00:08:13',	'2016-08-12 10:13:24',	1,	'SITE_CONTACT_NUMBER',	'(1234) 123-1234',	'Contact Phone Number',	'This is the contact number that will appear in the Homepage.',	1,	8,	NULL,	1),
(88,	'2017-10-13 10:28:09',	'2017-10-13 10:28:09',	23,	'BOOKING_EXPIRING_HOURS',	'24',	'Booking Expiring Hours',	'Booking will we expired after mentioned hours if service provider not respond. leave it blank for no expiring (hrs)',	1,	1,	'PaymentBooking/PaymentBooking',	1),
(89,	'2017-10-13 10:28:09',	'2017-10-13 10:28:09',	24,	'AFFILIATE_EXPIRE_TIME',	'48',	'Referral Expire Time',	'Anyone comes through affiliates link, we will keep the cookie of referrer this mentioned hours. Leave it blank for no limitation',	1,	1,	NULL,	1),
(90,	'2017-10-13 10:28:09',	'2017-10-13 10:28:09',	24,	'AFFILIATE_REFERRAL_AMOUNT_FOR_AFFILIATE',	'10',	'Referral Amount',	'Referral Amount',	1,	2,	NULL,	1),
(91,	'2017-10-13 10:28:09',	'2017-10-13 10:28:09',	24,	'AFFILIATE_REFERRAL_AMOUNT_NEW_USER',	'10',	'Referral Amount for new user',	'Referral Amount for new user',	1,	3,	NULL,	1),
(92,	'2017-10-13 12:00:31',	'2017-10-13 12:00:31',	16,	'SMS_MOBILE_NUMBER_VERIFICATION',	'Your OTP code for mobile number verification is ##OTP## for ##SITE_NAME##.',	'SMS Mobile Number Verification',	'we will send this message via SMS, when\r\nuser register the site for mobile verificaton form. And other contants variables are ##SITE_NAME##, ##OTP##, ##FIRST_NAME##, ##LAST_NAME##',	1,	1,	NULL,	0),
(93,	'2017-10-13 12:01:28',	'2017-10-13 12:01:28',	16,	'SMS_PATIENT_NEW_APPOINTMENT_REQUEST',	'Dear ##USERNAME##, We have received your request. Wait for Dokora if your reservation confirmed. Thank You, ##SITE_NAME## team.',	'Patient New Appointment Request',	'we will send this message via SMS, when\r\nuser requesting the Doctor Appointment.',	1,	2,	NULL,	0),
(94,	'2017-10-13 12:02:25',	'2017-10-13 12:02:25',	16,	'SMS_ALERT_NEW_APPOINTMENT_REQUEST_TO_DOCTOR',	'<p>Dear ##DOCTOR_USERNAME##, created reservation. Please look at your schedule and confirm or cancel the appointment.  Thank You, ##SITE_NAME## team.</p>',	'Alert New Appointment Request to Doctor',	'we will send this message via SMS, when\r\npatient requesting the Doctor Appointment Alert.',	1,	3,	NULL,	0),
(95,	'2017-10-13 12:05:06',	'2017-10-13 12:05:06',	16,	'SMS_ALERT_DOCTOR_APPOINTMENT_APPROVED_TO_PATIENT',	'Dear ##USERNAME##, physician received and approved your desired appointment. Thank You, ##SITE_NAME team.',	'Alert Doctor Appointment Approved to Patient',	'we will send this message via SMS, when\r\ndoctor approved that patient appointment.',	1,	4,	NULL,	0),
(96,	'2017-10-13 12:05:46',	'2017-10-13 12:05:46',	16,	'SMS_ALERT_DOCTORPPOINTMENT DECLINED TO PATIENT',	'Dear ##USERNAME##, We have received your request to reserve the term. The term was rejected by a doctor. Within 24 h, you should have a doctor give a reason. Thank you for your understanding. Thank You, ##SITE_NAME team.',	'Alert Doctor Appointment Declined to Patient',	'we will send this message via SMS, when\r\ndoctor declined that patient appointment.',	1,	5,	NULL,	0),
(97,	'2017-10-13 12:06:37',	'2017-10-13 12:06:37',	16,	'SMS_ALERT_DOCTOR_APPOINTMENT_DECLINED_TO_PATIENT',	'Dear ##USERNAME##, We have received your request to reserve the term. The term was rejected by a doctor. Within 24 h, you should have a doctor give a reason. Thank you for your understanding. Thank You, ##SITE_NAME team.',	'Alert Doctor Appointment Declined to Patient',	'we will send this message via SMS, when\r\ndoctor declined that patient appointment.',	1,	5,	NULL,	0),
(98,	'2017-10-13 12:07:35',	'2017-10-13 12:07:35',	16,	'SMS_ALERT_DOCTOR_APPOINTMENT_CANCELED_TO_PATIENT',	'Dear ##USERNAME##, doctor canceled your reservation request. Doctor you as soon as possible, state the reasons. Thank you for your understanding. Thank You, ##SITE_NAME## team.',	'Alert Doctor Appointment Canceled to Patient',	'we will send this message via SMS, when\r\ndoctor canceled that patient appointment.',	1,	6,	NULL,	0),
(100,	'2017-11-23 06:37:20',	'2017-11-23 06:37:20',	7,	'WITHDRAW_REQUEST_FEE',	'0',	'Withdraw Request Fee',	'withdraw request fee',	1,	3,	NULL,	1),
(101,	'2017-11-23 06:37:20',	'2017-11-23 06:37:20',	7,	'WITHDRAW_REQUEST_FEE_TYPE',	'Percentage',	'Fee Type',	'Type of withdraw request',	1,	4,	NULL,	1),
(102,	'2016-06-09 00:38:14',	'2016-06-28 07:13:58',	21,	'IPHONE_PEM_PASSWORD',	'agriya',	'Pem Password',	'For Manage the Pemfile Certification.',	1,	1,	NULL,	0),
(105,	'2016-06-09 00:38:14',	'2016-06-28 07:13:58',	21,	'ANDROID_API_ACCESS_KEY',	'agriya',	'android api access key',	'android api access key',	1,	2,	NULL,	0),
(106,	'2017-11-23 06:38:26',	'2017-11-23 06:38:26',	0,	'SITE_HELP_LINK',	'',	'Site Help Link',	'Site Help Link',	1,	9,	NULL,	1),
(109,	'2017-11-23 06:38:33',	'2017-11-23 06:38:33',	23,	'ENABLE_AUTO_APPROVAL_FOR_LISTING',	'1\r\n',	'Enabel auto approval for User Listing',	'On enabling this feature, the users  will not be able to display the frontend until the Admin (that will be you) approves their user',	1,	1,	'PaymentBooking/PaymentBooking',	1),
(110,	'2017-11-13 07:35:27',	'2017-11-13 07:35:27',	0,	'ALLOWED_SERVICE_LOCATIONS',	'',	'Allowed Service Locations',	'Allowed Service Locations',	1,	0,	NULL,	1),
(111,	'2017-11-23 06:39:03',	'2017-11-23 06:39:03',	24,	'AFFILIATE_AMOUNT_REFUND_WHEN_APPOINTMENT_EXPIRE',	'1',	'AFFILIATE AMOUNT REFUND WHEN APPOINTMENT_EXPIRE',	'',	1,	3,	NULL,	1),
(112,	'2017-11-23 06:39:12',	'2017-11-23 06:39:12',	16,	'SMS_FOR_NEW_ENQUIRY_TO_SERVICE_PROVIDER',	'You have new service request from ##REQUESTOR_NAME##.',	'SMS For New Enquiry To Service Provider',	'We will send this sms to service provide when he enquired. And other contants variables are ##SITE_NAME##, ##REQUESTOR_FIRST_NAME##, ##REQUESTOR_LAST_NAME##, ##SERVICE_PROVIDER_FIRST_NAME##, ##SERVICE_PROVIDER_LAST_NAME##, ##SERVICE_NAME##',	1,	7,	NULL,	0),
(113,	'2017-11-23 06:39:12',	'2017-11-23 06:39:12',	16,	'SMS_FOR_NEW_MESSAGE_RECEIVED',	'You have new message received in ##SITE_NAME##.',	'SMS For New Message Received',	'We will send this SMS when new message is received for users. And other constants variables are ##SITE_NAME##, ##RECEIVER_FIRST_NAME##, ##RECEIVER_LAST_NAME##, ##SENDER_FIRST_NAME##, ##SENDER_LAST_NAME##',	1,	8,	NULL,	0),
(114,	'2017-11-23 06:39:12',	'2017-11-23 06:39:12',	16,	'SMS_FOR_NEW_BOOKING',	'You have new booking in ##SITE_NAME##.',	'SMS For New Booking',	'We will send this SMS when requester is booked for appointment. And other contants variables are ##SITE_NAME##, ##REQUESTOR_FIRST_NAME##, ##REQUESTOR_LAST_NAME##, ##SERVICE_PROVIDER_FIRST_NAME##, ##SERVICE_PROVIDER_LAST_NAME##, ##SERVICE_NAME##, ##APPOINTMENT_DATE##',	1,	9,	NULL,	0),
(115,	'2017-11-23 06:39:12',	'2017-11-23 06:39:12',	16,	'SMS_FOR_BOOKING_ACCEPTED_BY_SERVICE_PROVIDER',	'Your booking is accepted in ##SITE_NAME##.',	'SMS For Booking Accepted By Service Provider',	'We will send this SMS when Service Provider accepted booking. And other constants variables are  ##SITE_NAME##, ##REQUESTOR_FIRST_NAME##, ##REQUESTOR_LAST_NAME##, ##SERVICE_PROVIDER_FIRST_NAME##, ##SERVICE_PROVIDER_LAST_NAME##, ##SERVICE_NAME##, ##APPOINTMENT_DATE##',	1,	10,	NULL,	0),
(116,	'2017-11-23 06:39:12',	'2017-11-23 06:39:12',	16,	'SMS_FOR_PAID_AND_BOOKING_CONFIRMED_BY_REQUESTER',	'##REQUESTOR_FIRST_NAME##, ##REQUESTOR_LAST_NAME## accepted you response for a booking enquiry.',	'SMS For Paid And Booking Confirmed By Requestor',	'We will send this SMS when Requester Paid and Booking is confirmed. And other constants variables are ##SITE_NAME##, ##REQUESTOR_FIRST_NAME##, ##REQUESTOR_LAST_NAME##, ##SERVICE_PROVIDER_FIRST_NAME##, ##SERVICE_PROVIDER_LAST_NAME##, ##SERVICE_NAME##, ##APPOINTMENT_DATE##',	1,	11,	NULL,	0),
(117,	'2017-11-23 06:39:12',	'2017-11-23 06:39:12',	16,	'SMS_FOR_TASK_MARKED_AS_INPROGRESS_BY_SERVICE_PROVIDER',	'##SERVICE_PROVIDER_FIRST_NAME##, ##SERVICE_PROVIDER_LAST_NAME## starts the task in ##SITE_NAME##.',	'SMS For Task Marked As Inprogress by Service provider',	'We will send this SMS when Service Provider marked his task as Inprogress. And other constants variables are ##SITE_NAME##, ##REQUESTOR_FIRST_NAME##, ##REQUESTOR_LAST_NAME##, ##SERVICE_PROVIDER_FIRST_NAME##, ##SERVICE_PROVIDER_LAST_NAME##, ##SERVICE_NAME##, ##APPOINTMENT_DATE##',	1,	12,	NULL,	0),
(118,	'2017-11-23 06:39:12',	'2017-11-23 06:39:12',	16,	'SMS_FOR_TASK_MARKED_AS_COMPLETED_BY_SERVICE_PROVIDER',	'##SERVICE_PROVIDER_FIRST_NAME##, ##SERVICE_PROVIDER_LAST_NAME## marked as completed the task in ##SITE_NAME##. Please verify and close it.',	'SMS For Task Marked as Completed by Service Provider',	'We will send this SMS when Service Provider marked his task as Completed. And other Constants variables are ##SITE_NAME##, ##REQUESTOR_FIRST_NAME##, ##REQUESTOR_LAST_NAME##, ##SERVICE_PROVIDER_FIRST_NAME##, ##SERVICE_PROVIDER_LAST_NAME##, ##SERVICE_NAME##, ##APPOINTMENT_DATE##',	1,	13,	NULL,	0),
(119,	'2017-11-23 06:39:12',	'2017-11-23 06:39:12',	16,	'SMS_FOR_REVIEW_POSTED_BY_REQUESTOR',	'##REQUESTOR_FIRST_NAME##, ##REQUESTOR_LAST_NAME## update review for your work on ##SITE_NAME##',	'SMS For Review Posted By Requester',	'We will send this SMS For Review Posted By Requester. And other constants are ##SITE_NAME##, ##REQUESTOR_FIRST_NAME##, ##REQUESTOR_LAST_NAME##, ##SERVICE_PROVIDER_FIRST_NAME##, ##SERVICE_PROVIDER_LAST_NAME##, ##SERVICE_NAME##, ##APPOINTMENT_DATE##',	1,	14,	NULL,	0),
(120,	'2017-11-23 06:39:12',	'2017-11-23 06:39:12',	16,	'SMS_FOR_AMOUNT_RECEIVED_TO_SERVICE_PROVIDER',	'Your revenue amount credited in your ##SITE_NAME## wallet for the booking of ##REQUESTOR_FIRST_NAME##, ##REQUESTOR_LAST_NAME##.',	'SMS For Amount Received To Service Provider',	'We will send this SMS when Amount received to service provider. And other constants variables are ##SITE_NAME##, ##REQUESTOR_FIRST_NAME##, ##REQUESTOR_LAST_NAME##, ##SERVICE_PROVIDER_FIRST_NAME##, ##SERVICE_PROVIDER_LAST_NAME##, ##SERVICE_NAME##, ##APPOINTMENT_DATE##',	1,	15,	NULL,	0),
(121,	'2017-11-23 06:39:12',	'2017-11-23 06:39:12',	16,	'SMS_FOR_TASK_MARKED_AS_CLOSED_BY_REQUESTOR',	'##REQUESTOR_FIRST_NAME##, ##REQUESTOR_LAST_NAME## accepted your work completion and closed.',	'SMS For Task Marked As Closed By Requester',	'We will send this SMS when Task marked as closed by Requester. And other variables are ##SITE_NAME##, ##REQUESTOR_FIRST_NAME##, ##REQUESTOR_LAST_NAME##, ##SERVICE_PROVIDER_FIRST_NAME##, ##SERVICE_PROVIDER_LAST_NAME##, ##SERVICE_NAME##, ##APPOINTMENT_DATE##',	1,	16,	NULL,	0),
(122,	'2017-11-23 06:39:12',	'2017-11-23 06:39:12',	21,	'IS_SITE_ENABLED_PUSH_NOTIFICATION',	'0',	'Is Site Enabled Push Notification',	'This Setting used enable push notification service',	1,	5,	NULL,	1),
(123,	'2017-11-23 06:39:12',	'2017-11-23 06:39:12',	21,	'PUSH_NOTIFICATION_FOR_NEW_ENQUIRY_TO_SERVICE_PROVIDER',	'You have new service request from ##REQUESTOR_NAME##.',	'Push Notification For New Enquiry to Service Provider',	'We will send this Push Notification when Service provider received Enquiry. And other constant variables are ##SITE_NAME##, ##REQUESTOR_FIRST_NAME##, ##REQUESTOR_LAST_NAME##, ##SERVICE_PROVIDER_FIRST_NAME##, ##SERVICE_PROVIDER_LAST_NAME##, ##SERVICE_NAME## ',	1,	6,	NULL,	0),
(124,	'2017-11-23 06:39:12',	'2017-11-23 06:39:12',	21,	'PUSH_NOTIFICATION_FOR_NEW_BOOKING',	'You have new booking in ##SITE_NAME##.',	'Push Notification For New Booking',	'We will send this push notification when Requestor booking new appointment. And other constant variables are ##SITE_NAME##, ##REQUESTOR_FIRST_NAME##, ##REQUESTOR_LAST_NAME##, ##SERVICE_PROVIDER_FIRST_NAME##, ##SERVICE_PROVIDER_LAST_NAME##, ##SERVICE_NAME##, ##APPOINTMENT_DATE##',	1,	7,	NULL,	0),
(125,	'2017-11-23 06:39:12',	'2017-11-23 06:39:12',	21,	'PUSH_NOTIFICATION_FOR_BOOKING_ACCEPTED_BY_SERVICE_PROVIDER',	'Your booking is accepted in ##SITE_NAME##.',	'Push Notification For Booking Accepted by Service Provider',	'We will send this Push Notification when Booking accepted by service provider. And other constants variables are  ##SITE_NAME##, ##REQUESTOR_FIRST_NAME##, ##REQUESTOR_LAST_NAME##, ##SERVICE_PROVIDER_FIRST_NAME##, ##SERVICE_PROVIDER_LAST_NAME##, ##SERVICE_NAME##, ##APPOINTMENT_DATE##',	1,	8,	NULL,	0),
(126,	'2017-11-23 06:39:12',	'2017-11-23 06:39:12',	21,	'PUSH_NOTIFICATION_FOR_PAID_AND_BOOKING_CONFIRMED_BY_REQUESTOR',	'##REQUESTOR_FIRST_NAME##, ##REQUESTOR_LAST_NAME## accepted you response for a booking enquiry.',	'Push Notification For Paid And Booking Confirmed By Requestor',	'We will send this push notification when Requestor paid and Booking confirmed. And other constant variables are ##SITE_NAME##, ##REQUESTOR_FIRST_NAME##, ##REQUESTOR_LAST_NAME##, ##SERVICE_PROVIDER_FIRST_NAME##, ##SERVICE_PROVIDER_LAST_NAME##, ##SERVICE_NAME##, ##APPOINTMENT_DATE##',	1,	9,	NULL,	0),
(127,	'2017-11-23 06:39:12',	'2017-11-23 06:39:12',	21,	'PUSH_NOTIFICATION_FOR_TASK_MARKED_AS_INPROGRESS_BY_SERVICE_PROVIDER',	'##SERVICE_PROVIDER_FIRST_NAME##, ##SERVICE_PROVIDER_LAST_NAME## starts the task in ##SITE_NAME##.',	'Push Notification For Task Marked as InProgress by Service Provider',	'We will send this Push notification when Task Marked as InProgress by Service Provider. And other constants variables are ##SITE_NAME##, ##REQUESTOR_FIRST_NAME##, ##REQUESTOR_LAST_NAME##, ##SERVICE_PROVIDER_FIRST_NAME##, ##SERVICE_PROVIDER_LAST_NAME##, ##SERVICE_NAME##, ##APPOINTMENT_DATE##',	1,	10,	NULL,	0),
(128,	'2017-11-23 06:39:12',	'2017-11-23 06:39:12',	21,	'PUSH_NOTIFICATION_FOR_TASK_MARKED_AS_COMPLETED_BY_SERVICE_PROVIDER',	'##SERVICE_PROVIDER_FIRST_NAME##, ##SERVICE_PROVIDER_LAST_NAME## marked as completed the task in ##SITE_NAME##. Please verify and close it.',	'Push Notification For Task Marked as Completed by Service Provider',	'We will send this Push notification when Task Marked as Completed by Service Provider. And other constants variables are ##SITE_NAME##, ##REQUESTOR_FIRST_NAME##, ##REQUESTOR_LAST_NAME##, ##SERVICE_PROVIDER_FIRST_NAME##, ##SERVICE_PROVIDER_LAST_NAME##, ##SERVICE_NAME##, ##APPOINTMENT_DATE##',	1,	11,	NULL,	0),
(129,	'2017-11-23 06:39:12',	'2017-11-23 06:39:12',	21,	'PUSH_NOTIFICATION_FOR_TASK_MARKED_AS_CLOSED_BY_REQUESTOR',	'##REQUESTOR_FIRST_NAME##, ##REQUESTOR_LAST_NAME## accepted your work completion and closed.',	'Push Notification For Task Marked as closed by Requestor',	'We will send this push notification when Task Marked as closed by Requestor. And other constants variables are ##SITE_NAME##, ##REQUESTOR_FIRST_NAME##, ##REQUESTOR_LAST_NAME##, ##SERVICE_PROVIDER_FIRST_NAME##, ##SERVICE_PROVIDER_LAST_NAME##, ##SERVICE_NAME##, ##APPOINTMENT_DATE##',	1,	12,	NULL,	0),
(130,	'2017-11-23 06:39:12',	'2017-11-23 06:39:12',	21,	'PUSH_NOTIFICATION_FOR_REVIEW_POSTED_BY_REQUESTOR',	'##REQUESTOR_FIRST_NAME##, ##REQUESTOR_LAST_NAME## update review for your work on ##SITE_NAME##',	'Push Notification For Review Posted By Requestor',	'We will send this push notification when Review Posted By Requestor. And other constants variables are ##SITE_NAME##, ##REQUESTOR_FIRST_NAME##, ##REQUESTOR_LAST_NAME##, ##SERVICE_PROVIDER_FIRST_NAME##, ##SERVICE_PROVIDER_LAST_NAME##, ##SERVICE_NAME##, ##APPOINTMENT_DATE##',	1,	13,	NULL,	0),
(131,	'2017-11-23 06:39:12',	'2017-11-23 06:39:12',	21,	'PUSH_NOTIFICATION_FOR_AMOUNT_RECEIVED_TO_SERVICE_PROVIDER',	'Your revenue amount credited in your ##SITE_NAME## wallet for the booking of ##REQUESTOR_FIRST_NAME##, ##REQUESTOR_LAST_NAME##.',	'Push Notification For Amount Received to service provider',	'We will send this push notification when Amount Received to service provider. And other constants variables are ##SITE_NAME##, ##REQUESTOR_FIRST_NAME##, ##REQUESTOR_LAST_NAME##, ##SERVICE_PROVIDER_FIRST_NAME##, ##SERVICE_PROVIDER_LAST_NAME##, ##SERVICE_NAME##, ##APPOINTMENT_DATE##',	1,	14,	NULL,	0),
(132,	'2017-11-23 06:39:12',	'2017-11-23 06:39:12',	21,	'PUSH_NOTIFICATION_FOR_NEW_MESSAGE_RECEIVED',	'You have new message received in ##SITE_NAME##',	'Push Notification For New Message Received',	'We will send this push notification when  New Message Received. And other constants variables are ##SITE_NAME##, ##RECEIVER_FIRST_NAME##, ##RECEIVER_LAST_NAME##, ##SENDER_FIRST_NAME##, ##SENDER_LAST_NAME##',	1,	15,	NULL,	0),
(133,	'2017-11-23 06:39:14',	'2017-11-23 06:39:14',	16,	'SMS_ACCOUNT_SID',	'1',	'SMS Account SID',	'',	1,	17,	NULL,	0),
(134,	'2017-11-23 06:39:15',	'2017-11-23 06:39:15',	16,	'SMS_FROM_NUMBER',	'1234567890',	'SMS From Number',	'This SMS from number used when sending SMS ',	1,	18,	NULL,	0),
(135,	'2017-12-08 11:22:23',	'2017-12-08 11:22:23',	23,	'SITE_COMMISSION_FOR_BOOKING_FROM_SERVICE_PROVIDER',	'18',	'Commission Percentage from Service Provider',	' This is the commission percentage which will be taken from freelancer when booking amount release to service provider account. e.g., The booking amount is $100 and this commission is 18%, then freelancer will get $82. Set 0 or leave it blank for no commission from service provider.',	1,	3,	'PaymentBooking/PaymentBooking',	1),
(136,	'2017-12-08 11:22:23',	'2017-12-08 11:22:23',	23,	'AUTO_CLOSE_DAYS',	'2',	'Auto Close Days',	'Amount will credited to service provider wallet after marked as completed by Service provider and not responded by customer. Leave it blank for auto close off.',	1,	3,	'PaymentBooking/PaymentBooking',	1),
(137,	'2017-12-08 11:22:23',	'2017-12-08 11:22:23',	1,	'CURRENCY_SYMBOL',	'$',	'Site Currency Symbol',	'Site Currency symbol of PayPal Currency Code. eg. $ for USD',	1,	5,	NULL,	1),
(138,	'2017-12-08 11:22:25',	'2017-12-08 11:22:25',	21,	'IPHONE_IS_LIVE',	'1',	'iPhone live mode',	'This is the live mode of the site',	1,	16,	NULL,	0),
(139,	'2017-12-22 09:13:04',	'2017-12-22 09:13:04',	1,	'SITE_LANGUAGES',	'de,en,es,fr,ja,no,pt',	'Site Languages',	'These are the site\'s available languages. The user can select any one of the language in the site and seeing the site content by their selected language',	1,	11,	NULL,	1),
(140,	'2017-12-27 12:53:24',	'2017-12-27 12:53:24',	1,	'IS_ALLOW_TO_REGISTER_SERVICE_PROVIDER',	'1',	'Allow to Register Service Provider?',	'If 0 mean, no one can register as service provider from site.',	1,	12,	NULL,	1),
(141,	'2017-12-30 13:50:23',	'2017-12-30 13:50:23',	1,	'IS_ENABLED_CAPTCHA_FOR_LOGIN',	'0',	'Enable Captcha for login?',	'Set 1 for enabling captcha in login form otherwise set 0',	1,	13,	NULL,	1),
(142,	'2018-01-03 09:36:00',	'2018-01-03 09:36:00',	1,	'SITE_TIMEZONE',	'+0200',	'Site Timezone',	'This is the site timezone that will used for all the time displaying. text',	1,	11,	NULL,	1),
(143,	'2017-12-29 13:36:00',	'2017-12-29 13:36:00',	5,	'IS_ENABLED_SWITCH_ACCOUNT_TYPE',	'1',	'Allow to Switch Account Type',	'When enabling this, users can switch their account as Service Provider, or Customer or Both Service Provider and Customer',	1,	1,	NULL,	1),
(144,	'2017-12-29 13:36:00',	'2017-12-29 13:36:00',	0,	'SITE_COMMISSION_FOR_BOOKING_FROM_CUSTOMER',	'0',	'Commission Percentage From Customer',	'This is the commission percentage which will be taken from customer when booking amount',	1,	10,	NULL,	1),
(145,	'2018-01-09 07:48:09',	'2018-01-09 07:48:09',	25,	'PRO_ACCOUNT_FEE',	'500',	'PRO Account One Time Amount',	'Enter amount of PRO Account fee, leave it blank if any PRO account concept (not sure.. this is info or desc?)',	1,	1,	'ProUser/ProUser',	1),
(146,	'2018-01-09 07:48:09',	'2018-01-09 07:48:09',	25,	'PRO_ACCOUNT_AUTO_APPROVAL',	'1',	'Enabled Auto Approval\n',	'If set 1, service provider updated automatically as PRO when paid. set 0 admin should update as PRO after review. (not sure.. this is ',	1,	2,	'ProUser/ProUser',	1),
(147,	'2018-01-09 07:48:09',	'2018-01-09 07:48:09',	25,	'PRO_ACCOUNT_DISPLAY_ORDER',	'2',	'Display order in user search page',	'Depends on this number, Pro User will displayed in user search result (not sure.. this is info or desc?)',	1,	3,	'ProUser/ProUser',	1),
(148,	'2018-01-09 07:48:09',	'2018-01-09 07:48:09',	26,	'TOP_LISTED_ACCOUNT_FEE',	'400',	'Top Listed Account Fee',	'Enter amount of top listed account fee, leave it blank if any top listed account concept (not sure.. this is info or desc?)',	1,	1,	'TopUser/TopUser',	1),
(149,	'2018-01-09 07:48:09',	'2018-01-09 07:48:09',	26,	'TOP_LISTING_EXPIRY_DAYS',	'30',	'Top Listing Expiry Days',	'Top listing expires after this days from payment date. (not sure.. this is info or desc?)',	1,	2,	'TopUser/TopUser',	1),
(150,	'2018-01-09 07:48:09',	'2018-01-09 07:48:09',	26,	'TOP_LISTING_ACCOUNT_DISPLAY_ORDER',	'1',	'Display order in user search page',	'Depends on this number, Top listing users will displayed in user search result (not sure.. this is info or desc?)',	1,	3,	'TopUser/TopUser',	0),
(151,	'2017-11-23 06:39:12',	'2017-11-23 06:39:12',	21,	'PUSH_NOTIFICATION_FOR_NEW_INTEREST_RECEIVED',	'##SERVICE_PROVIDER_FIRSTNAME## ##SERVICE_PROVIDER_LASTNAME## made interest to work ##SERVICENAME## you posted.\r\n\r\nSee his calendar and book if the profile is good for you ##CALENDAR_URL##',	'Push Notification For New Interest Received',	'We will send this push notification when New Interest Received. And other constants variables are ##SITE_NAME##,  ##SERVICE_PROVIDER_FIRST_NAME##, ##SERVICE_PROVIDER_LAST_NAME##, ##CALENDAR_URL##,##SERVICENAME##,##USERNAME##',	1,	13,	'Request/Request',	0),
(152,	'2017-11-23 06:39:12',	'2017-11-23 06:39:12',	16,	'SMS_FOR_NEW_INTEREST_RECEIVED',	'##SERVICE_PROVIDER_FIRSTNAME## ##SERVICE_PROVIDER_LASTNAME## made interest to work ##SERVICENAME## you posted.\r\n\r\nSee his calendar and book if the profile is good for you ##CALENDAR_URL##',	'SMS For Task Marked As Closed By Requester',	'We will send this sms  when New Interest Received. And other constants variables are ##SITE_NAME##,  ##SERVICE_PROVIDER_FIRST_NAME##, ##SERVICE_PROVIDER_LAST_NAME##, ##CALENDAR_URL##,##SERVICENAME##,##USERNAME##',	1,	17,	'Request/Request',	0),
(153,	'2017-11-23 06:39:12',	'2017-11-23 06:39:12',	21,	'PUSH_NOTIFICATION_FOR_NEW_LISTING_PUBLISHED',	'New service listing for ##SERVICE_NAME## in your area. See the profile: ##CALENDAR_URL##',	'Push Notification For New Listing published',	'We will send this push notification when New listing published. And other constants variables are ##SITE_NAME##, ##CALENDAR_URL##,##SERVICENAME##,##USERNAME##',	1,	14,	'',	0),
(154,	'2017-11-23 06:39:12',	'2017-11-23 06:39:12',	16,	'SMS_FOR_NEW_LISTING_PUBLISHED',	'New service listing for ##SERVICE_NAME## in your area. See the profile: ##CALENDAR_URL##',	'SMS For new Listing published',	'We will send this sms  when New Listing published. And other constants variables are ##SITE_NAME##, ##CALENDAR_URL##,##SERVICENAME##,##USERNAME##',	1,	18,	'',	0),
(155,	'2018-01-27 07:48:09',	'2018-01-27 07:48:09',	27,	'MAILCHIMP_API_KEY',	'19730941aeca6508dd68d9f3db2d59ac-us17',	'Mailchimp Api Key',	'',	1,	1,	'Mailchimp/Mailchimp',	0),
(156,	'2018-01-27 07:48:09',	'2018-01-27 07:48:09',	27,	'CUSTOMER_LISTING_ID',	'0271b01c6a',	'Mailchimp Api Key',	'',	1,	2,	'Mailchimp/Mailchimp',	0),
(157,	'2018-01-27 07:48:09',	'2018-01-27 07:48:09',	27,	'SERVICE_PROVIDER_LISTING_ID',	'84167e6a3c',	'Mailchimp Api Key',	'',	1,	3,	'Mailchimp/Mailchimp',	0),
(158,	'2018-01-27 07:48:09',	'2018-01-27 07:48:09',	27,	'USER_LISTING_ID',	'7ac140db3c',	'Mailchimp Api Key',	'',	1,	4,	'Mailchimp/Mailchimp',	0),
(159,	'2018-02-10 03:04:04',	'2018-02-10 03:04:04',	28,	'SITE_COMMISSION_FOR_INTERVIEW_FROM_SERVICE_PROVIDER',	'50',	'Site Commission for interview from service provider',	'Site Commission for interview from service provider',	1,	1,	'Interview/Interview',	1),
(160,	'2018-02-10 03:04:04',	'2018-02-10 03:04:04',	28,	'SITE_COMMISSION_FOR_INTERVIEW_FROM_CUSTOMER',	'0',	'Site Commission for interview from customer',	'Site Commission for interview from customer',	1,	2,	'Interview/Interview',	1);

DROP TABLE IF EXISTS `setting_categories`;
CREATE TABLE `setting_categories` (
  `id` bigint(20) unsigned NOT NULL AUTO_INCREMENT,
  `created_at` timestamp NULL DEFAULT NULL,
  `updated_at` timestamp NULL DEFAULT NULL,
  `name` varchar(255) COLLATE utf8_unicode_ci NOT NULL,
  `description` text COLLATE utf8_unicode_ci NOT NULL,
  `display_order` int(11) NOT NULL,
  `is_active` tinyint(2) NOT NULL DEFAULT '1',
  `plugin` varchar(255) COLLATE utf8_unicode_ci DEFAULT NULL,
  PRIMARY KEY (`id`),
  KEY `setting_categories_id_index` (`id`)
) ENGINE=InnoDB DEFAULT CHARSET=utf8 COLLATE=utf8_unicode_ci;

INSERT INTO `setting_categories` (`id`, `created_at`, `updated_at`, `name`, `description`, `display_order`, `is_active`, `plugin`) VALUES
(1,	'2016-05-13 05:38:13',	'2016-05-13 05:38:13',	'System',	'Manage site name, currency details, language details, email controls.',	1,	1,	NULL),
(2,	'2016-05-13 05:38:13',	'2016-05-13 05:38:13',	'SEO',	'Manage content, meta data and other information relevant to browsers or search engines',	2,	1,	NULL),
(4,	'2016-05-13 05:38:13',	'2016-05-13 05:38:13',	'Follow Us',	'manage site\'s social network links. Enter full URL, Leave it blank if not available.',	4,	1,	NULL),
(5,	'2016-05-13 05:38:13',	'2016-05-13 05:38:13',	'Account',	'Manage account settings such as admin approval, email verification, and other site account settings.',	5,	1,	NULL),
(7,	'2016-05-13 05:38:13',	'2016-05-13 05:38:13',	'Withdrawal',	'Manage cash withdraw settings for a user such as enabling withdrawal and setting withdraw limit.',	7,	1,	NULL),
(9,	'2016-05-13 05:38:13',	'2016-05-13 05:38:13',	'Mobile',	'Manage all App Store ID.',	9,	0,	NULL),
(10,	'2016-05-13 05:38:13',	'2016-05-13 05:38:13',	'Captcha',	'Captchas are meant to protect your website from spam and abuse.',	10,	0,	NULL),
(11,	'2016-05-13 05:38:13',	'2016-05-13 05:38:13',	'Banner',	'Banner for all page bottom, all page top, profile page sidebar.',	11,	0,	NULL),
(16,	'2016-06-09 05:38:13',	'2016-06-09 05:38:13',	'SMS',	'Manage SMS Gateway settings',	16,	1,	'SMS/SMS'),
(17,	'2016-06-10 05:38:13',	'2016-06-10 05:38:13',	'Timeformat',	'Manage Site Time Format here 12 Hrs or 24 Hrs',	17,	0,	NULL),
(21,	'2016-06-10 07:38:13',	'2016-06-10 05:38:13',	'Push Notification Settings',	'For Manage Android and IOS Push Notification Settings',	21,	1,	NULL),
(23,	'2017-10-13 10:28:09',	'2017-10-13 10:28:09',	'Booking',	'Manage Booking related settings.',	23,	1,	'PaymentBooking/PaymentBooking'),
(24,	'2017-10-13 10:28:09',	'2017-10-13 10:28:09',	'Affiliates',	'Manage Affiliates related settings.',	24,	1,	'Referral/Referral'),
(25,	'2018-01-09 07:48:09',	'2018-01-09 07:48:09',	'ProUser',	'Manage ProUser related settings.',	25,	1,	'ProUser/ProUser'),
(26,	'2018-01-09 07:48:09',	'2018-01-09 07:48:09',	'TopUser',	'Manage TopUser related settings.',	25,	1,	'TopUser/TopUser'),
(27,	'2018-01-27 07:48:09',	'2018-01-27 07:48:09',	'Mailchimp',	'Manage Mailchimp related settings.',	27,	1,	'Mailchimp/Mailchimp'),
(28,	'2018-02-10 03:04:04',	'2018-02-10 03:04:04',	'Interview',	'Manage Interview related settings.',	28,	1,	'Interview/Interview');

DROP TABLE IF EXISTS `states`;
CREATE TABLE `states` (
  `id` bigint(20) unsigned NOT NULL AUTO_INCREMENT,
  `created_at` datetime NOT NULL,
  `updated_at` datetime NOT NULL,
  `name` varchar(45) COLLATE utf8_unicode_ci DEFAULT NULL,
  `country_id` bigint(20) unsigned NOT NULL,
  `is_active` tinyint(1) NOT NULL DEFAULT '0',
  PRIMARY KEY (`id`),
  KEY `country_id` (`country_id`)
) ENGINE=MyISAM DEFAULT CHARSET=utf8 COLLATE=utf8_unicode_ci;

INSERT INTO `states` (`id`, `created_at`, `updated_at`, `name`, `country_id`, `is_active`) VALUES
(1,	'2017-12-08 12:38:47',	'2017-12-08 12:38:47',	'Sachsen',	83,	0),
(2,	'2017-12-08 13:08:23',	'2017-12-08 13:08:23',	'Bavaria',	83,	0),
(3,	'2017-12-08 13:14:51',	'2017-12-08 13:14:51',	'Lazio',	109,	0),
(4,	'2017-12-08 13:17:46',	'2017-12-08 13:17:46',	'England',	239,	0),
(5,	'2017-12-08 13:20:29',	'2017-12-08 13:20:29',	'Community of Madrid',	213,	0),
(6,	'2017-12-11 06:48:17',	'2017-12-11 06:48:17',	'Castilla y León',	213,	0),
(7,	'2017-12-16 11:42:13',	'2017-12-16 11:42:13',	'Møre og Romsdal',	167,	0),
(8,	'2017-12-16 11:51:16',	'2017-12-16 11:51:16',	'Sogn og Fjordane',	167,	0),
(9,	'2017-12-21 12:45:31',	'2017-12-21 12:45:31',	'Tamil Nadu',	102,	0),
(10,	'2017-12-22 06:37:32',	'2017-12-22 06:37:32',	'Andhra Pradesh',	102,	0),
(11,	'2017-12-22 08:10:42',	'2017-12-22 08:10:42',	'Lovec',	36,	0),
(12,	'2017-12-26 11:10:01',	'2017-12-26 11:10:01',	'Oslo',	167,	0),
(13,	'2017-12-28 06:38:01',	'2017-12-28 06:38:01',	'Berlin',	83,	0),
(14,	'2017-12-30 15:00:40',	'2017-12-30 15:00:40',	'New South Wales',	14,	0),
(15,	'2017-12-30 15:01:56',	'2017-12-30 15:01:56',	'Victoria',	14,	0),
(16,	'2017-12-30 15:02:59',	'2017-12-30 15:02:59',	'Tokyo',	112,	0),
(17,	'2017-12-30 15:05:58',	'2017-12-30 15:05:58',	'Kanagawa Prefecture',	112,	0);

DROP TABLE IF EXISTS `top_listing_payment_logs`;
CREATE TABLE `top_listing_payment_logs` (
  `id` bigint(20) NOT NULL AUTO_INCREMENT,
  `created_at` timestamp NULL DEFAULT NULL,
  `updated_at` timestamp NULL DEFAULT NULL,
  `user_id` bigint(20) DEFAULT NULL,
  `paid_top_listing_amount` double(10,2) NOT NULL DEFAULT '0.00',
  `top_listing_paid_on` datetime DEFAULT NULL,
  `expiry_on` datetime DEFAULT NULL,
  `is_active` tinyint(4) NOT NULL DEFAULT '0',
  PRIMARY KEY (`id`),
  KEY `user_id` (`user_id`)
) ENGINE=InnoDB DEFAULT CHARSET=utf8 COLLATE=utf8_unicode_ci;


DROP TABLE IF EXISTS `transactions`;
CREATE TABLE `transactions` (
  `id` bigint(20) NOT NULL AUTO_INCREMENT,
  `created_at` datetime NOT NULL,
  `updated_at` datetime NOT NULL,
  `user_id` bigint(20) unsigned NOT NULL,
  `to_user_id` bigint(20) unsigned NOT NULL,
  `foreign_id` bigint(20) NOT NULL,
  `class` varchar(255) COLLATE utf8_unicode_ci NOT NULL,
  `transaction_type` varchar(255) COLLATE utf8_unicode_ci NOT NULL,
  `payment_gateway_id` bigint(20) unsigned DEFAULT NULL,
  `amount` double NOT NULL,
  `site_revenue_from_freelancer` double DEFAULT '0',
  `coupon_id` smallint(6) unsigned DEFAULT NULL,
  `site_revenue_from_employer` double NOT NULL DEFAULT '0',
  PRIMARY KEY (`id`),
  KEY `transactions_foreign_id` (`foreign_id`),
  KEY `transactions_payment_gateway_id` (`payment_gateway_id`),
  KEY `transactions_to_user_id` (`to_user_id`),
  KEY `transactions_user_id` (`user_id`),
  CONSTRAINT `transactions_ibfk_1` FOREIGN KEY (`user_id`) REFERENCES `users` (`id`) ON DELETE CASCADE ON UPDATE NO ACTION,
  CONSTRAINT `transactions_ibfk_2` FOREIGN KEY (`to_user_id`) REFERENCES `users` (`id`) ON DELETE CASCADE ON UPDATE NO ACTION,
  CONSTRAINT `transactions_ibfk_3` FOREIGN KEY (`payment_gateway_id`) REFERENCES `payment_gateways` (`id`) ON DELETE SET NULL ON UPDATE NO ACTION
) ENGINE=InnoDB DEFAULT CHARSET=utf8 COLLATE=utf8_unicode_ci;

INSERT INTO `transactions` (`id`, `created_at`, `updated_at`, `user_id`, `to_user_id`, `foreign_id`, `class`, `transaction_type`, `payment_gateway_id`, `amount`, `site_revenue_from_freelancer`, `coupon_id`, `site_revenue_from_employer`) VALUES
(7,	'2018-01-02 10:53:13',	'2018-01-02 10:53:13',	2,	8,	17,	'Appointment',	'8',	NULL,	100,	18,	0,	0),
(8,	'2018-01-02 10:55:29',	'2018-01-02 10:55:29',	2,	8,	17,	'Appointment',	'11',	NULL,	100,	18,	0,	0),
(9,	'2018-01-02 10:57:08',	'2018-01-02 10:57:08',	2,	8,	17,	'Appointment',	'12',	NULL,	82,	18,	0,	0),
(10,	'2018-01-02 11:02:04',	'2018-01-02 11:02:04',	2,	8,	18,	'Appointment',	'8',	NULL,	225,	40.5,	0,	0),
(11,	'2018-01-02 11:03:08',	'2018-01-02 11:03:08',	2,	8,	18,	'Appointment',	'11',	NULL,	225,	40.5,	0,	0),
(12,	'2018-01-02 11:06:10',	'2018-01-02 11:06:10',	4,	8,	19,	'Appointment',	'8',	NULL,	50,	9,	0,	0),
(13,	'2018-01-02 11:08:16',	'2018-01-02 11:08:16',	4,	8,	19,	'Appointment',	'11',	NULL,	50,	9,	0,	0),
(14,	'2018-01-02 11:08:51',	'2018-01-02 11:08:51',	4,	8,	19,	'Appointment',	'12',	NULL,	41,	9,	0,	0),
(15,	'2018-01-02 11:19:25',	'2018-01-02 11:19:25',	1,	8,	1,	'UserCashWithdrawal',	'4',	1,	50,	0,	0,	0),
(16,	'2018-01-02 11:20:36',	'2018-01-02 11:20:36',	1,	8,	1,	'UserCashWithdrawal',	'5',	1,	50,	0,	0,	0),
(17,	'2018-01-02 11:42:48',	'2018-01-02 11:42:48',	2,	22,	20,	'Appointment',	'8',	NULL,	112,	20.16,	0,	0),
(18,	'2018-01-02 11:43:22',	'2018-01-02 11:43:22',	2,	22,	20,	'Appointment',	'11',	NULL,	112,	20.16,	0,	0),
(19,	'2018-01-02 11:44:26',	'2018-01-02 11:44:26',	2,	22,	20,	'Appointment',	'12',	NULL,	91.84,	20.16,	0,	0),
(20,	'2018-01-02 11:59:12',	'2018-01-02 11:59:12',	2,	22,	23,	'Appointment',	'8',	NULL,	84,	15.12,	0,	0),
(21,	'2018-01-02 12:01:28',	'2018-01-02 12:01:28',	2,	22,	23,	'Appointment',	'11',	NULL,	84,	15.12,	0,	0);

DROP TABLE IF EXISTS `users`;
CREATE TABLE `users` (
  `id` bigint(20) unsigned NOT NULL AUTO_INCREMENT,
  `created_at` timestamp NULL DEFAULT NULL,
  `updated_at` timestamp NULL DEFAULT NULL,
  `role_id` bigint(20) unsigned DEFAULT NULL,
  `username` varchar(255) COLLATE utf8_unicode_ci NOT NULL,
  `email` varchar(255) COLLATE utf8_unicode_ci NOT NULL,
  `password` varchar(255) COLLATE utf8_unicode_ci NOT NULL,
  `available_wallet_amount` double(10,2) NOT NULL DEFAULT '0.00',
  `blocked_amount` double(10,2) NOT NULL DEFAULT '0.00',
  `user_login_count` bigint(20) NOT NULL DEFAULT '0',
  `is_agree_terms_conditions` tinyint(1) NOT NULL DEFAULT '0',
  `is_active` tinyint(1) NOT NULL DEFAULT '0',
  `is_email_confirmed` tinyint(1) NOT NULL DEFAULT '0',
  `remember_token` varchar(100) COLLATE utf8_unicode_ci DEFAULT NULL,
  `activate_hash` int(11) DEFAULT NULL,
  `address` varchar(255) COLLATE utf8_unicode_ci DEFAULT NULL,
  `address1` varchar(255) COLLATE utf8_unicode_ci DEFAULT NULL,
  `city_id` bigint(20) unsigned DEFAULT NULL,
  `state_id` bigint(20) unsigned DEFAULT NULL,
  `country_id` bigint(20) unsigned DEFAULT NULL,
  `referred_by_user_id` bigint(20) unsigned DEFAULT NULL,
  `reference_code` varchar(255) COLLATE utf8_unicode_ci DEFAULT NULL,
  `affiliate_pending_amount` double(10,2) NOT NULL DEFAULT '0.00',
  `affiliate_paid_amount` double(10,2) NOT NULL DEFAULT '0.00',
  `is_profile_updated` tinyint(1) NOT NULL DEFAULT '0',
  `latitude` double NOT NULL DEFAULT '0',
  `longitude` double NOT NULL DEFAULT '0',
  `postal_code` varchar(255) COLLATE utf8_unicode_ci DEFAULT NULL,
  `phone_number` varchar(255) COLLATE utf8_unicode_ci DEFAULT NULL,
  `secondary_phone_number` varchar(255) COLLATE utf8_unicode_ci DEFAULT NULL,
  `review_count_as_service_provider` bigint(20) NOT NULL DEFAULT '0',
  `total_rating_as_service_provider` bigint(20) NOT NULL DEFAULT '0',
  `review_count_as_employer` bigint(20) NOT NULL DEFAULT '0',
  `total_rating_as_employer` bigint(20) NOT NULL DEFAULT '0',
  `average_rating_as_service_provider` double NOT NULL DEFAULT '0',
  `average_rating_as_employer` double NOT NULL DEFAULT '0',
  `is_deleted` tinyint(4) NOT NULL DEFAULT '0',
  `account_close_reason_id` bigint(20) DEFAULT NULL,
  `account_close_reason` text COLLATE utf8_unicode_ci,
  `is_email_subscribed` tinyint(1) NOT NULL DEFAULT '1',
  `is_sms_notification` tinyint(1) NOT NULL DEFAULT '1',
  `apns_device_last_update_time` datetime DEFAULT NULL,
  `mobile_number_verification_otp` int(11) DEFAULT NULL,
  `is_mobile_number_verified` tinyint(1) NOT NULL DEFAULT '0',
  `is_app_device_available` tinyint(1) NOT NULL DEFAULT '0',
  `mobile_code` varchar(255) COLLATE utf8_unicode_ci DEFAULT NULL,
  `secondary_mobile_code` varchar(255) COLLATE utf8_unicode_ci DEFAULT NULL,
  `is_push_notification_enabled` tinyint(1) NOT NULL DEFAULT '1',
  `appointment_count` bigint(20) NOT NULL DEFAULT '0',
  `category_id` bigint(20) unsigned DEFAULT NULL,
  `display_order` int(20) unsigned DEFAULT '3',
  `pay_key` varchar(255) COLLATE utf8_unicode_ci DEFAULT NULL,
  `payment_gateway_id` bigint(20) DEFAULT NULL,
  `request_count` bigint(20) NOT NULL DEFAULT '0',
  `mailchimp_list_id` varchar(255) COLLATE utf8_unicode_ci DEFAULT NULL,
  `blocked_user_count` bigint(20) NOT NULL DEFAULT '0',
  PRIMARY KEY (`id`),
  UNIQUE KEY `users_email_unique` (`email`),
  KEY `users_id_index` (`id`),
  KEY `users_role_id_index` (`role_id`),
  KEY `city_id` (`city_id`),
  KEY `state_id` (`state_id`),
  KEY `country_id` (`country_id`),
  KEY `referred_by_user_id` (`referred_by_user_id`),
  KEY `account_close_reason_id` (`account_close_reason_id`),
  KEY `category_id` (`category_id`),
  CONSTRAINT `users_ibfk_2` FOREIGN KEY (`account_close_reason_id`) REFERENCES `account_close_reasons` (`id`) ON DELETE SET NULL ON UPDATE NO ACTION,
  CONSTRAINT `users_ibfk_3` FOREIGN KEY (`referred_by_user_id`) REFERENCES `users` (`id`) ON DELETE SET NULL ON UPDATE NO ACTION,
  CONSTRAINT `users_ibfk_4` FOREIGN KEY (`role_id`) REFERENCES `roles` (`id`) ON DELETE SET NULL ON UPDATE NO ACTION,
  CONSTRAINT `users_ibfk_5` FOREIGN KEY (`category_id`) REFERENCES `categories` (`id`) ON DELETE SET NULL ON UPDATE NO ACTION
) ENGINE=InnoDB DEFAULT CHARSET=utf8 COLLATE=utf8_unicode_ci;

INSERT INTO `users` (`id`, `created_at`, `updated_at`, `role_id`, `username`, `email`, `password`, `available_wallet_amount`, `blocked_amount`, `user_login_count`, `is_agree_terms_conditions`, `is_active`, `is_email_confirmed`, `remember_token`, `activate_hash`, `address`, `address1`, `city_id`, `state_id`, `country_id`, `referred_by_user_id`, `reference_code`, `affiliate_pending_amount`, `affiliate_paid_amount`, `is_profile_updated`, `latitude`, `longitude`, `postal_code`, `phone_number`, `secondary_phone_number`, `review_count_as_service_provider`, `total_rating_as_service_provider`, `review_count_as_employer`, `total_rating_as_employer`, `average_rating_as_service_provider`, `average_rating_as_employer`, `is_deleted`, `account_close_reason_id`, `account_close_reason`, `is_email_subscribed`, `is_sms_notification`, `apns_device_last_update_time`, `mobile_number_verification_otp`, `is_mobile_number_verified`, `is_app_device_available`, `mobile_code`, `secondary_mobile_code`, `is_push_notification_enabled`, `appointment_count`, `category_id`, `display_order`, `pay_key`, `payment_gateway_id`, `request_count`, `mailchimp_list_id`, `blocked_user_count`) VALUES
(1,	'2016-05-01 17:39:39',	'2018-01-11 05:59:16',	1,	'admin',	'productdemo.admin@gmail.com',	'$2y$10$Dd/EpAiDO.6Mj/OxxSae8euY6xT6iX00SMCag8fjvEgBj6Ll.ip5C',	0.00,	0.00,	74,	1,	1,	1,	NULL,	0,	'Manchester, UK',	NULL,	14,	4,	239,	NULL,	NULL,	0.00,	0.00,	1,	53.4807593,	-2.2426305000000184,	'03111',	'1612371017',	NULL,	0,	0,	0,	0,	0,	0,	0,	NULL,	NULL,	0,	0,	NULL,	9584,	0,	0,	'44',	'44',	1,	0,	NULL,	3,	NULL,	NULL,	0,	NULL,	0),
(2,	'2017-12-08 07:00:12',	'2018-03-05 01:10:47',	2,	'productdemo.user+customer',	'productdemo.user+customer@gmail.com',	'$2y$12$Kb/rXng8wtoD/3GNMHr5KO.F0llrWRGvhVREft93PTr9B/C2wAWjS',	0.00,	0.00,	37,	0,	1,	0,	NULL,	NULL,	'Hohe Str. 23, 09112 Chemnitz, Germany',	NULL,	1,	1,	83,	NULL,	'538787d53d',	0.00,	0.00,	1,	50.83201,	12.913360000000011,	'9112',	'23456787',	'23456789',	0,	0,	0,	0,	0,	0,	0,	NULL,	NULL,	1,	1,	NULL,	6015,	0,	0,	'49',	'49',	1,	5,	NULL,	3,	NULL,	NULL,	2,	NULL,	0),
(3,	'2017-12-08 07:10:04',	'2018-01-02 03:48:19',	3,	'productdemo.user+assistant',	'productdemo.user+assistant@gmail.com',	'$2y$12$.0aI2PE/UCZ8zKYClUqKr.M0Z0VvSRD7.o7PkqQAq2QLrfP9elvbe',	0.00,	0.00,	60,	0,	1,	0,	NULL,	NULL,	'Ringstraße 1, 09387 Jahnsdorf/Erzgeb, Germany',	NULL,	1,	1,	83,	NULL,	'c8166af77a',	0.00,	0.00,	1,	49.3801834,	10.186738800000057,	'9387',	'85258525',	'76543215',	0,	0,	0,	0,	0,	0,	0,	NULL,	NULL,	1,	1,	NULL,	7162,	0,	0,	'49',	'49',	1,	0,	3,	3,	NULL,	NULL,	0,	NULL,	0),
(4,	'2017-12-08 07:42:12',	'2018-03-05 00:20:41',	2,	'productdemo.user+customer1',	'productdemo.user+customer1@gmail.com',	'$2y$12$WXulusXtwXGwZh.z5btn3.1VL18n8KIwXfyZT5i0l6tcwFfHFhi0i',	0.00,	0.00,	10,	0,	1,	0,	NULL,	NULL,	'Viale Giulio Cesare, 129, 00192 Rome, RM, Italy',	NULL,	3,	3,	109,	NULL,	'702a3dae2f',	0.00,	0.00,	1,	41.9093118,	12.458831400000008,	'192',	'9999999999',	NULL,	0,	0,	0,	0,	0,	0,	0,	NULL,	NULL,	1,	1,	NULL,	1918,	0,	0,	'39',	'39',	1,	1,	NULL,	3,	NULL,	NULL,	2,	NULL,	0),
(5,	'2017-12-08 07:45:20',	'2017-12-08 07:47:47',	2,	'productdemo.user+customer2',	'productdemo.user+customer2@gmail.com',	'$2y$12$ySHSaVW/STwdn/aTx8z48OYwQ4aUVXa9dp9Qos6rZCpXTLaqnTkOK',	0.00,	0.00,	4,	0,	1,	0,	NULL,	NULL,	'Array',	NULL,	4,	4,	239,	NULL,	'c93016d074',	0.00,	0.00,	1,	51.5162082,	-0.1306337999999414,	'W1T 1JY',	'9999999999',	'9999999999',	0,	0,	0,	0,	0,	0,	0,	NULL,	NULL,	1,	1,	NULL,	1970,	0,	0,	'44',	'44',	1,	0,	NULL,	3,	NULL,	NULL,	0,	NULL,	0),
(6,	'2017-12-08 07:48:12',	'2017-12-08 08:00:37',	2,	'productdemo.user+customer3',	'productdemo.user+customer3@gmail.com',	'$2y$12$4Zxi80l05zJ8xkTAbCvsZ.Zw0DmL1MbyeiqqLyxgZblBmxMNeJuIS',	0.00,	0.00,	4,	0,	1,	0,	NULL,	NULL,	'Aranjuez, Madrid, Spain',	NULL,	5,	5,	213,	NULL,	'1232de1bfe',	0.00,	0.00,	1,	40.0305557,	-3.6037536000000046,	'28300',	'9999999999',	NULL,	0,	0,	0,	0,	0,	0,	0,	NULL,	NULL,	1,	0,	NULL,	3150,	0,	0,	'34',	'34',	1,	0,	NULL,	3,	NULL,	NULL,	0,	NULL,	0),
(7,	'2017-12-11 00:51:49',	'2017-12-29 09:11:12',	3,	'productdemo.user+assistant1',	'productdemo.user+assistant1@gmail.com',	'$2y$12$LHHnN9iYxYPm9gK/BYwZl.6PwAZpKIN8Mjz9eGMei2.d/pbXakiZO',	0.00,	0.00,	12,	0,	1,	1,	NULL,	NULL,	'Calle Aduana Vieja, 42002 Soria, Spain',	NULL,	6,	6,	213,	NULL,	'd6b218d1dd',	0.00,	0.00,	1,	40.03050179999999,	-3.604052700000011,	'42002',	'9999999999',	NULL,	0,	0,	0,	0,	0,	0,	0,	NULL,	NULL,	1,	1,	NULL,	6877,	0,	0,	'34',	'34',	1,	0,	3,	3,	NULL,	NULL,	0,	NULL,	0),
(8,	'2017-12-16 05:53:54',	'2018-03-05 00:15:25',	3,	'productdemo.user+care',	'productdemo.user+care@gmail.com',	'$2y$12$kwIGzZ5vH/YmdqVThwzs7OzSbQs93zmzen6xU4DILuTHlKv0w40pC',	73.00,	0.00,	73,	1,	1,	1,	NULL,	NULL,	'Alesund, Norway',	NULL,	7,	7,	167,	NULL,	'4f6caf86a3',	0.00,	0.00,	1,	62.47222840000001,	6.1494821,	'52318',	'9999999999',	'55445258',	1,	5,	0,	0,	5,	0,	0,	NULL,	NULL,	1,	1,	NULL,	1111,	0,	0,	'47',	'47',	1,	0,	2,	3,	NULL,	NULL,	0,	NULL,	0),
(9,	'2017-12-16 06:19:28',	'2017-12-29 08:56:53',	3,	'productdemo.user+care1',	'productdemo.user+care1@gmail.com',	'$2y$12$tL4A6WDm1NzIhKXeE9dFOuZtQow53pIqW8e3jkyroqgQCdrvNSfaK',	0.00,	0.00,	16,	1,	1,	0,	NULL,	NULL,	'Flåm, Norway',	NULL,	8,	8,	167,	NULL,	'd81eed2f21',	0.00,	0.00,	1,	60.8607716,	7.111784899999975,	'53218',	'9999999999',	'55952514',	0,	0,	0,	0,	0,	0,	0,	NULL,	NULL,	1,	1,	NULL,	1111,	1,	0,	'47',	'47',	1,	0,	2,	3,	NULL,	NULL,	0,	NULL,	0),
(14,	'2017-12-26 05:35:19',	'2017-12-29 09:40:31',	3,	'productdemo.user+assistant2',	'productdemo.user+assistant2@gmail.com',	'$2y$12$GAeNJreixbrTN/7PfDQwiekzCPVZcks5v4/LjkLCKkbjuzz86pckm',	0.00,	0.00,	12,	1,	1,	1,	NULL,	NULL,	'Oslo, Norway',	NULL,	12,	12,	167,	NULL,	'411ae5085b',	0.00,	0.00,	1,	59.9138688,	10.752245399999993,	'1205',	'9999999999',	NULL,	0,	0,	0,	0,	0,	0,	0,	NULL,	NULL,	1,	1,	NULL,	1111,	1,	0,	'47',	'47',	1,	0,	3,	3,	NULL,	NULL,	0,	NULL,	0),
(15,	'2017-12-28 00:48:23',	'2018-03-02 08:21:39',	3,	'productdemo.user+care2',	'productdemo.user+care2@gmail.com',	'$2y$12$hEUMVL.dBI4TT5snu/jQD.Sn1M1B8VGy6XEj2Piq3OyZJLga7oJnO',	0.00,	0.00,	14,	0,	1,	1,	NULL,	NULL,	'Towcester NN12, UK',	NULL,	4,	4,	239,	NULL,	'29ebbce075',	0.00,	0.00,	1,	52.1233778,	-0.9930050000000392,	'NN12 6LD',	'9999999999',	NULL,	0,	0,	0,	0,	0,	0,	0,	NULL,	NULL,	1,	1,	NULL,	1111,	1,	0,	'44',	'44',	1,	0,	2,	3,	NULL,	NULL,	0,	NULL,	0),
(16,	'2017-12-28 01:13:02',	'2018-01-02 05:59:01',	3,	'productdemo.user+doctor',	'productdemo.user+doctor@gmail.com',	'$2y$12$KL7eNwDWtxsTnfwbvo68jucq7J//kEiib9RLcuASH30x.ejELMTYu',	0.00,	0.00,	16,	0,	1,	1,	NULL,	NULL,	'Zufahrt zum Flughafen Tegel, 13405 Berlin, Germany',	NULL,	13,	13,	83,	NULL,	'9b9f6e3962',	0.00,	0.00,	1,	52.5588327,	13.28843740000002,	'13405',	'9999999999',	NULL,	0,	0,	0,	0,	0,	0,	0,	NULL,	NULL,	1,	1,	NULL,	1111,	0,	0,	'49',	'49',	1,	0,	5,	3,	NULL,	NULL,	0,	NULL,	0),
(17,	'2017-12-29 01:49:07',	'2017-12-29 08:48:28',	3,	'productdemo.user+doctor1',	'productdemo.user+doctor1@gmail.com',	'$2y$12$eFemp6KI/ZC8E2/XgkRJ6u0uDFxH5KEHRoxIwGcOdu9Dpy.rrsXZy',	0.00,	0.00,	8,	0,	1,	0,	NULL,	NULL,	'29-32 The Oval, London E2 9DT, UK',	NULL,	4,	4,	239,	NULL,	'5b55ad28df',	0.00,	0.00,	1,	51.5331692,	-0.0592408999999634,	'NW1 7EB',	'85478569',	'98547858',	0,	0,	0,	0,	0,	0,	0,	NULL,	NULL,	1,	1,	NULL,	8134,	1,	0,	'44',	'44',	1,	0,	5,	3,	NULL,	NULL,	0,	NULL,	0),
(18,	'2017-12-29 03:26:59',	'2018-03-02 08:21:59',	3,	'productdemo.user+care3',	'productdemo.user+care3@gmail.com',	'$2y$12$oeaVh52xXa3/9Cjnj9vxrucRQlXvR1r6AAfxJrqerZcIJc6C0FO9e',	0.00,	0.00,	7,	0,	1,	1,	NULL,	NULL,	'St John\'s Wood Rd, London NW8 8QN, UK',	NULL,	4,	4,	239,	NULL,	'e92e7ac13d',	0.00,	0.00,	1,	51.52983099999999,	-0.17215639999994892,	'NW8 9JB',	'77584585',	NULL,	0,	0,	0,	0,	0,	0,	0,	NULL,	NULL,	1,	1,	NULL,	1874,	1,	0,	'44',	'44',	1,	0,	2,	3,	NULL,	NULL,	0,	NULL,	0),
(19,	'2017-12-29 04:44:04',	'2017-12-29 08:49:39',	3,	'productdemo.user+doctor2',	'productdemo.user+doctor2@gmail.com',	'$2y$12$zH63/nxG6BtwZQF4eXJWWuhPj0gSjTDSaKA9lSXaIuOue4WZLqDVa',	0.00,	0.00,	6,	0,	1,	1,	NULL,	NULL,	'318 Kennington Park Rd, London SE11 4PP, UK',	NULL,	4,	4,	239,	NULL,	'46ffeacc34',	0.00,	0.00,	1,	51.4820214,	-0.11279190000004746,	'SW13 0NB',	'85475874',	'85475875',	0,	0,	0,	0,	0,	0,	0,	NULL,	NULL,	1,	1,	NULL,	5397,	1,	0,	'44',	'44',	1,	0,	5,	3,	NULL,	NULL,	0,	NULL,	0),
(20,	'2017-12-29 04:53:57',	'2017-12-29 08:51:19',	3,	'productdemo.user+doctor3',	'productdemo.user+doctor3@gmail.com',	'$2y$12$luubIoGF9b3l8c0HzeZQB.M31.lCR86ImZnAAO7AZIXcfU6sg5FaK',	0.00,	0.00,	6,	0,	1,	1,	NULL,	NULL,	'29-32 The Oval, London E2 9DT, UK',	NULL,	4,	4,	239,	NULL,	'7e1fccd507',	0.00,	0.00,	1,	51.5331692,	-0.0592408999999634,	'E2 9DT',	'57485895',	'68547895',	0,	0,	0,	0,	0,	0,	0,	NULL,	NULL,	1,	1,	NULL,	9079,	1,	0,	'44',	'44',	1,	0,	5,	3,	NULL,	NULL,	0,	NULL,	0),
(21,	'2017-12-29 05:21:03',	'2017-12-29 09:44:30',	3,	'productdemo.user+assistant3',	'productdemo.user+assistant3@gmail.com',	'$2y$12$jNCxUJQv.uigMYhE01BDsOD9X0bBe7DAd4gM/YMIaNIMefZU76QSq',	0.00,	0.00,	8,	0,	1,	1,	NULL,	NULL,	'London, UK',	NULL,	4,	4,	239,	NULL,	'484a198caf',	0.00,	0.00,	1,	51.5073509,	-0.12775829999998223,	'WC2N 5DU',	'8569854785',	NULL,	0,	0,	0,	0,	0,	0,	0,	NULL,	NULL,	1,	1,	NULL,	8568,	1,	0,	'44',	'44',	1,	0,	3,	3,	NULL,	NULL,	0,	NULL,	0),
(22,	'2017-12-29 05:38:03',	'2018-03-02 08:20:12',	3,	'productdemo.user+dogcare',	'productdemo.user+dogcare@gmail.com',	'$2y$12$RcfltJxwEBuqaU/eW7uyUONPVRwUiDlGaccIHxyV/r7F0CQHrlktC',	91.84,	0.00,	13,	0,	1,	1,	NULL,	NULL,	'Sydney NSW 2000, Australia',	NULL,	17,	14,	14,	NULL,	'22c88e6734',	0.00,	0.00,	1,	-33.8688197,	151.20929550000005,	'2000',	'85479658',	NULL,	1,	5,	0,	0,	5,	0,	0,	NULL,	NULL,	1,	1,	NULL,	7939,	1,	0,	'44',	'44',	1,	0,	1,	3,	NULL,	NULL,	0,	NULL,	0),
(23,	'2017-12-29 06:03:33',	'2017-12-29 08:39:49',	3,	'productdemo.user+dogcare1',	'productdemo.user+dogcare1@gmail.com',	'$2y$12$DwXzHRkmupsHFoXC1II4A.IWUFzpESsKPXh7hD2C9BQo3fPw3gTsu',	0.00,	0.00,	6,	0,	1,	0,	NULL,	NULL,	'London, UK',	NULL,	4,	4,	239,	NULL,	'5ed1b6ab94',	0.00,	0.00,	1,	51.5073509,	-0.12775829999998223,	'WC2N 5DU',	'85478569',	'96587458',	0,	0,	0,	0,	0,	0,	0,	NULL,	NULL,	1,	1,	NULL,	6210,	1,	0,	'44',	'44',	1,	0,	1,	3,	NULL,	NULL,	0,	NULL,	0),
(24,	'2017-12-29 06:12:41',	'2017-12-30 09:34:24',	3,	'productdemo.user+dogcare2',	'productdemo.user+dogcare2@gmail.com',	'$2y$12$3pZfrkE69Uy0hk7wpEGIkeY5gOW7y1My8QIg8b.4bh8idph8PCfUy',	0.00,	0.00,	10,	0,	1,	1,	NULL,	NULL,	'Tokyo, Japan',	NULL,	19,	16,	112,	NULL,	'8ce047bc83',	0.00,	0.00,	1,	35.6894875,	139.69170639999993,	'112-0004',	'85697458',	'95874585',	0,	0,	0,	0,	0,	0,	0,	NULL,	NULL,	1,	1,	NULL,	4826,	1,	0,	'44',	'44',	1,	0,	1,	3,	NULL,	NULL,	0,	NULL,	0),
(25,	'2017-12-29 06:18:15',	'2017-12-30 09:35:58',	3,	'productdemo.user+dogcare3',	'productdemo.user+dogcare3@gmail.com',	'$2y$12$ZGr/PcjXWmWL/Pnc.uhxWuOUnpw/1iHHeDtwXz8iYT8qxBepsjtDK',	0.00,	0.00,	8,	0,	1,	0,	NULL,	NULL,	'Yokohama, Kanagawa Prefecture, Japan',	NULL,	20,	17,	112,	NULL,	'9e6b46bded',	0.00,	0.00,	1,	35.44370779999999,	139.6380256,	'231-0051',	'85698547',	'96587458',	0,	0,	0,	0,	0,	0,	0,	NULL,	NULL,	1,	1,	NULL,	6488,	0,	0,	'44',	'44',	1,	0,	1,	3,	NULL,	NULL,	0,	NULL,	0);

DROP TABLE IF EXISTS `user_cash_withdrawals`;
CREATE TABLE `user_cash_withdrawals` (
  `id` bigint(20) unsigned NOT NULL AUTO_INCREMENT,
  `created_at` timestamp NULL DEFAULT NULL,
  `updated_at` timestamp NULL DEFAULT NULL,
  `user_id` bigint(20) unsigned DEFAULT NULL,
  `withdrawal_status_id` bigint(20) unsigned NOT NULL DEFAULT '1',
  `amount` double(10,2) NOT NULL DEFAULT '0.00',
  `money_transfer_account_id` bigint(20) unsigned DEFAULT NULL,
  `remark` text COLLATE utf8_unicode_ci,
  `withdrawal_fee` double(10,2) NOT NULL DEFAULT '0.00',
  PRIMARY KEY (`id`),
  KEY `user_cash_withdrawals_id_index` (`id`),
  KEY `user_cash_withdrawals_user_id_index` (`user_id`),
  KEY `user_cash_withdrawals_money_transfer_account_id_index` (`money_transfer_account_id`),
  CONSTRAINT `user_cash_withdrawals_ibfk_1` FOREIGN KEY (`money_transfer_account_id`) REFERENCES `money_transfer_accounts` (`id`) ON DELETE SET NULL ON UPDATE NO ACTION,
  CONSTRAINT `user_cash_withdrawals_ibfk_2` FOREIGN KEY (`user_id`) REFERENCES `users` (`id`) ON DELETE CASCADE ON UPDATE NO ACTION
) ENGINE=InnoDB DEFAULT CHARSET=utf8 COLLATE=utf8_unicode_ci;

INSERT INTO `user_cash_withdrawals` (`id`, `created_at`, `updated_at`, `user_id`, `withdrawal_status_id`, `amount`, `money_transfer_account_id`, `remark`, `withdrawal_fee`) VALUES
(1,	'2018-01-02 05:49:25',	'2018-01-02 05:50:36',	8,	3,	50.00,	4,	'Transfer to bank account.  Ref ID: 543321786',	0.00);

DROP TABLE IF EXISTS `user_credit_cards`;
CREATE TABLE `user_credit_cards` (
  `id` bigint(20) NOT NULL AUTO_INCREMENT,
  `created_at` timestamp NULL DEFAULT NULL,
  `updated_at` timestamp NULL DEFAULT NULL,
  `user_id` bigint(20) DEFAULT NULL,
  `payment_gateway_id` bigint(20) DEFAULT NULL,
  `payment_gateway_customer_id` varchar(255) DEFAULT NULL,
  `token` varchar(255) DEFAULT NULL,
  `credit_card_type` varchar(255) DEFAULT NULL,
  `masked_card_number` varchar(255) DEFAULT NULL,
  `name_on_the_card` varchar(255) DEFAULT NULL,
  `credit_card_expire` varchar(255) DEFAULT NULL,
  `cvv2` varchar(255) DEFAULT NULL,
  `is_primary` tinyint(4) NOT NULL DEFAULT '0',
  PRIMARY KEY (`id`)
) ENGINE=InnoDB DEFAULT CHARSET=latin1;

INSERT INTO `user_credit_cards` (`id`, `created_at`, `updated_at`, `user_id`, `payment_gateway_id`, `payment_gateway_customer_id`, `token`, `credit_card_type`, `masked_card_number`, `name_on_the_card`, `credit_card_expire`, `cvv2`, `is_primary`) VALUES
(1,	'2018-03-05 00:46:34',	'2018-03-05 00:46:34',	2,	1,	NULL,	'CARD-46175246VX4540522LKONFMQ',	'visa',	'xxxxxxxxxxxx7270',	'',	'12/2019',	'123',	0),
(2,	'2018-03-05 00:46:44',	'2018-03-05 00:46:44',	2,	1,	NULL,	'CARD-3WV07022DP299123ELKONFPA',	'visa',	'xxxxxxxxxxxx7270',	'',	'12/2019',	'123',	0);

DROP TABLE IF EXISTS `user_favorites`;
CREATE TABLE `user_favorites` (
  `id` bigint(20) unsigned NOT NULL AUTO_INCREMENT,
  `user_id` bigint(20) unsigned DEFAULT NULL,
  `provider_user_id` bigint(20) unsigned DEFAULT NULL,
  `created_at` datetime NOT NULL,
  `updated_at` datetime NOT NULL,
  PRIMARY KEY (`id`),
  KEY `user_id` (`user_id`),
  KEY `provider_user_id` (`provider_user_id`),
  CONSTRAINT `user_favorites_ibfk_3` FOREIGN KEY (`user_id`) REFERENCES `users` (`id`) ON DELETE CASCADE ON UPDATE NO ACTION,
  CONSTRAINT `user_favorites_ibfk_4` FOREIGN KEY (`provider_user_id`) REFERENCES `users` (`id`) ON DELETE CASCADE ON UPDATE NO ACTION
) ENGINE=InnoDB DEFAULT CHARSET=utf8 COLLATE=utf8_unicode_ci;


DROP TABLE IF EXISTS `user_logins`;
CREATE TABLE `user_logins` (
  `id` bigint(20) unsigned NOT NULL AUTO_INCREMENT,
  `created_at` timestamp NULL DEFAULT NULL,
  `updated_at` timestamp NULL DEFAULT NULL,
  `user_id` bigint(20) unsigned DEFAULT NULL,
  `role_id` bigint(20) unsigned DEFAULT NULL,
  `user_agent` varchar(255) COLLATE utf8_unicode_ci NOT NULL,
  PRIMARY KEY (`id`),
  KEY `user_logins_id_index` (`id`),
  KEY `user_logins_user_id_index` (`user_id`),
  KEY `user_logins_role_id_index` (`role_id`),
  CONSTRAINT `user_logins_ibfk_1` FOREIGN KEY (`role_id`) REFERENCES `roles` (`id`) ON DELETE SET NULL ON UPDATE NO ACTION,
  CONSTRAINT `user_logins_ibfk_3` FOREIGN KEY (`user_id`) REFERENCES `users` (`id`) ON DELETE CASCADE ON UPDATE NO ACTION
) ENGINE=InnoDB DEFAULT CHARSET=utf8 COLLATE=utf8_unicode_ci;

INSERT INTO `user_logins` (`id`, `created_at`, `updated_at`, `user_id`, `role_id`, `user_agent`) VALUES
(1,	'2017-12-08 07:00:12',	'2017-12-08 07:00:12',	2,	2,	'Mozilla/5.0 (X11; Linux i686) AppleWebKit/537.36 (KHTML, like Gecko) Ubuntu Chromium/62.0.3202.94 Chrome/62.0.3202.94 Safari/537.36'),
(2,	'2017-12-08 07:00:12',	'2017-12-08 07:00:12',	2,	2,	'Mozilla/5.0 (X11; Linux i686) AppleWebKit/537.36 (KHTML, like Gecko) Ubuntu Chromium/62.0.3202.94 Chrome/62.0.3202.94 Safari/537.36'),
(3,	'2017-12-08 07:10:04',	'2017-12-08 07:10:04',	3,	3,	'Mozilla/5.0 (X11; Linux i686) AppleWebKit/537.36 (KHTML, like Gecko) Ubuntu Chromium/62.0.3202.94 Chrome/62.0.3202.94 Safari/537.36'),
(4,	'2017-12-08 07:10:05',	'2017-12-08 07:10:05',	3,	3,	'Mozilla/5.0 (X11; Linux i686) AppleWebKit/537.36 (KHTML, like Gecko) Ubuntu Chromium/62.0.3202.94 Chrome/62.0.3202.94 Safari/537.36'),
(5,	'2017-12-08 07:42:12',	'2017-12-08 07:42:12',	4,	2,	'Mozilla/5.0 (X11; Linux i686) AppleWebKit/537.36 (KHTML, like Gecko) Ubuntu Chromium/62.0.3202.94 Chrome/62.0.3202.94 Safari/537.36'),
(6,	'2017-12-08 07:42:13',	'2017-12-08 07:42:13',	4,	2,	'Mozilla/5.0 (X11; Linux i686) AppleWebKit/537.36 (KHTML, like Gecko) Ubuntu Chromium/62.0.3202.94 Chrome/62.0.3202.94 Safari/537.36'),
(7,	'2017-12-08 07:45:20',	'2017-12-08 07:45:20',	5,	2,	'Mozilla/5.0 (X11; Linux i686) AppleWebKit/537.36 (KHTML, like Gecko) Ubuntu Chromium/62.0.3202.94 Chrome/62.0.3202.94 Safari/537.36'),
(8,	'2017-12-08 07:45:21',	'2017-12-08 07:45:21',	5,	2,	'Mozilla/5.0 (X11; Linux i686) AppleWebKit/537.36 (KHTML, like Gecko) Ubuntu Chromium/62.0.3202.94 Chrome/62.0.3202.94 Safari/537.36'),
(9,	'2017-12-08 07:48:12',	'2017-12-08 07:48:12',	6,	2,	'Mozilla/5.0 (X11; Linux i686) AppleWebKit/537.36 (KHTML, like Gecko) Ubuntu Chromium/62.0.3202.94 Chrome/62.0.3202.94 Safari/537.36'),
(10,	'2017-12-08 07:48:13',	'2017-12-08 07:48:13',	6,	2,	'Mozilla/5.0 (X11; Linux i686) AppleWebKit/537.36 (KHTML, like Gecko) Ubuntu Chromium/62.0.3202.94 Chrome/62.0.3202.94 Safari/537.36'),
(11,	'2017-12-11 00:25:02',	'2017-12-11 00:25:02',	3,	3,	'Mozilla/5.0 (X11; Linux i686) AppleWebKit/537.36 (KHTML, like Gecko) Ubuntu Chromium/62.0.3202.94 Chrome/62.0.3202.94 Safari/537.36'),
(12,	'2017-12-11 00:40:52',	'2017-12-11 00:40:52',	1,	1,	'Mozilla/5.0 (X11; Linux i686) AppleWebKit/537.36 (KHTML, like Gecko) Ubuntu Chromium/62.0.3202.94 Chrome/62.0.3202.94 Safari/537.36'),
(13,	'2017-12-11 00:51:50',	'2017-12-11 00:51:50',	7,	3,	'Mozilla/5.0 (X11; Linux i686) AppleWebKit/537.36 (KHTML, like Gecko) Ubuntu Chromium/62.0.3202.94 Chrome/62.0.3202.94 Safari/537.36'),
(14,	'2017-12-11 00:51:50',	'2017-12-11 00:51:50',	7,	3,	'Mozilla/5.0 (X11; Linux i686) AppleWebKit/537.36 (KHTML, like Gecko) Ubuntu Chromium/62.0.3202.94 Chrome/62.0.3202.94 Safari/537.36'),
(15,	'2017-12-11 00:52:50',	'2017-12-11 00:52:50',	1,	1,	'Mozilla/5.0 (X11; Linux i686) AppleWebKit/537.36 (KHTML, like Gecko) Ubuntu Chromium/62.0.3202.94 Chrome/62.0.3202.94 Safari/537.36'),
(16,	'2017-12-11 00:58:37',	'2017-12-11 00:58:37',	3,	3,	'Mozilla/5.0 (X11; Linux i686) AppleWebKit/537.36 (KHTML, like Gecko) Ubuntu Chromium/62.0.3202.94 Chrome/62.0.3202.94 Safari/537.36'),
(17,	'2017-12-11 01:17:41',	'2017-12-11 01:17:41',	7,	3,	'Mozilla/5.0 (X11; Linux i686) AppleWebKit/537.36 (KHTML, like Gecko) Ubuntu Chromium/62.0.3202.94 Chrome/62.0.3202.94 Safari/537.36'),
(18,	'2017-12-11 01:37:40',	'2017-12-11 01:37:40',	2,	2,	'Mozilla/5.0 (X11; Linux i686) AppleWebKit/537.36 (KHTML, like Gecko) Ubuntu Chromium/62.0.3202.94 Chrome/62.0.3202.94 Safari/537.36'),
(19,	'2017-12-11 01:51:37',	'2017-12-11 01:51:37',	2,	2,	'Mozilla/5.0 (X11; Linux i686) AppleWebKit/537.36 (KHTML, like Gecko) Ubuntu Chromium/62.0.3202.94 Chrome/62.0.3202.94 Safari/537.36'),
(20,	'2017-12-11 01:58:29',	'2017-12-11 01:58:29',	4,	2,	'Mozilla/5.0 (X11; Linux i686) AppleWebKit/537.36 (KHTML, like Gecko) Ubuntu Chromium/62.0.3202.94 Chrome/62.0.3202.94 Safari/537.36'),
(21,	'2017-12-11 02:10:54',	'2017-12-11 02:10:54',	3,	3,	'Mozilla/5.0 (X11; Linux i686) AppleWebKit/537.36 (KHTML, like Gecko) Ubuntu Chromium/62.0.3202.94 Chrome/62.0.3202.94 Safari/537.36'),
(22,	'2017-12-11 02:21:29',	'2017-12-11 02:21:29',	2,	2,	'Mozilla/5.0 (X11; Linux i686) AppleWebKit/537.36 (KHTML, like Gecko) Ubuntu Chromium/62.0.3202.94 Chrome/62.0.3202.94 Safari/537.36'),
(23,	'2017-12-11 02:29:18',	'2017-12-11 02:29:18',	3,	3,	'Mozilla/5.0 (X11; Linux i686) AppleWebKit/537.36 (KHTML, like Gecko) Ubuntu Chromium/62.0.3202.94 Chrome/62.0.3202.94 Safari/537.36'),
(24,	'2017-12-16 05:53:55',	'2017-12-16 05:53:55',	8,	3,	'Mozilla/5.0 (X11; Linux i686) AppleWebKit/537.36 (KHTML, like Gecko) Ubuntu Chromium/63.0.3239.84 Chrome/63.0.3239.84 Safari/537.36'),
(25,	'2017-12-16 05:53:56',	'2017-12-16 05:53:56',	8,	3,	'Mozilla/5.0 (X11; Linux i686) AppleWebKit/537.36 (KHTML, like Gecko) Ubuntu Chromium/63.0.3239.84 Chrome/63.0.3239.84 Safari/537.36'),
(26,	'2017-12-16 06:19:29',	'2017-12-16 06:19:29',	9,	3,	'Mozilla/5.0 (X11; Linux i686) AppleWebKit/537.36 (KHTML, like Gecko) Ubuntu Chromium/63.0.3239.84 Chrome/63.0.3239.84 Safari/537.36'),
(27,	'2017-12-16 06:19:30',	'2017-12-16 06:19:30',	9,	3,	'Mozilla/5.0 (X11; Linux i686) AppleWebKit/537.36 (KHTML, like Gecko) Ubuntu Chromium/63.0.3239.84 Chrome/63.0.3239.84 Safari/537.36'),
(28,	'2017-12-16 06:49:49',	'2017-12-16 06:49:49',	9,	3,	'Mozilla/5.0 (X11; Linux i686) AppleWebKit/537.36 (KHTML, like Gecko) Ubuntu Chromium/63.0.3239.84 Chrome/63.0.3239.84 Safari/537.36'),
(29,	'2017-12-16 06:59:25',	'2017-12-16 06:59:25',	8,	3,	'Mozilla/5.0 (X11; Linux i686) AppleWebKit/537.36 (KHTML, like Gecko) Ubuntu Chromium/63.0.3239.84 Chrome/63.0.3239.84 Safari/537.36'),
(30,	'2017-12-16 07:05:33',	'2017-12-16 07:05:33',	9,	3,	'Mozilla/5.0 (X11; Linux i686) AppleWebKit/537.36 (KHTML, like Gecko) Ubuntu Chromium/63.0.3239.84 Chrome/63.0.3239.84 Safari/537.36'),
(31,	'2017-12-18 08:43:04',	'2017-12-18 08:43:04',	8,	3,	'Mozilla/5.0 (X11; Linux i686) AppleWebKit/537.36 (KHTML, like Gecko) Ubuntu Chromium/63.0.3239.84 Chrome/63.0.3239.84 Safari/537.36'),
(32,	'2017-12-18 09:54:12',	'2017-12-18 09:54:12',	8,	3,	'Mozilla/5.0 (X11; Linux i686) AppleWebKit/537.36 (KHTML, like Gecko) Ubuntu Chromium/63.0.3239.84 Chrome/63.0.3239.84 Safari/537.36'),
(33,	'2017-12-19 00:23:58',	'2017-12-19 00:23:58',	8,	3,	'Mozilla/5.0 (X11; Linux i686) AppleWebKit/537.36 (KHTML, like Gecko) Ubuntu Chromium/63.0.3239.84 Chrome/63.0.3239.84 Safari/537.36'),
(34,	'2017-12-19 00:25:31',	'2017-12-19 00:25:31',	8,	3,	'Mozilla/5.0 (X11; Linux i686) AppleWebKit/537.36 (KHTML, like Gecko) Ubuntu Chromium/63.0.3239.84 Chrome/63.0.3239.84 Safari/537.36'),
(35,	'2017-12-19 01:29:58',	'2017-12-19 01:29:58',	8,	3,	'Mozilla/5.0 (X11; Linux i686) AppleWebKit/537.36 (KHTML, like Gecko) Ubuntu Chromium/63.0.3239.84 Chrome/63.0.3239.84 Safari/537.36'),
(36,	'2017-12-19 02:05:47',	'2017-12-19 02:05:47',	8,	3,	'Mozilla/5.0 (X11; Linux i686) AppleWebKit/537.36 (KHTML, like Gecko) Ubuntu Chromium/63.0.3239.84 Chrome/63.0.3239.84 Safari/537.36'),
(37,	'2017-12-19 05:35:25',	'2017-12-19 05:35:25',	8,	3,	'Mozilla/5.0 (X11; Linux i686) AppleWebKit/537.36 (KHTML, like Gecko) Ubuntu Chromium/63.0.3239.84 Chrome/63.0.3239.84 Safari/537.36'),
(38,	'2017-12-19 06:46:19',	'2017-12-19 06:46:19',	8,	3,	'Mozilla/5.0 (X11; Linux i686) AppleWebKit/537.36 (KHTML, like Gecko) Ubuntu Chromium/63.0.3239.84 Chrome/63.0.3239.84 Safari/537.36'),
(39,	'2017-12-20 00:35:08',	'2017-12-20 00:35:08',	8,	3,	'Mozilla/5.0 (X11; Linux i686) AppleWebKit/537.36 (KHTML, like Gecko) Ubuntu Chromium/63.0.3239.84 Chrome/63.0.3239.84 Safari/537.36'),
(40,	'2017-12-20 03:38:36',	'2017-12-20 03:38:36',	1,	1,	'Mozilla/5.0 (X11; Linux i686) AppleWebKit/537.36 (KHTML, like Gecko) Ubuntu Chromium/63.0.3239.84 Chrome/63.0.3239.84 Safari/537.36'),
(41,	'2017-12-20 03:49:02',	'2017-12-20 03:49:02',	1,	1,	'Mozilla/5.0 (X11; Linux i686) AppleWebKit/537.36 (KHTML, like Gecko) Ubuntu Chromium/63.0.3239.84 Chrome/63.0.3239.84 Safari/537.36'),
(42,	'2017-12-20 04:31:52',	'2017-12-20 04:31:52',	1,	1,	'Mozilla/5.0 (X11; Linux i686) AppleWebKit/537.36 (KHTML, like Gecko) Ubuntu Chromium/63.0.3239.84 Chrome/63.0.3239.84 Safari/537.36'),
(43,	'2017-12-20 04:34:13',	'2017-12-20 04:34:13',	1,	1,	'Mozilla/5.0 (X11; Linux i686) AppleWebKit/537.36 (KHTML, like Gecko) Ubuntu Chromium/63.0.3239.84 Chrome/63.0.3239.84 Safari/537.36'),
(44,	'2017-12-20 06:45:04',	'2017-12-20 06:45:04',	2,	2,	'Mozilla/5.0 (X11; Linux i686) AppleWebKit/537.36 (KHTML, like Gecko) Ubuntu Chromium/63.0.3239.84 Chrome/63.0.3239.84 Safari/537.36'),
(45,	'2017-12-20 06:46:10',	'2017-12-20 06:46:10',	3,	3,	'Mozilla/5.0 (X11; Linux i686) AppleWebKit/537.36 (KHTML, like Gecko) Ubuntu Chromium/63.0.3239.84 Chrome/63.0.3239.84 Safari/537.36'),
(46,	'2017-12-20 06:51:35',	'2017-12-20 06:51:35',	1,	1,	'Mozilla/5.0 (X11; Linux i686) AppleWebKit/537.36 (KHTML, like Gecko) Ubuntu Chromium/63.0.3239.84 Chrome/63.0.3239.84 Safari/537.36'),
(47,	'2017-12-20 07:11:51',	'2017-12-20 07:11:51',	1,	1,	'Mozilla/5.0 (X11; Linux i686) AppleWebKit/537.36 (KHTML, like Gecko) Ubuntu Chromium/63.0.3239.84 Chrome/63.0.3239.84 Safari/537.36'),
(48,	'2017-12-20 07:13:02',	'2017-12-20 07:13:02',	1,	1,	'Mozilla/5.0 (X11; Linux i686) AppleWebKit/537.36 (KHTML, like Gecko) Ubuntu Chromium/63.0.3239.84 Chrome/63.0.3239.84 Safari/537.36'),
(49,	'2017-12-20 07:58:08',	'2017-12-20 07:58:08',	2,	2,	'Mozilla/5.0 (X11; Linux i686) AppleWebKit/537.36 (KHTML, like Gecko) Ubuntu Chromium/63.0.3239.84 Chrome/63.0.3239.84 Safari/537.36'),
(50,	'2017-12-20 08:57:44',	'2017-12-20 08:57:44',	1,	1,	'Mozilla/5.0 (X11; Linux i686) AppleWebKit/537.36 (KHTML, like Gecko) Ubuntu Chromium/63.0.3239.84 Chrome/63.0.3239.84 Safari/537.36'),
(51,	'2017-12-20 09:33:27',	'2017-12-20 09:33:27',	1,	1,	'Mozilla/5.0 (X11; Linux i686) AppleWebKit/537.36 (KHTML, like Gecko) Ubuntu Chromium/63.0.3239.84 Chrome/63.0.3239.84 Safari/537.36'),
(52,	'2017-12-20 09:58:24',	'2017-12-20 09:58:24',	3,	3,	'Mozilla/5.0 (X11; Linux i686) AppleWebKit/537.36 (KHTML, like Gecko) Ubuntu Chromium/63.0.3239.84 Chrome/63.0.3239.84 Safari/537.36'),
(53,	'2017-12-21 01:33:41',	'2017-12-21 01:33:41',	3,	3,	'Mozilla/5.0 (X11; Linux i686) AppleWebKit/537.36 (KHTML, like Gecko) Ubuntu Chromium/63.0.3239.84 Chrome/63.0.3239.84 Safari/537.36'),
(54,	'2017-12-21 03:18:26',	'2017-12-21 03:18:26',	2,	2,	'Mozilla/5.0 (X11; Linux i686) AppleWebKit/537.36 (KHTML, like Gecko) Ubuntu Chromium/63.0.3239.84 Chrome/63.0.3239.84 Safari/537.36'),
(55,	'2017-12-21 04:48:47',	'2017-12-21 04:48:47',	3,	3,	'Mozilla/5.0 (X11; Linux i686) AppleWebKit/537.36 (KHTML, like Gecko) Ubuntu Chromium/63.0.3239.84 Chrome/63.0.3239.84 Safari/537.36'),
(56,	'2017-12-21 04:49:18',	'2017-12-21 04:49:18',	8,	3,	'Mozilla/5.0 (X11; Linux i686) AppleWebKit/537.36 (KHTML, like Gecko) Ubuntu Chromium/63.0.3239.84 Chrome/63.0.3239.84 Safari/537.36'),
(59,	'2017-12-21 08:16:01',	'2017-12-21 08:16:01',	1,	1,	'Mozilla/5.0 (X11; Linux i686) AppleWebKit/537.36 (KHTML, like Gecko) Ubuntu Chromium/63.0.3239.84 Chrome/63.0.3239.84 Safari/537.36'),
(61,	'2017-12-21 08:59:55',	'2017-12-21 08:59:55',	1,	1,	'Mozilla/5.0 (X11; Linux i686) AppleWebKit/537.36 (KHTML, like Gecko) Ubuntu Chromium/63.0.3239.84 Chrome/63.0.3239.84 Safari/537.36'),
(62,	'2017-12-21 09:00:16',	'2017-12-21 09:00:16',	1,	1,	'Mozilla/5.0 (X11; Linux i686) AppleWebKit/537.36 (KHTML, like Gecko) Ubuntu Chromium/63.0.3239.84 Chrome/63.0.3239.84 Safari/537.36'),
(63,	'2017-12-21 09:00:29',	'2017-12-21 09:00:29',	1,	1,	'Mozilla/5.0 (X11; Linux i686) AppleWebKit/537.36 (KHTML, like Gecko) Ubuntu Chromium/63.0.3239.84 Chrome/63.0.3239.84 Safari/537.36'),
(64,	'2017-12-21 09:01:19',	'2017-12-21 09:01:19',	1,	1,	'Mozilla/5.0 (X11; Linux i686) AppleWebKit/537.36 (KHTML, like Gecko) Ubuntu Chromium/63.0.3239.84 Chrome/63.0.3239.84 Safari/537.36'),
(65,	'2017-12-21 09:03:21',	'2017-12-21 09:03:21',	1,	1,	'Mozilla/5.0 (X11; Linux i686) AppleWebKit/537.36 (KHTML, like Gecko) Ubuntu Chromium/63.0.3239.84 Chrome/63.0.3239.84 Safari/537.36'),
(66,	'2017-12-21 09:06:42',	'2017-12-21 09:06:42',	1,	1,	'Mozilla/5.0 (X11; Linux i686) AppleWebKit/537.36 (KHTML, like Gecko) Ubuntu Chromium/63.0.3239.84 Chrome/63.0.3239.84 Safari/537.36'),
(67,	'2017-12-21 09:07:35',	'2017-12-21 09:07:35',	1,	1,	'Mozilla/5.0 (X11; Linux i686) AppleWebKit/537.36 (KHTML, like Gecko) Ubuntu Chromium/63.0.3239.84 Chrome/63.0.3239.84 Safari/537.36'),
(68,	'2017-12-21 09:17:54',	'2017-12-21 09:17:54',	1,	1,	'Mozilla/5.0 (X11; Linux i686) AppleWebKit/537.36 (KHTML, like Gecko) Ubuntu Chromium/63.0.3239.84 Chrome/63.0.3239.84 Safari/537.36'),
(69,	'2017-12-21 09:22:47',	'2017-12-21 09:22:47',	1,	1,	'Mozilla/5.0 (X11; Linux i686) AppleWebKit/537.36 (KHTML, like Gecko) Ubuntu Chromium/63.0.3239.84 Chrome/63.0.3239.84 Safari/537.36'),
(77,	'2017-12-22 02:16:32',	'2017-12-22 02:16:32',	8,	3,	'Mozilla/5.0 (X11; Linux i686) AppleWebKit/537.36 (KHTML, like Gecko) Ubuntu Chromium/63.0.3239.84 Chrome/63.0.3239.84 Safari/537.36'),
(80,	'2017-12-22 03:15:44',	'2017-12-22 03:15:44',	3,	3,	'Mozilla/5.0 (X11; Linux i686) AppleWebKit/537.36 (KHTML, like Gecko) Ubuntu Chromium/63.0.3239.84 Chrome/63.0.3239.84 Safari/537.36'),
(81,	'2017-12-22 04:40:26',	'2017-12-22 04:40:26',	3,	3,	'Mozilla/5.0 (X11; Linux i686) AppleWebKit/537.36 (KHTML, like Gecko) Ubuntu Chromium/63.0.3239.84 Chrome/63.0.3239.84 Safari/537.36'),
(82,	'2017-12-22 05:30:05',	'2017-12-22 05:30:05',	2,	2,	'Mozilla/5.0 (X11; Linux i686) AppleWebKit/537.36 (KHTML, like Gecko) Ubuntu Chromium/63.0.3239.84 Chrome/63.0.3239.84 Safari/537.36'),
(83,	'2017-12-22 06:14:21',	'2017-12-22 06:14:21',	1,	1,	'Mozilla/5.0 (X11; Linux i686) AppleWebKit/537.36 (KHTML, like Gecko) Ubuntu Chromium/63.0.3239.84 Chrome/63.0.3239.84 Safari/537.36'),
(84,	'2017-12-26 00:30:44',	'2017-12-26 00:30:44',	8,	3,	'Mozilla/5.0 (X11; Linux i686) AppleWebKit/537.36 (KHTML, like Gecko) Ubuntu Chromium/63.0.3239.84 Chrome/63.0.3239.84 Safari/537.36'),
(85,	'2017-12-26 01:28:09',	'2017-12-26 01:28:09',	1,	1,	'Mozilla/5.0 (X11; Linux i686) AppleWebKit/537.36 (KHTML, like Gecko) Ubuntu Chromium/63.0.3239.84 Chrome/63.0.3239.84 Safari/537.36'),
(86,	'2017-12-26 01:42:54',	'2017-12-26 01:42:54',	8,	3,	'Mozilla/5.0 (X11; Linux i686) AppleWebKit/537.36 (KHTML, like Gecko) Ubuntu Chromium/63.0.3239.84 Chrome/63.0.3239.84 Safari/537.36'),
(89,	'2017-12-26 02:28:01',	'2017-12-26 02:28:01',	8,	3,	'Mozilla/5.0 (X11; Linux i686) AppleWebKit/537.36 (KHTML, like Gecko) Ubuntu Chromium/63.0.3239.84 Chrome/63.0.3239.84 Safari/537.36'),
(90,	'2017-12-26 03:57:18',	'2017-12-26 03:57:18',	1,	1,	'Mozilla/5.0 (X11; Linux i686) AppleWebKit/537.36 (KHTML, like Gecko) Ubuntu Chromium/63.0.3239.84 Chrome/63.0.3239.84 Safari/537.36'),
(91,	'2017-12-26 04:51:18',	'2017-12-26 04:51:18',	1,	1,	'Mozilla/5.0 (X11; Linux i686) AppleWebKit/537.36 (KHTML, like Gecko) Ubuntu Chromium/63.0.3239.84 Chrome/63.0.3239.84 Safari/537.36'),
(92,	'2017-12-26 05:35:19',	'2017-12-26 05:35:19',	14,	3,	'Mozilla/5.0 (X11; Linux i686) AppleWebKit/537.36 (KHTML, like Gecko) Ubuntu Chromium/63.0.3239.84 Chrome/63.0.3239.84 Safari/537.36'),
(93,	'2017-12-26 05:35:20',	'2017-12-26 05:35:20',	14,	3,	'Mozilla/5.0 (X11; Linux i686) AppleWebKit/537.36 (KHTML, like Gecko) Ubuntu Chromium/63.0.3239.84 Chrome/63.0.3239.84 Safari/537.36'),
(94,	'2017-12-26 08:11:34',	'2017-12-26 08:11:34',	3,	3,	'Mozilla/5.0 (X11; Linux i686) AppleWebKit/537.36 (KHTML, like Gecko) Ubuntu Chromium/63.0.3239.84 Chrome/63.0.3239.84 Safari/537.36'),
(95,	'2017-12-26 08:29:22',	'2017-12-26 08:29:22',	8,	3,	'Mozilla/5.0 (X11; Linux i686) AppleWebKit/537.36 (KHTML, like Gecko) Ubuntu Chromium/63.0.3239.84 Chrome/63.0.3239.84 Safari/537.36'),
(96,	'2017-12-26 09:05:38',	'2017-12-26 09:05:38',	3,	3,	'Mozilla/5.0 (X11; Linux i686) AppleWebKit/537.36 (KHTML, like Gecko) Ubuntu Chromium/63.0.3239.84 Chrome/63.0.3239.84 Safari/537.36'),
(97,	'2017-12-26 09:11:41',	'2017-12-26 09:11:41',	14,	3,	'Mozilla/5.0 (X11; Linux i686) AppleWebKit/537.36 (KHTML, like Gecko) Ubuntu Chromium/63.0.3239.84 Chrome/63.0.3239.84 Safari/537.36'),
(98,	'2017-12-26 09:26:38',	'2017-12-26 09:26:38',	8,	3,	'Mozilla/5.0 (X11; Linux i686) AppleWebKit/537.36 (KHTML, like Gecko) Ubuntu Chromium/63.0.3239.84 Chrome/63.0.3239.84 Safari/537.36'),
(99,	'2017-12-27 01:29:53',	'2017-12-27 01:29:53',	3,	3,	'Mozilla/5.0 (X11; Linux i686) AppleWebKit/537.36 (KHTML, like Gecko) Ubuntu Chromium/63.0.3239.84 Chrome/63.0.3239.84 Safari/537.36'),
(100,	'2017-12-27 02:24:02',	'2017-12-27 02:24:02',	8,	3,	'Mozilla/5.0 (X11; Linux i686) AppleWebKit/537.36 (KHTML, like Gecko) Ubuntu Chromium/63.0.3239.84 Chrome/63.0.3239.84 Safari/537.36'),
(101,	'2017-12-27 03:04:01',	'2017-12-27 03:04:01',	8,	3,	'Mozilla/5.0 (X11; Linux i686) AppleWebKit/537.36 (KHTML, like Gecko) Ubuntu Chromium/63.0.3239.84 Chrome/63.0.3239.84 Safari/537.36'),
(102,	'2017-12-27 03:23:47',	'2017-12-27 03:23:47',	1,	1,	'Mozilla/5.0 (X11; Linux i686) AppleWebKit/537.36 (KHTML, like Gecko) Ubuntu Chromium/63.0.3239.84 Chrome/63.0.3239.84 Safari/537.36'),
(103,	'2017-12-27 03:27:31',	'2017-12-27 03:27:31',	8,	3,	'Mozilla/5.0 (X11; Linux i686) AppleWebKit/537.36 (KHTML, like Gecko) Ubuntu Chromium/63.0.3239.84 Chrome/63.0.3239.84 Safari/537.36'),
(104,	'2017-12-27 05:42:30',	'2017-12-27 05:42:30',	8,	3,	'Mozilla/5.0 (X11; Linux i686) AppleWebKit/537.36 (KHTML, like Gecko) Ubuntu Chromium/63.0.3239.84 Chrome/63.0.3239.84 Safari/537.36'),
(105,	'2017-12-27 05:48:58',	'2017-12-27 05:48:58',	8,	3,	'Mozilla/5.0 (X11; Linux i686) AppleWebKit/537.36 (KHTML, like Gecko) Ubuntu Chromium/63.0.3239.84 Chrome/63.0.3239.84 Safari/537.36'),
(106,	'2017-12-27 07:57:54',	'2017-12-27 07:57:54',	8,	3,	'Mozilla/5.0 (X11; Linux i686) AppleWebKit/537.36 (KHTML, like Gecko) Ubuntu Chromium/63.0.3239.84 Chrome/63.0.3239.84 Safari/537.36'),
(107,	'2017-12-27 09:29:51',	'2017-12-27 09:29:51',	1,	1,	'Mozilla/5.0 (X11; Linux i686) AppleWebKit/537.36 (KHTML, like Gecko) Ubuntu Chromium/63.0.3239.84 Chrome/63.0.3239.84 Safari/537.36'),
(108,	'2017-12-28 00:45:40',	'2017-12-28 00:45:40',	1,	1,	'Mozilla/5.0 (X11; Linux i686) AppleWebKit/537.36 (KHTML, like Gecko) Ubuntu Chromium/63.0.3239.84 Chrome/63.0.3239.84 Safari/537.36'),
(109,	'2017-12-28 00:48:24',	'2017-12-28 00:48:24',	15,	3,	'Mozilla/5.0 (X11; Linux i686) AppleWebKit/537.36 (KHTML, like Gecko) Ubuntu Chromium/63.0.3239.84 Chrome/63.0.3239.84 Safari/537.36'),
(110,	'2017-12-28 00:48:25',	'2017-12-28 00:48:25',	15,	3,	'Mozilla/5.0 (X11; Linux i686) AppleWebKit/537.36 (KHTML, like Gecko) Ubuntu Chromium/63.0.3239.84 Chrome/63.0.3239.84 Safari/537.36'),
(111,	'2017-12-28 01:13:02',	'2017-12-28 01:13:02',	16,	3,	'Mozilla/5.0 (X11; Linux i686) AppleWebKit/537.36 (KHTML, like Gecko) Ubuntu Chromium/63.0.3239.84 Chrome/63.0.3239.84 Safari/537.36'),
(112,	'2017-12-28 01:13:03',	'2017-12-28 01:13:03',	16,	3,	'Mozilla/5.0 (X11; Linux i686) AppleWebKit/537.36 (KHTML, like Gecko) Ubuntu Chromium/63.0.3239.84 Chrome/63.0.3239.84 Safari/537.36'),
(113,	'2017-12-28 01:23:57',	'2017-12-28 01:23:57',	15,	3,	'Mozilla/5.0 (X11; Linux i686) AppleWebKit/537.36 (KHTML, like Gecko) Ubuntu Chromium/63.0.3239.84 Chrome/63.0.3239.84 Safari/537.36'),
(114,	'2017-12-28 01:28:16',	'2017-12-28 01:28:16',	16,	3,	'Mozilla/5.0 (X11; Linux i686) AppleWebKit/537.36 (KHTML, like Gecko) Ubuntu Chromium/63.0.3239.84 Chrome/63.0.3239.84 Safari/537.36'),
(115,	'2017-12-28 01:29:22',	'2017-12-28 01:29:22',	15,	3,	'Mozilla/5.0 (X11; Linux i686) AppleWebKit/537.36 (KHTML, like Gecko) Ubuntu Chromium/63.0.3239.84 Chrome/63.0.3239.84 Safari/537.36'),
(116,	'2017-12-28 02:20:49',	'2017-12-28 02:20:49',	8,	3,	'Mozilla/5.0 (X11; Linux i686) AppleWebKit/537.36 (KHTML, like Gecko) Ubuntu Chromium/63.0.3239.84 Chrome/63.0.3239.84 Safari/537.36'),
(117,	'2017-12-28 02:50:15',	'2017-12-28 02:50:15',	3,	3,	'Mozilla/5.0 (X11; Linux i686) AppleWebKit/537.36 (KHTML, like Gecko) Ubuntu Chromium/63.0.3239.84 Chrome/63.0.3239.84 Safari/537.36'),
(118,	'2017-12-28 03:00:14',	'2017-12-28 03:00:14',	2,	2,	'Mozilla/5.0 (X11; Linux i686) AppleWebKit/537.36 (KHTML, like Gecko) Ubuntu Chromium/63.0.3239.84 Chrome/63.0.3239.84 Safari/537.36'),
(119,	'2017-12-28 03:36:11',	'2017-12-28 03:36:11',	3,	3,	'Mozilla/5.0 (X11; Linux i686) AppleWebKit/537.36 (KHTML, like Gecko) Ubuntu Chromium/63.0.3239.84 Chrome/63.0.3239.84 Safari/537.36'),
(120,	'2017-12-28 03:48:42',	'2017-12-28 03:48:42',	2,	2,	'Mozilla/5.0 (X11; Linux i686) AppleWebKit/537.36 (KHTML, like Gecko) Ubuntu Chromium/63.0.3239.84 Chrome/63.0.3239.84 Safari/537.36'),
(121,	'2017-12-28 03:53:31',	'2017-12-28 03:53:31',	3,	3,	'Mozilla/5.0 (X11; Linux i686) AppleWebKit/537.36 (KHTML, like Gecko) Ubuntu Chromium/63.0.3239.84 Chrome/63.0.3239.84 Safari/537.36'),
(122,	'2017-12-28 05:06:32',	'2017-12-28 05:06:32',	8,	3,	'Mozilla/5.0 (X11; Linux i686) AppleWebKit/537.36 (KHTML, like Gecko) Ubuntu Chromium/63.0.3239.84 Chrome/63.0.3239.84 Safari/537.36'),
(123,	'2017-12-28 05:07:44',	'2017-12-28 05:07:44',	9,	3,	'Mozilla/5.0 (X11; Linux i686) AppleWebKit/537.36 (KHTML, like Gecko) Ubuntu Chromium/63.0.3239.84 Chrome/63.0.3239.84 Safari/537.36'),
(124,	'2017-12-28 05:08:05',	'2017-12-28 05:08:05',	3,	3,	'Mozilla/5.0 (X11; Linux i686) AppleWebKit/537.36 (KHTML, like Gecko) Ubuntu Chromium/63.0.3239.84 Chrome/63.0.3239.84 Safari/537.36'),
(125,	'2017-12-28 05:45:22',	'2017-12-28 05:45:22',	8,	3,	'Mozilla/5.0 (X11; Linux i686) AppleWebKit/537.36 (KHTML, like Gecko) Ubuntu Chromium/63.0.3239.84 Chrome/63.0.3239.84 Safari/537.36'),
(126,	'2017-12-28 06:03:03',	'2017-12-28 06:03:03',	1,	1,	'Mozilla/5.0 (X11; Linux i686) AppleWebKit/537.36 (KHTML, like Gecko) Ubuntu Chromium/63.0.3239.84 Chrome/63.0.3239.84 Safari/537.36'),
(127,	'2017-12-28 06:05:35',	'2017-12-28 06:05:35',	3,	3,	'Mozilla/5.0 (X11; Linux i686) AppleWebKit/537.36 (KHTML, like Gecko) Ubuntu Chromium/63.0.3239.84 Chrome/63.0.3239.84 Safari/537.36'),
(128,	'2017-12-28 06:09:44',	'2017-12-28 06:09:44',	8,	3,	'Mozilla/5.0 (X11; Linux i686) AppleWebKit/537.36 (KHTML, like Gecko) Ubuntu Chromium/63.0.3239.84 Chrome/63.0.3239.84 Safari/537.36'),
(129,	'2017-12-28 06:13:24',	'2017-12-28 06:13:24',	3,	3,	'Mozilla/5.0 (X11; Linux i686) AppleWebKit/537.36 (KHTML, like Gecko) Ubuntu Chromium/63.0.3239.84 Chrome/63.0.3239.84 Safari/537.36'),
(130,	'2017-12-28 06:26:25',	'2017-12-28 06:26:25',	7,	3,	'Mozilla/5.0 (X11; Linux i686) AppleWebKit/537.36 (KHTML, like Gecko) Ubuntu Chromium/63.0.3239.84 Chrome/63.0.3239.84 Safari/537.36'),
(131,	'2017-12-28 06:30:18',	'2017-12-28 06:30:18',	3,	3,	'Mozilla/5.0 (X11; Linux i686) AppleWebKit/537.36 (KHTML, like Gecko) Ubuntu Chromium/63.0.3239.84 Chrome/63.0.3239.84 Safari/537.36'),
(132,	'2017-12-28 06:41:21',	'2017-12-28 06:41:21',	14,	3,	'Mozilla/5.0 (X11; Linux i686) AppleWebKit/537.36 (KHTML, like Gecko) Ubuntu Chromium/63.0.3239.84 Chrome/63.0.3239.84 Safari/537.36'),
(133,	'2017-12-28 06:46:14',	'2017-12-28 06:46:14',	2,	2,	'Mozilla/5.0 (X11; Linux i686) AppleWebKit/537.36 (KHTML, like Gecko) Ubuntu Chromium/63.0.3239.84 Chrome/63.0.3239.84 Safari/537.36'),
(134,	'2017-12-28 06:46:51',	'2017-12-28 06:46:51',	9,	3,	'Mozilla/5.0 (X11; Linux i686) AppleWebKit/537.36 (KHTML, like Gecko) Ubuntu Chromium/63.0.3239.84 Chrome/63.0.3239.84 Safari/537.36'),
(135,	'2017-12-28 06:56:12',	'2017-12-28 06:56:12',	8,	3,	'Mozilla/5.0 (X11; Linux i686) AppleWebKit/537.36 (KHTML, like Gecko) Ubuntu Chromium/63.0.3239.84 Chrome/63.0.3239.84 Safari/537.36'),
(136,	'2017-12-28 08:34:46',	'2017-12-28 08:34:46',	8,	3,	'Mozilla/5.0 (X11; Linux i686) AppleWebKit/537.36 (KHTML, like Gecko) Ubuntu Chromium/63.0.3239.84 Chrome/63.0.3239.84 Safari/537.36'),
(137,	'2017-12-29 00:33:48',	'2017-12-29 00:33:48',	3,	3,	'Mozilla/5.0 (X11; Linux i686) AppleWebKit/537.36 (KHTML, like Gecko) Ubuntu Chromium/63.0.3239.84 Chrome/63.0.3239.84 Safari/537.36'),
(138,	'2017-12-29 01:03:30',	'2017-12-29 01:03:30',	2,	2,	'Mozilla/5.0 (X11; Linux i686) AppleWebKit/537.36 (KHTML, like Gecko) Ubuntu Chromium/63.0.3239.84 Chrome/63.0.3239.84 Safari/537.36'),
(139,	'2017-12-29 01:19:09',	'2017-12-29 01:19:09',	3,	3,	'Mozilla/5.0 (X11; Linux i686) AppleWebKit/537.36 (KHTML, like Gecko) Ubuntu Chromium/63.0.3239.84 Chrome/63.0.3239.84 Safari/537.36'),
(140,	'2017-12-29 01:20:38',	'2017-12-29 01:20:38',	2,	2,	'Mozilla/5.0 (X11; Linux i686) AppleWebKit/537.36 (KHTML, like Gecko) Ubuntu Chromium/63.0.3239.84 Chrome/63.0.3239.84 Safari/537.36'),
(141,	'2017-12-29 01:35:58',	'2017-12-29 01:35:58',	3,	3,	'Mozilla/5.0 (X11; Linux i686) AppleWebKit/537.36 (KHTML, like Gecko) Ubuntu Chromium/63.0.3239.84 Chrome/63.0.3239.84 Safari/537.36'),
(142,	'2017-12-29 01:37:19',	'2017-12-29 01:37:19',	7,	3,	'Mozilla/5.0 (X11; Linux i686) AppleWebKit/537.36 (KHTML, like Gecko) Ubuntu Chromium/63.0.3239.84 Chrome/63.0.3239.84 Safari/537.36'),
(143,	'2017-12-29 01:39:17',	'2017-12-29 01:39:17',	14,	3,	'Mozilla/5.0 (X11; Linux i686) AppleWebKit/537.36 (KHTML, like Gecko) Ubuntu Chromium/63.0.3239.84 Chrome/63.0.3239.84 Safari/537.36'),
(144,	'2017-12-29 01:41:18',	'2017-12-29 01:41:18',	8,	3,	'Mozilla/5.0 (X11; Linux i686) AppleWebKit/537.36 (KHTML, like Gecko) Ubuntu Chromium/63.0.3239.84 Chrome/63.0.3239.84 Safari/537.36'),
(145,	'2017-12-29 01:43:03',	'2017-12-29 01:43:03',	9,	3,	'Mozilla/5.0 (X11; Linux i686) AppleWebKit/537.36 (KHTML, like Gecko) Ubuntu Chromium/63.0.3239.84 Chrome/63.0.3239.84 Safari/537.36'),
(146,	'2017-12-29 01:44:39',	'2017-12-29 01:44:39',	15,	3,	'Mozilla/5.0 (X11; Linux i686) AppleWebKit/537.36 (KHTML, like Gecko) Ubuntu Chromium/63.0.3239.84 Chrome/63.0.3239.84 Safari/537.36'),
(147,	'2017-12-29 01:47:35',	'2017-12-29 01:47:35',	16,	3,	'Mozilla/5.0 (X11; Linux i686) AppleWebKit/537.36 (KHTML, like Gecko) Ubuntu Chromium/63.0.3239.84 Chrome/63.0.3239.84 Safari/537.36'),
(148,	'2017-12-29 01:49:07',	'2017-12-29 01:49:07',	17,	3,	'Mozilla/5.0 (X11; Linux i686) AppleWebKit/537.36 (KHTML, like Gecko) Ubuntu Chromium/63.0.3239.84 Chrome/63.0.3239.84 Safari/537.36'),
(149,	'2017-12-29 01:49:08',	'2017-12-29 01:49:08',	17,	3,	'Mozilla/5.0 (X11; Linux i686) AppleWebKit/537.36 (KHTML, like Gecko) Ubuntu Chromium/63.0.3239.84 Chrome/63.0.3239.84 Safari/537.36'),
(150,	'2017-12-29 02:16:17',	'2017-12-29 02:16:17',	1,	1,	'Mozilla/5.0 (X11; Linux i686) AppleWebKit/537.36 (KHTML, like Gecko) Ubuntu Chromium/63.0.3239.84 Chrome/63.0.3239.84 Safari/537.36'),
(151,	'2017-12-29 03:27:01',	'2017-12-29 03:27:01',	18,	3,	'Mozilla/5.0 (X11; Linux i686) AppleWebKit/537.36 (KHTML, like Gecko) Ubuntu Chromium/63.0.3239.84 Chrome/63.0.3239.84 Safari/537.36'),
(152,	'2017-12-29 03:27:02',	'2017-12-29 03:27:02',	18,	3,	'Mozilla/5.0 (X11; Linux i686) AppleWebKit/537.36 (KHTML, like Gecko) Ubuntu Chromium/63.0.3239.84 Chrome/63.0.3239.84 Safari/537.36'),
(153,	'2017-12-29 03:51:10',	'2017-12-29 03:51:10',	17,	3,	'Mozilla/5.0 (X11; Linux i686) AppleWebKit/537.36 (KHTML, like Gecko) Ubuntu Chromium/63.0.3239.84 Chrome/63.0.3239.84 Safari/537.36'),
(154,	'2017-12-29 04:44:04',	'2017-12-29 04:44:04',	19,	3,	'Mozilla/5.0 (X11; Linux i686) AppleWebKit/537.36 (KHTML, like Gecko) Ubuntu Chromium/63.0.3239.84 Chrome/63.0.3239.84 Safari/537.36'),
(155,	'2017-12-29 04:44:05',	'2017-12-29 04:44:05',	19,	3,	'Mozilla/5.0 (X11; Linux i686) AppleWebKit/537.36 (KHTML, like Gecko) Ubuntu Chromium/63.0.3239.84 Chrome/63.0.3239.84 Safari/537.36'),
(156,	'2017-12-29 04:53:57',	'2017-12-29 04:53:57',	20,	3,	'Mozilla/5.0 (X11; Linux i686) AppleWebKit/537.36 (KHTML, like Gecko) Ubuntu Chromium/63.0.3239.84 Chrome/63.0.3239.84 Safari/537.36'),
(157,	'2017-12-29 04:53:58',	'2017-12-29 04:53:58',	20,	3,	'Mozilla/5.0 (X11; Linux i686) AppleWebKit/537.36 (KHTML, like Gecko) Ubuntu Chromium/63.0.3239.84 Chrome/63.0.3239.84 Safari/537.36'),
(158,	'2017-12-29 05:08:50',	'2017-12-29 05:08:50',	3,	3,	'Mozilla/5.0 (X11; Linux i686) AppleWebKit/537.36 (KHTML, like Gecko) Ubuntu Chromium/63.0.3239.84 Chrome/63.0.3239.84 Safari/537.36'),
(159,	'2017-12-29 05:09:46',	'2017-12-29 05:09:46',	1,	1,	'Mozilla/5.0 (X11; Linux i686) AppleWebKit/537.36 (KHTML, like Gecko) Ubuntu Chromium/63.0.3239.84 Chrome/63.0.3239.84 Safari/537.36'),
(160,	'2017-12-29 05:21:04',	'2017-12-29 05:21:04',	21,	3,	'Mozilla/5.0 (X11; Linux i686) AppleWebKit/537.36 (KHTML, like Gecko) Ubuntu Chromium/63.0.3239.84 Chrome/63.0.3239.84 Safari/537.36'),
(161,	'2017-12-29 05:21:04',	'2017-12-29 05:21:04',	21,	3,	'Mozilla/5.0 (X11; Linux i686) AppleWebKit/537.36 (KHTML, like Gecko) Ubuntu Chromium/63.0.3239.84 Chrome/63.0.3239.84 Safari/537.36'),
(162,	'2017-12-29 05:31:19',	'2017-12-29 05:31:19',	3,	3,	'Mozilla/5.0 (X11; Linux i686) AppleWebKit/537.36 (KHTML, like Gecko) Ubuntu Chromium/63.0.3239.84 Chrome/63.0.3239.84 Safari/537.36'),
(163,	'2017-12-29 05:32:28',	'2017-12-29 05:32:28',	21,	3,	'Mozilla/5.0 (X11; Linux i686) AppleWebKit/537.36 (KHTML, like Gecko) Ubuntu Chromium/63.0.3239.84 Chrome/63.0.3239.84 Safari/537.36'),
(164,	'2017-12-29 05:38:03',	'2017-12-29 05:38:03',	22,	3,	'Mozilla/5.0 (X11; Linux i686) AppleWebKit/537.36 (KHTML, like Gecko) Ubuntu Chromium/63.0.3239.84 Chrome/63.0.3239.84 Safari/537.36'),
(165,	'2017-12-29 05:38:04',	'2017-12-29 05:38:04',	22,	3,	'Mozilla/5.0 (X11; Linux i686) AppleWebKit/537.36 (KHTML, like Gecko) Ubuntu Chromium/63.0.3239.84 Chrome/63.0.3239.84 Safari/537.36'),
(166,	'2017-12-29 06:03:34',	'2017-12-29 06:03:34',	23,	3,	'Mozilla/5.0 (X11; Linux i686) AppleWebKit/537.36 (KHTML, like Gecko) Ubuntu Chromium/63.0.3239.84 Chrome/63.0.3239.84 Safari/537.36'),
(167,	'2017-12-29 06:03:35',	'2017-12-29 06:03:35',	23,	3,	'Mozilla/5.0 (X11; Linux i686) AppleWebKit/537.36 (KHTML, like Gecko) Ubuntu Chromium/63.0.3239.84 Chrome/63.0.3239.84 Safari/537.36'),
(168,	'2017-12-29 06:12:41',	'2017-12-29 06:12:41',	24,	3,	'Mozilla/5.0 (X11; Linux i686) AppleWebKit/537.36 (KHTML, like Gecko) Ubuntu Chromium/63.0.3239.84 Chrome/63.0.3239.84 Safari/537.36'),
(169,	'2017-12-29 06:12:42',	'2017-12-29 06:12:42',	24,	3,	'Mozilla/5.0 (X11; Linux i686) AppleWebKit/537.36 (KHTML, like Gecko) Ubuntu Chromium/63.0.3239.84 Chrome/63.0.3239.84 Safari/537.36'),
(170,	'2017-12-29 06:18:16',	'2017-12-29 06:18:16',	25,	3,	'Mozilla/5.0 (X11; Linux i686) AppleWebKit/537.36 (KHTML, like Gecko) Ubuntu Chromium/63.0.3239.84 Chrome/63.0.3239.84 Safari/537.36'),
(171,	'2017-12-29 06:18:16',	'2017-12-29 06:18:16',	25,	3,	'Mozilla/5.0 (X11; Linux i686) AppleWebKit/537.36 (KHTML, like Gecko) Ubuntu Chromium/63.0.3239.84 Chrome/63.0.3239.84 Safari/537.36'),
(172,	'2017-12-29 07:00:51',	'2017-12-29 07:00:51',	1,	1,	'Mozilla/5.0 (X11; Linux i686) AppleWebKit/537.36 (KHTML, like Gecko) Ubuntu Chromium/63.0.3239.84 Chrome/63.0.3239.84 Safari/537.36'),
(173,	'2017-12-29 08:38:08',	'2017-12-29 08:38:08',	22,	3,	'Mozilla/5.0 (X11; Linux i686) AppleWebKit/537.36 (KHTML, like Gecko) Ubuntu Chromium/63.0.3239.84 Chrome/63.0.3239.84 Safari/537.36'),
(174,	'2017-12-29 08:39:49',	'2017-12-29 08:39:49',	23,	3,	'Mozilla/5.0 (X11; Linux i686) AppleWebKit/537.36 (KHTML, like Gecko) Ubuntu Chromium/63.0.3239.84 Chrome/63.0.3239.84 Safari/537.36'),
(175,	'2017-12-29 08:41:22',	'2017-12-29 08:41:22',	24,	3,	'Mozilla/5.0 (X11; Linux i686) AppleWebKit/537.36 (KHTML, like Gecko) Ubuntu Chromium/63.0.3239.84 Chrome/63.0.3239.84 Safari/537.36'),
(176,	'2017-12-29 08:42:37',	'2017-12-29 08:42:37',	25,	3,	'Mozilla/5.0 (X11; Linux i686) AppleWebKit/537.36 (KHTML, like Gecko) Ubuntu Chromium/63.0.3239.84 Chrome/63.0.3239.84 Safari/537.36'),
(177,	'2017-12-29 08:43:48',	'2017-12-29 08:43:48',	16,	3,	'Mozilla/5.0 (X11; Linux i686) AppleWebKit/537.36 (KHTML, like Gecko) Ubuntu Chromium/63.0.3239.84 Chrome/63.0.3239.84 Safari/537.36'),
(178,	'2017-12-29 08:48:28',	'2017-12-29 08:48:28',	17,	3,	'Mozilla/5.0 (X11; Linux i686) AppleWebKit/537.36 (KHTML, like Gecko) Ubuntu Chromium/63.0.3239.84 Chrome/63.0.3239.84 Safari/537.36'),
(179,	'2017-12-29 08:49:39',	'2017-12-29 08:49:39',	19,	3,	'Mozilla/5.0 (X11; Linux i686) AppleWebKit/537.36 (KHTML, like Gecko) Ubuntu Chromium/63.0.3239.84 Chrome/63.0.3239.84 Safari/537.36'),
(180,	'2017-12-29 08:51:19',	'2017-12-29 08:51:19',	20,	3,	'Mozilla/5.0 (X11; Linux i686) AppleWebKit/537.36 (KHTML, like Gecko) Ubuntu Chromium/63.0.3239.84 Chrome/63.0.3239.84 Safari/537.36'),
(181,	'2017-12-29 08:56:30',	'2017-12-29 08:56:30',	8,	3,	'Mozilla/5.0 (X11; Linux i686) AppleWebKit/537.36 (KHTML, like Gecko) Ubuntu Chromium/63.0.3239.84 Chrome/63.0.3239.84 Safari/537.36'),
(182,	'2017-12-29 08:56:53',	'2017-12-29 08:56:53',	9,	3,	'Mozilla/5.0 (X11; Linux i686) AppleWebKit/537.36 (KHTML, like Gecko) Ubuntu Chromium/63.0.3239.84 Chrome/63.0.3239.84 Safari/537.36'),
(183,	'2017-12-29 08:57:33',	'2017-12-29 08:57:33',	15,	3,	'Mozilla/5.0 (X11; Linux i686) AppleWebKit/537.36 (KHTML, like Gecko) Ubuntu Chromium/63.0.3239.84 Chrome/63.0.3239.84 Safari/537.36'),
(184,	'2017-12-29 09:06:01',	'2017-12-29 09:06:01',	18,	3,	'Mozilla/5.0 (X11; Linux i686) AppleWebKit/537.36 (KHTML, like Gecko) Ubuntu Chromium/63.0.3239.84 Chrome/63.0.3239.84 Safari/537.36'),
(185,	'2017-12-29 09:10:38',	'2017-12-29 09:10:38',	3,	3,	'Mozilla/5.0 (X11; Linux i686) AppleWebKit/537.36 (KHTML, like Gecko) Ubuntu Chromium/63.0.3239.84 Chrome/63.0.3239.84 Safari/537.36'),
(186,	'2017-12-29 09:11:12',	'2017-12-29 09:11:12',	7,	3,	'Mozilla/5.0 (X11; Linux i686) AppleWebKit/537.36 (KHTML, like Gecko) Ubuntu Chromium/63.0.3239.84 Chrome/63.0.3239.84 Safari/537.36'),
(187,	'2017-12-29 09:25:00',	'2017-12-29 09:25:00',	1,	1,	'Mozilla/5.0 (X11; Linux i686) AppleWebKit/537.36 (KHTML, like Gecko) Ubuntu Chromium/63.0.3239.84 Chrome/63.0.3239.84 Safari/537.36'),
(188,	'2017-12-29 09:38:51',	'2017-12-29 09:38:51',	3,	3,	'Mozilla/5.0 (X11; Linux i686) AppleWebKit/537.36 (KHTML, like Gecko) Ubuntu Chromium/63.0.3239.84 Chrome/63.0.3239.84 Safari/537.36'),
(189,	'2017-12-29 09:40:31',	'2017-12-29 09:40:31',	14,	3,	'Mozilla/5.0 (X11; Linux i686) AppleWebKit/537.36 (KHTML, like Gecko) Ubuntu Chromium/63.0.3239.84 Chrome/63.0.3239.84 Safari/537.36'),
(190,	'2017-12-29 09:44:29',	'2017-12-29 09:44:29',	21,	3,	'Mozilla/5.0 (X11; Linux i686) AppleWebKit/537.36 (KHTML, like Gecko) Ubuntu Chromium/63.0.3239.84 Chrome/63.0.3239.84 Safari/537.36'),
(191,	'2017-12-30 09:30:25',	'2017-12-30 09:30:25',	22,	3,	'Mozilla/5.0 (X11; Linux i686) AppleWebKit/537.36 (KHTML, like Gecko) Ubuntu Chromium/63.0.3239.84 Chrome/63.0.3239.84 Safari/537.36'),
(192,	'2017-12-30 09:31:44',	'2017-12-30 09:31:44',	24,	3,	'Mozilla/5.0 (X11; Linux i686) AppleWebKit/537.36 (KHTML, like Gecko) Ubuntu Chromium/63.0.3239.84 Chrome/63.0.3239.84 Safari/537.36'),
(193,	'2017-12-30 09:32:44',	'2017-12-30 09:32:44',	24,	3,	'Mozilla/5.0 (X11; Linux i686) AppleWebKit/537.36 (KHTML, like Gecko) Ubuntu Chromium/63.0.3239.84 Chrome/63.0.3239.84 Safari/537.36'),
(194,	'2017-12-30 09:34:49',	'2017-12-30 09:34:49',	25,	3,	'Mozilla/5.0 (X11; Linux i686) AppleWebKit/537.36 (KHTML, like Gecko) Ubuntu Chromium/63.0.3239.84 Chrome/63.0.3239.84 Safari/537.36'),
(195,	'2018-01-02 03:43:35',	'2018-01-02 03:43:35',	1,	1,	'Mozilla/5.0 (X11; Linux i686) AppleWebKit/537.36 (KHTML, like Gecko) Ubuntu Chromium/63.0.3239.84 Chrome/63.0.3239.84 Safari/537.36'),
(196,	'2018-01-02 03:48:19',	'2018-01-02 03:48:19',	3,	3,	'Mozilla/5.0 (X11; Linux i686) AppleWebKit/537.36 (KHTML, like Gecko) Ubuntu Chromium/63.0.3239.84 Chrome/63.0.3239.84 Safari/537.36'),
(197,	'2018-01-02 04:03:31',	'2018-01-02 04:03:31',	8,	3,	'Mozilla/5.0 (X11; Linux i686) AppleWebKit/537.36 (KHTML, like Gecko) Ubuntu Chromium/63.0.3239.84 Chrome/63.0.3239.84 Safari/537.36'),
(198,	'2018-01-02 04:59:48',	'2018-01-02 04:59:48',	16,	3,	'Mozilla/5.0 (X11; Linux i686) AppleWebKit/537.36 (KHTML, like Gecko) Ubuntu Chromium/63.0.3239.84 Chrome/63.0.3239.84 Safari/537.36'),
(199,	'2018-01-02 05:06:30',	'2018-01-02 05:06:30',	22,	3,	'Mozilla/5.0 (X11; Linux i686) AppleWebKit/537.36 (KHTML, like Gecko) Ubuntu Chromium/63.0.3239.84 Chrome/63.0.3239.84 Safari/537.36'),
(200,	'2018-01-02 05:09:50',	'2018-01-02 05:09:50',	16,	3,	'Mozilla/5.0 (X11; Linux i686) AppleWebKit/537.36 (KHTML, like Gecko) Ubuntu Chromium/63.0.3239.84 Chrome/63.0.3239.84 Safari/537.36'),
(201,	'2018-01-02 05:11:08',	'2018-01-02 05:11:08',	2,	2,	'Mozilla/5.0 (X11; Linux i686) AppleWebKit/537.36 (KHTML, like Gecko) Ubuntu Chromium/63.0.3239.84 Chrome/63.0.3239.84 Safari/537.36'),
(202,	'2018-01-02 05:24:43',	'2018-01-02 05:24:43',	8,	3,	'Mozilla/5.0 (X11; Linux i686) AppleWebKit/537.36 (KHTML, like Gecko) Ubuntu Chromium/63.0.3239.84 Chrome/63.0.3239.84 Safari/537.36'),
(203,	'2018-01-02 05:34:22',	'2018-01-02 05:34:22',	4,	2,	'Mozilla/5.0 (X11; Linux i686) AppleWebKit/537.36 (KHTML, like Gecko) Ubuntu Chromium/63.0.3239.84 Chrome/63.0.3239.84 Safari/537.36'),
(204,	'2018-01-02 05:49:42',	'2018-01-02 05:49:42',	1,	1,	'Mozilla/5.0 (X11; Linux i686) AppleWebKit/537.36 (KHTML, like Gecko) Ubuntu Chromium/63.0.3239.84 Chrome/63.0.3239.84 Safari/537.36'),
(205,	'2018-01-02 05:59:00',	'2018-01-02 05:59:00',	16,	3,	'Mozilla/5.0 (X11; Linux i686) AppleWebKit/537.36 (KHTML, like Gecko) Ubuntu Chromium/63.0.3239.84 Chrome/63.0.3239.84 Safari/537.36'),
(206,	'2018-01-02 05:59:44',	'2018-01-02 05:59:44',	2,	2,	'Mozilla/5.0 (X11; Linux i686) AppleWebKit/537.36 (KHTML, like Gecko) Ubuntu Chromium/63.0.3239.84 Chrome/63.0.3239.84 Safari/537.36'),
(207,	'2018-01-02 06:12:19',	'2018-01-02 06:12:19',	22,	3,	'Mozilla/5.0 (X11; Linux i686) AppleWebKit/537.36 (KHTML, like Gecko) Ubuntu Chromium/63.0.3239.84 Chrome/63.0.3239.84 Safari/537.36'),
(208,	'2018-01-02 06:31:51',	'2018-01-02 06:31:51',	1,	1,	'Mozilla/5.0 (X11; Linux i686) AppleWebKit/537.36 (KHTML, like Gecko) Ubuntu Chromium/63.0.3239.84 Chrome/63.0.3239.84 Safari/537.36'),
(209,	'2018-03-02 07:05:17',	'2018-03-02 07:05:17',	2,	2,	'Mozilla/5.0 (X11; Linux x86_64) AppleWebKit/537.36 (KHTML, like Gecko) Ubuntu Chromium/64.0.3282.167 Chrome/64.0.3282.167 Safari/537.36'),
(210,	'2018-03-02 07:14:06',	'2018-03-02 07:14:06',	4,	2,	'Mozilla/5.0 (X11; Linux x86_64) AppleWebKit/537.36 (KHTML, like Gecko) Ubuntu Chromium/64.0.3282.167 Chrome/64.0.3282.167 Safari/537.36'),
(211,	'2018-03-02 08:20:12',	'2018-03-02 08:20:12',	22,	3,	'Mozilla/5.0 (X11; Linux x86_64) AppleWebKit/537.36 (KHTML, like Gecko) Ubuntu Chromium/64.0.3282.167 Chrome/64.0.3282.167 Safari/537.36'),
(212,	'2018-03-02 08:20:47',	'2018-03-02 08:20:47',	8,	3,	'Mozilla/5.0 (X11; Linux x86_64) AppleWebKit/537.36 (KHTML, like Gecko) Ubuntu Chromium/64.0.3282.167 Chrome/64.0.3282.167 Safari/537.36'),
(213,	'2018-03-02 08:21:16',	'2018-03-02 08:21:16',	15,	3,	'Mozilla/5.0 (X11; Linux x86_64) AppleWebKit/537.36 (KHTML, like Gecko) Ubuntu Chromium/64.0.3282.167 Chrome/64.0.3282.167 Safari/537.36'),
(214,	'2018-03-02 08:21:39',	'2018-03-02 08:21:39',	15,	3,	'Mozilla/5.0 (X11; Linux x86_64) AppleWebKit/537.36 (KHTML, like Gecko) Ubuntu Chromium/64.0.3282.167 Chrome/64.0.3282.167 Safari/537.36'),
(215,	'2018-03-02 08:21:59',	'2018-03-02 08:21:59',	18,	3,	'Mozilla/5.0 (X11; Linux x86_64) AppleWebKit/537.36 (KHTML, like Gecko) Ubuntu Chromium/64.0.3282.167 Chrome/64.0.3282.167 Safari/537.36'),
(216,	'2018-03-02 08:36:46',	'2018-03-02 08:36:46',	2,	2,	'Mozilla/5.0 (X11; Linux x86_64) AppleWebKit/537.36 (KHTML, like Gecko) Ubuntu Chromium/64.0.3282.167 Chrome/64.0.3282.167 Safari/537.36'),
(217,	'2018-03-02 08:55:07',	'2018-03-02 08:55:07',	8,	3,	'Mozilla/5.0 (X11; Linux x86_64) AppleWebKit/537.36 (KHTML, like Gecko) Ubuntu Chromium/64.0.3282.167 Chrome/64.0.3282.167 Safari/537.36'),
(218,	'2018-03-05 00:15:25',	'2018-03-05 00:15:25',	8,	3,	'Mozilla/5.0 (X11; Linux x86_64) AppleWebKit/537.36 (KHTML, like Gecko) Ubuntu Chromium/64.0.3282.167 Chrome/64.0.3282.167 Safari/537.36'),
(219,	'2018-03-05 00:16:01',	'2018-03-05 00:16:01',	2,	2,	'Mozilla/5.0 (X11; Linux x86_64) AppleWebKit/537.36 (KHTML, like Gecko) Ubuntu Chromium/64.0.3282.167 Chrome/64.0.3282.167 Safari/537.36'),
(220,	'2018-03-05 00:20:41',	'2018-03-05 00:20:41',	4,	2,	'Mozilla/5.0 (X11; Linux x86_64) AppleWebKit/537.36 (KHTML, like Gecko) Ubuntu Chromium/64.0.3282.167 Chrome/64.0.3282.167 Safari/537.36'),
(221,	'2018-03-05 00:30:48',	'2018-03-05 00:30:48',	2,	2,	'Mozilla/5.0 (X11; Linux x86_64) AppleWebKit/537.36 (KHTML, like Gecko) Ubuntu Chromium/64.0.3282.167 Chrome/64.0.3282.167 Safari/537.36'),
(222,	'2018-03-05 00:45:37',	'2018-03-05 00:45:37',	2,	2,	'Mozilla/5.0 (X11; Linux x86_64) AppleWebKit/537.36 (KHTML, like Gecko) Ubuntu Chromium/64.0.3282.167 Chrome/64.0.3282.167 Safari/537.36');

DROP TABLE IF EXISTS `user_profiles`;
CREATE TABLE `user_profiles` (
  `id` bigint(20) unsigned NOT NULL AUTO_INCREMENT,
  `created_at` timestamp NULL DEFAULT NULL,
  `updated_at` timestamp NULL DEFAULT NULL,
  `user_id` bigint(20) unsigned DEFAULT NULL,
  `first_name` varchar(100) COLLATE utf8_unicode_ci DEFAULT NULL,
  `last_name` varchar(100) COLLATE utf8_unicode_ci DEFAULT NULL,
  `language_id` text COLLATE utf8_unicode_ci,
  `gender_id` bigint(20) unsigned DEFAULT NULL,
  `dob` date DEFAULT NULL,
  `phone` varchar(15) COLLATE utf8_unicode_ci DEFAULT NULL,
  `work_phone_number` varchar(20) COLLATE utf8_unicode_ci DEFAULT NULL,
  `about_me` text COLLATE utf8_unicode_ci,
  `listing_address` text COLLATE utf8_unicode_ci,
  `listing_address1` text COLLATE utf8_unicode_ci,
  `listing_city_id` bigint(20) unsigned DEFAULT NULL,
  `listing_state_id` bigint(20) unsigned DEFAULT NULL,
  `listing_country_id` bigint(20) unsigned DEFAULT NULL,
  `listing_postal_code` varchar(10) COLLATE utf8_unicode_ci DEFAULT NULL,
  `notification_type_id` int(11) DEFAULT NULL,
  `is_listing_updated` tinyint(1) NOT NULL DEFAULT '0',
  `is_online_assessment_test_completed` tinyint(1) NOT NULL DEFAULT '0',
  `awards` text COLLATE utf8_unicode_ci,
  `listing_latitude` double DEFAULT NULL,
  `listing_longitude` double DEFAULT NULL,
  `listing_title` varchar(255) COLLATE utf8_unicode_ci DEFAULT NULL,
  `listing_description` text COLLATE utf8_unicode_ci,
  `listing_status_id` bigint(20) unsigned NOT NULL DEFAULT '1',
  `is_service_profile_updated` tinyint(4) NOT NULL DEFAULT '0',
  `photo_count` bigint(20) NOT NULL DEFAULT '0',
  `services_user_count` bigint(20) NOT NULL DEFAULT '0',
  `is_listing_address_verified` tinyint(1) NOT NULL DEFAULT '0',
  `repeat_client_count` decimal(10,0) NOT NULL DEFAULT '0',
  `completed_appointment_count` bigint(20) NOT NULL DEFAULT '0',
  `response_rate` bigint(20) DEFAULT NULL COMMENT 'In Percentage',
  `response_time` bigint(20) DEFAULT NULL COMMENT 'In minutes',
  `listing_appointment_count` bigint(20) NOT NULL DEFAULT '0',
  `site_revenue_as_service_provider` double(10,2) NOT NULL DEFAULT '0.00',
  `earned_amount_as_service_provider` double(10,2) NOT NULL DEFAULT '0.00',
  `total_spent_amount_as_customer` double(10,2) NOT NULL DEFAULT '0.00',
  `user_view_count` bigint(20) NOT NULL DEFAULT '0',
  `user_favorite_count` bigint(20) NOT NULL DEFAULT '0',
  `site_revenue_as_customer` double(10,2) NOT NULL DEFAULT '0.00',
  `pro_account_status_id` bigint(20) NOT NULL DEFAULT '1' COMMENT '1. Not Paid, 2. Paid and Pending Approval, 3. Approved',
  `paid_pro_amount` double(10,2) NOT NULL DEFAULT '0.00',
  `is_top_listed` tinyint(1) NOT NULL DEFAULT '0',
  `top_user_expiry` datetime DEFAULT NULL,
  `is_sent_search_notification` bigint(20) NOT NULL DEFAULT '0',
  `listing_address_verified_status_id` bigint(20) NOT NULL DEFAULT '1' COMMENT '1 - Not Submitted, 2. Pending Verification, 3. Accepted 4. Rejected',
  `verification_note_by_site` text COLLATE utf8_unicode_ci,
  `driving_license_information` text COLLATE utf8_unicode_ci,
  `cv` text COLLATE utf8_unicode_ci,
  `is_available_for_interview` tinyint(4) NOT NULL DEFAULT '0',
  `hourly_rate_for_interview` double(10,2) NOT NULL DEFAULT '0.00',
  `is_available_via_skype_interview` tinyint(4) NOT NULL DEFAULT '0',
  `im_skype` varchar(255) COLLATE utf8_unicode_ci DEFAULT NULL,
  `is_available_via_phone_interview` tinyint(4) NOT NULL DEFAULT '0',
  `is_available_via_in_person_interview` tinyint(4) NOT NULL DEFAULT '0',
  PRIMARY KEY (`id`),
  KEY `user_profiles_user_id_index` (`user_id`),
  KEY `gender_id` (`gender_id`),
  KEY `listing_status_id` (`listing_status_id`),
  CONSTRAINT `user_profiles_ibfk_1` FOREIGN KEY (`user_id`) REFERENCES `users` (`id`) ON DELETE CASCADE ON UPDATE NO ACTION,
  CONSTRAINT `user_profiles_ibfk_2` FOREIGN KEY (`gender_id`) REFERENCES `genders` (`id`) ON DELETE SET NULL ON UPDATE NO ACTION
) ENGINE=InnoDB DEFAULT CHARSET=utf8 COLLATE=utf8_unicode_ci;

INSERT INTO `user_profiles` (`id`, `created_at`, `updated_at`, `user_id`, `first_name`, `last_name`, `language_id`, `gender_id`, `dob`, `phone`, `work_phone_number`, `about_me`, `listing_address`, `listing_address1`, `listing_city_id`, `listing_state_id`, `listing_country_id`, `listing_postal_code`, `notification_type_id`, `is_listing_updated`, `is_online_assessment_test_completed`, `awards`, `listing_latitude`, `listing_longitude`, `listing_title`, `listing_description`, `listing_status_id`, `is_service_profile_updated`, `photo_count`, `services_user_count`, `is_listing_address_verified`, `repeat_client_count`, `completed_appointment_count`, `response_rate`, `response_time`, `listing_appointment_count`, `site_revenue_as_service_provider`, `earned_amount_as_service_provider`, `total_spent_amount_as_customer`, `user_view_count`, `user_favorite_count`, `site_revenue_as_customer`, `pro_account_status_id`, `paid_pro_amount`, `is_top_listed`, `top_user_expiry`, `is_sent_search_notification`, `listing_address_verified_status_id`, `verification_note_by_site`, `driving_license_information`, `cv`, `is_available_for_interview`, `hourly_rate_for_interview`, `is_available_via_skype_interview`, `im_skype`, `is_available_via_phone_interview`, `is_available_via_in_person_interview`) VALUES
(1,	'2016-07-25 12:58:34',	'2016-08-01 13:42:12',	1,	'Juan',	'Manuel',	'1',	1,	'1994-04-08',	'9600301013',	NULL,	'',	'41/6 Selva Vinayagar Kovil Street\r\nRazack Garden Arumbakkam',	NULL,	NULL,	NULL,	102,	'600106',	1,	0,	0,	'null',	23.7766297,	90.413954,	NULL,	NULL,	1,	0,	0,	0,	0,	0,	0,	NULL,	NULL,	0,	0.00,	0.00,	0.00,	0,	0,	0.00,	1,	0.00,	0,	NULL,	0,	1,	NULL,	NULL,	NULL,	0,	0.00,	0,	NULL,	0,	0),
(2,	'2017-12-08 07:00:12',	'2018-01-02 06:31:28',	2,	'Nic',	'Arnsby',	NULL,	1,	NULL,	'12345678',	NULL,	'',	NULL,	NULL,	NULL,	NULL,	NULL,	NULL,	NULL,	0,	0,	NULL,	NULL,	NULL,	NULL,	NULL,	1,	1,	0,	0,	0,	0,	0,	NULL,	NULL,	0,	0.00,	0.00,	571.00,	0,	0,	0.00,	1,	0.00,	0,	NULL,	0,	1,	NULL,	NULL,	NULL,	0,	0.00,	0,	NULL,	0,	0),
(3,	'2017-12-08 07:10:04',	'2018-01-02 05:12:26',	3,	'Bill',	'Herrmann',	NULL,	1,	NULL,	'23456789',	NULL,	'',	'Rothenburg ob der Tauber, Germany',	NULL,	2,	2,	83,	'02929',	NULL,	1,	1,	NULL,	49.3801834,	10.186738800000057,	'Bill Herrmann - Provate Captain',	'Experienced US Coast Guard licensed Master Captains Blount and Stephen provide professional maritime services, including deliveries and relocations, charters, yacht management and maintenance, instruction and training, and captains/crew for hire.',	3,	1,	4,	1,	1,	0,	0,	NULL,	NULL,	0,	0.00,	0.00,	0.00,	16,	0,	0.00,	1,	0.00,	0,	NULL,	0,	1,	NULL,	NULL,	NULL,	0,	0.00,	0,	NULL,	0,	0),
(4,	'2017-12-08 07:42:12',	'2018-01-02 05:38:16',	4,	'John',	'Peter',	NULL,	1,	NULL,	'56789043',	NULL,	'',	NULL,	NULL,	NULL,	NULL,	NULL,	NULL,	NULL,	0,	0,	NULL,	NULL,	NULL,	NULL,	NULL,	1,	1,	0,	0,	0,	0,	0,	NULL,	NULL,	0,	0.00,	0.00,	375.00,	0,	0,	0.00,	1,	0.00,	0,	NULL,	0,	1,	NULL,	NULL,	NULL,	0,	0.00,	0,	NULL,	0,	0),
(5,	'2017-12-08 07:45:20',	'2017-12-08 07:47:46',	5,	'Christopher',	'Ardolino',	NULL,	1,	NULL,	'54567324',	NULL,	'',	NULL,	NULL,	NULL,	NULL,	NULL,	NULL,	NULL,	0,	0,	NULL,	NULL,	NULL,	NULL,	NULL,	1,	1,	0,	0,	0,	0,	0,	NULL,	NULL,	0,	0.00,	0.00,	0.00,	0,	0,	0.00,	1,	0.00,	0,	NULL,	0,	1,	NULL,	NULL,	NULL,	0,	0.00,	0,	NULL,	0,	0),
(6,	'2017-12-08 07:48:12',	'2017-12-08 07:50:29',	6,	'Mark',	'Antony',	NULL,	1,	NULL,	'543678432',	NULL,	'',	NULL,	NULL,	NULL,	NULL,	NULL,	NULL,	NULL,	0,	0,	NULL,	NULL,	NULL,	NULL,	NULL,	1,	1,	0,	0,	0,	0,	0,	NULL,	NULL,	0,	0.00,	0.00,	0.00,	0,	0,	0.00,	1,	0.00,	0,	NULL,	0,	1,	NULL,	NULL,	NULL,	0,	0.00,	0,	NULL,	0,	0),
(7,	'2017-12-11 00:51:49',	'2017-12-29 09:38:31',	7,	'Alvaro',	'Blanco Ruiz',	NULL,	1,	NULL,	'567890643',	NULL,	'',	'28300 Aranjuez, Madrid, Spain',	NULL,	5,	5,	213,	'28300',	NULL,	1,	1,	NULL,	40.03050179999999,	-3.604052700000011,	'Neptune Marine Group',	'Experienced US Coast Guard licensed Master Captains Blount and Stephen provide professional maritime services, including deliveries and relocations, charters, yacht management and maintenance, instruction and training, and captains/crew for hire. We can provide an experienced captain and crew combination of any size for your vessel. Together, we have 40 years experience managing crews and operating sport yachts, motor yachts and commercial vessels up to 170 feet.',	3,	1,	4,	1,	0,	0,	0,	NULL,	NULL,	0,	0.00,	0.00,	0.00,	9,	0,	0.00,	1,	0.00,	0,	NULL,	0,	1,	NULL,	NULL,	NULL,	0,	0.00,	0,	NULL,	0,	0),
(8,	'2017-12-16 05:53:54',	'2018-03-05 01:10:47',	8,	'Mekides',	'M',	NULL,	2,	NULL,	'85698547',	NULL,	'',	'Alesund, Norway',	NULL,	7,	7,	167,	'52318',	NULL,	1,	1,	NULL,	62.47222840000001,	6.1494821,	'Mekides and co. baby sitter',	'I love kids! Worked for several years serving and educating kids of different ages. I worked for Cambridge Youth Enrichment program as a senior counselor and I have also babysat many children since I was in high school.',	3,	1,	4,	4,	1,	1,	2,	100,	2,	3,	27.00,	123.00,	0.00,	55,	0,	0.00,	1,	0.00,	0,	NULL,	0,	1,	NULL,	NULL,	NULL,	1,	0.00,	1,	'i\'m_care',	1,	1),
(9,	'2017-12-16 06:19:29',	'2017-12-29 01:43:46',	9,	'Tania',	'M',	NULL,	2,	NULL,	'55485245',	NULL,	'',	'Flåm, Norway',	NULL,	8,	8,	167,	'53218',	NULL,	1,	1,	NULL,	60.8607716,	7.111784899999975,	'Tania and co. baby sitter',	'I am a 23 year old Early childhood educator. I have been working with children for about 8 years. I have experience with Infant/Toddler, Preschool, and school age children. Currently, I work with infants between the ages of 6 weeks -18 months at a local Boston area day care. I am an outgoing person who loves children. I enjoy spending time with children doing activities with them to learn and expand their little minds. It is a great feeling knowing that I can be a huge impact in a child\'s life on a daily basis and building that bond with a child is an amazing feeling.',	3,	1,	4,	3,	1,	0,	0,	NULL,	NULL,	0,	0.00,	0.00,	0.00,	3,	0,	0.00,	1,	0.00,	0,	NULL,	0,	1,	NULL,	NULL,	NULL,	0,	0.00,	0,	NULL,	0,	0),
(14,	'2017-12-26 05:35:19',	'2017-12-29 09:43:33',	14,	'Stephen',	'Fleming',	NULL,	1,	NULL,	'28456985',	NULL,	'',	'Oslo, Norway',	NULL,	12,	12,	167,	'5412',	NULL,	1,	1,	NULL,	59.9138688,	10.752245399999993,	'Stephen fleming',	'Stephen fleming',	3,	1,	4,	1,	1,	0,	0,	NULL,	NULL,	0,	0.00,	0.00,	0.00,	3,	0,	0.00,	1,	0.00,	0,	NULL,	0,	1,	NULL,	NULL,	NULL,	0,	0.00,	0,	NULL,	0,	0),
(15,	'2017-12-28 00:48:24',	'2017-12-29 09:05:44',	15,	'Ilona',	'A',	NULL,	2,	NULL,	'1327352568',	NULL,	'',	'Köpenicker Str. 154A, 10997 Berlin, Germany',	NULL,	13,	13,	83,	'10997',	NULL,	1,	1,	NULL,	52.5055971,	13.430847800000038,	'Ilona elder care',	'I am friendly, kind, approachable, calm, caring person who would gladly work with you. I believe children are individuals, with their own personalities, likes and dislikes. They have their own feelings and wishes and I think that you have to be able to teach and show how to develop them. You have to listen to them, know and understand what they need. I fully understand that children receive lots of love from their parents and therefore, I should make sure that they get the same from me.',	3,	1,	4,	1,	1,	0,	0,	NULL,	NULL,	0,	0.00,	0.00,	0.00,	2,	0,	0.00,	1,	0.00,	0,	NULL,	0,	1,	NULL,	NULL,	NULL,	0,	0.00,	0,	NULL,	0,	0),
(16,	'2017-12-28 01:13:02',	'2018-01-02 05:59:48',	16,	'Johnsi',	'stephen',	NULL,	2,	NULL,	'85479658',	NULL,	'',	'Zufahrt zum Flughafen Tegel, 13405 Berlin, Germany',	NULL,	13,	13,	83,	'13405',	NULL,	1,	1,	NULL,	52.5588327,	13.28843740000002,	'Johnsi stephen doctor',	'I am friendly, kind, approachable, calm, caring person.',	3,	1,	5,	2,	1,	0,	0,	NULL,	NULL,	0,	0.00,	0.00,	0.00,	4,	0,	0.00,	1,	0.00,	0,	NULL,	0,	1,	NULL,	NULL,	NULL,	0,	0.00,	0,	NULL,	0,	0),
(17,	'2017-12-29 01:49:07',	'2017-12-29 08:49:20',	17,	'James',	'Smith',	NULL,	1,	NULL,	NULL,	NULL,	'',	'Cambridge, UK',	NULL,	15,	4,	239,	'CB2 3AX',	NULL,	1,	1,	NULL,	52.205337,	0.12181699999996454,	'james smith doctor',	'I have take care of my patient',	3,	1,	4,	4,	1,	0,	0,	NULL,	NULL,	0,	0.00,	0.00,	0.00,	0,	0,	0.00,	1,	0.00,	0,	NULL,	0,	1,	NULL,	NULL,	NULL,	0,	0.00,	0,	NULL,	0,	0),
(18,	'2017-12-29 03:27:00',	'2017-12-29 09:10:21',	18,	'Tiffany',	'Smith',	NULL,	2,	NULL,	NULL,	NULL,	'',	'St John\'s Wood Rd, London NW8 8QN, UK',	NULL,	4,	4,	239,	'NW8 9JB',	NULL,	1,	1,	NULL,	51.52983099999999,	-0.17215639999994892,	'Tiffany smith care',	'I generally responsible for planning activities (games, sports, art) or supervising playdates. I have other responsibilities such as cooking and cleaning, driving to and from scheduled activities, and helping with homework. My responsible for the safety and wellbeing of the children while the children are in their care.',	3,	1,	4,	4,	1,	0,	0,	NULL,	NULL,	0,	0.00,	0.00,	0.00,	0,	0,	0.00,	1,	0.00,	0,	NULL,	0,	1,	NULL,	NULL,	NULL,	0,	0.00,	0,	NULL,	0,	0),
(19,	'2017-12-29 04:44:04',	'2017-12-29 08:50:40',	19,	'jenifer',	'lawrence',	NULL,	2,	NULL,	NULL,	NULL,	'',	'318 Kennington Park Rd, London SE11 4PP, UK',	NULL,	4,	4,	239,	'SW13 0NB',	NULL,	1,	1,	NULL,	51.4820214,	-0.11279190000004746,	'jenifer lawrence doctor',	'I have take care of my patient',	3,	1,	4,	4,	1,	0,	0,	NULL,	NULL,	0,	0.00,	0.00,	0.00,	0,	0,	0.00,	1,	0.00,	0,	NULL,	0,	1,	NULL,	NULL,	NULL,	0,	0.00,	0,	NULL,	0,	0),
(20,	'2017-12-29 04:53:57',	'2017-12-29 08:54:13',	20,	'John',	'walker',	NULL,	1,	NULL,	NULL,	NULL,	'',	'Manchester M90 1QX, UK',	NULL,	16,	4,	239,	'M90 1QX',	NULL,	1,	1,	NULL,	53.3588026,	-2.2727303000000347,	'John walker doctor',	'I have take care of my patient happily',	3,	1,	5,	3,	1,	0,	0,	NULL,	NULL,	0,	0.00,	0.00,	0.00,	0,	0,	0.00,	1,	0.00,	0,	NULL,	0,	1,	NULL,	NULL,	NULL,	0,	0.00,	0,	NULL,	0,	0),
(21,	'2017-12-29 05:21:03',	'2017-12-29 09:45:11',	21,	'sam',	'anderson',	NULL,	1,	NULL,	NULL,	NULL,	'',	'London, UK',	NULL,	4,	4,	239,	'WC2N 5DU',	NULL,	1,	1,	NULL,	51.5073509,	-0.12775829999998223,	'Sam anderson',	'Experienced UK Coast Guard licensed Master Captains Blount and Stephen provide professional maritime services.',	3,	1,	4,	1,	1,	0,	0,	NULL,	NULL,	0,	0.00,	0.00,	0.00,	0,	0,	0.00,	1,	0.00,	0,	NULL,	0,	1,	NULL,	NULL,	NULL,	0,	0.00,	0,	NULL,	0,	0),
(22,	'2017-12-29 05:38:03',	'2018-01-02 06:31:28',	22,	'Ana',	'belan',	NULL,	2,	NULL,	NULL,	NULL,	'',	'Sydney NSW 2000, Australia',	NULL,	17,	14,	14,	'2000',	NULL,	1,	1,	NULL,	-33.8688197,	151.20929550000005,	'Ana belan dog sitter',	'I love a dogs. I have a additional skills for handling dog. Dealing with dog owners requires excellent customer service skills and the ability to empathize with dog owners.',	3,	1,	4,	3,	1,	1,	1,	100,	3,	3,	20.00,	92.00,	0.00,	4,	0,	0.00,	1,	0.00,	0,	NULL,	0,	1,	NULL,	NULL,	NULL,	0,	0.00,	0,	NULL,	0,	0),
(23,	'2017-12-29 06:03:33',	'2017-12-29 08:41:00',	23,	'Emma',	'stone',	NULL,	2,	NULL,	NULL,	NULL,	'',	'London, UK',	NULL,	4,	4,	239,	'WC2N 5DU',	NULL,	1,	1,	NULL,	51.5073509,	-0.12775829999998223,	'Emma stone',	'I have the ability to Caring for pets and handle emergency situations in a calm and confident manner.',	3,	1,	4,	3,	1,	0,	0,	NULL,	NULL,	0,	0.00,	0.00,	0.00,	0,	0,	0.00,	1,	0.00,	0,	NULL,	0,	1,	NULL,	NULL,	NULL,	0,	0.00,	0,	NULL,	0,	0),
(24,	'2017-12-29 06:12:41',	'2017-12-30 09:34:24',	24,	'Jean',	'belly',	NULL,	2,	NULL,	NULL,	NULL,	'',	'Tokyo, Japan',	NULL,	19,	16,	112,	'112-0004',	NULL,	1,	1,	NULL,	35.6894875,	139.69170639999993,	'Jean belly dog sitter',	'I have the capabilty to handle the dog very calmly.',	3,	1,	4,	3,	1,	0,	0,	NULL,	NULL,	0,	0.00,	0.00,	0.00,	0,	0,	0.00,	1,	0.00,	0,	NULL,	0,	1,	NULL,	NULL,	NULL,	0,	0.00,	0,	NULL,	0,	0),
(25,	'2017-12-29 06:18:15',	'2017-12-30 09:36:47',	25,	'Lorena',	'jean',	NULL,	2,	NULL,	NULL,	NULL,	'',	'Yokohama, Kanagawa Prefecture, Japan',	NULL,	20,	17,	112,	'231-0051',	NULL,	1,	1,	NULL,	35.44370779999999,	139.6380256,	'Lorena jean dog sitter',	'I have handle the dog very calmly.',	3,	1,	4,	3,	1,	0,	0,	NULL,	NULL,	0,	0.00,	0.00,	0.00,	0,	0,	0.00,	1,	0.00,	0,	NULL,	0,	1,	NULL,	NULL,	NULL,	0,	0.00,	0,	NULL,	0,	0);

DROP TABLE IF EXISTS `user_searches`;
CREATE TABLE `user_searches` (
  `id` bigint(20) unsigned NOT NULL AUTO_INCREMENT,
  `created_at` datetime NOT NULL,
  `updated_at` datetime NOT NULL,
  `user_id` bigint(20) unsigned DEFAULT NULL,
  `service_id` bigint(20) unsigned DEFAULT NULL,
  `name` varchar(255) COLLATE utf8_unicode_ci DEFAULT NULL,
  `address` varchar(255) COLLATE utf8_unicode_ci DEFAULT NULL,
  `address1` varchar(255) COLLATE utf8_unicode_ci DEFAULT NULL,
  `latitude` double DEFAULT NULL,
  `longitude` double DEFAULT NULL,
  `sw_latitude` double DEFAULT NULL,
  `sw_longitude` double DEFAULT NULL,
  `ne_latitude` double DEFAULT NULL,
  `ne_longitude` double DEFAULT NULL,
  `radius` double DEFAULT NULL,
  `form_field_submissions` text COLLATE utf8_unicode_ci,
  `filter_count` int(11) NOT NULL DEFAULT '0',
  `notification_type_id` int(11) NOT NULL DEFAULT '1' COMMENT '1. instantly, 2. Never',
  PRIMARY KEY (`id`),
  KEY `user_id` (`user_id`),
  KEY `service_id` (`service_id`),
  CONSTRAINT `user_searches_ibfk_1` FOREIGN KEY (`user_id`) REFERENCES `users` (`id`) ON DELETE NO ACTION ON UPDATE NO ACTION,
  CONSTRAINT `user_searches_ibfk_2` FOREIGN KEY (`service_id`) REFERENCES `services` (`id`) ON DELETE NO ACTION ON UPDATE NO ACTION
) ENGINE=InnoDB DEFAULT CHARSET=utf8 COLLATE=utf8_unicode_ci;

INSERT INTO `user_searches` (`id`, `created_at`, `updated_at`, `user_id`, `service_id`, `name`, `address`, `address1`, `latitude`, `longitude`, `sw_latitude`, `sw_longitude`, `ne_latitude`, `ne_longitude`, `radius`, `form_field_submissions`, `filter_count`, `notification_type_id`) VALUES
(1,	'2018-03-05 05:49:26',	'2018-03-05 05:49:26',	2,	7,	'London, UK',	'London, UK',	NULL,	51.5073509,	-0.12775829999998223,	51.38494009999999,	-0.351468299999965,	51.6723432,	0.14827100000002247,	50,	'[]',	0,	1),
(2,	'2018-03-05 05:50:22',	'2018-03-05 05:50:22',	2,	7,	'Alesund, Norway',	'Alesund, Norway',	NULL,	62.47222840000001,	6.1494821,	62.4535726,	6.086422099999936,	62.4825489,	6.396473700000001,	50,	'[]',	0,	1),
(3,	'2018-03-05 05:50:22',	'2018-03-05 05:50:22',	2,	7,	'Alesund, Norway',	'Alesund, Norway',	NULL,	62.47222840000001,	6.1494821,	62.4535726,	6.086422099999936,	62.4825489,	6.396473700000001,	50,	'[]',	0,	1),
(4,	'2018-03-05 05:50:54',	'2018-03-05 05:50:54',	4,	7,	'Flåm, Norway',	'Flåm, Norway',	NULL,	62.47222840000001,	6.1494821,	62.4535726,	6.086422099999936,	62.4825489,	6.396473700000001,	50,	'[]',	0,	1),
(5,	'2018-03-05 05:51:24',	'2018-03-05 05:51:24',	4,	7,	'London, UK',	'London, UK',	NULL,	62.47222840000001,	6.1494821,	62.4535726,	6.086422099999936,	62.4825489,	6.396473700000001,	50,	'[]',	0,	1);

DROP TABLE IF EXISTS `user_search_notification_logs`;
CREATE TABLE `user_search_notification_logs` (
  `id` bigint(20) unsigned NOT NULL AUTO_INCREMENT,
  `created_at` datetime NOT NULL,
  `updated_at` datetime NOT NULL,
  `user_id` bigint(20) unsigned DEFAULT NULL,
  `service_provider_id` bigint(20) unsigned DEFAULT NULL,
  `user_search_id` bigint(20) unsigned DEFAULT NULL,
  PRIMARY KEY (`id`),
  KEY `user_id` (`user_id`),
  KEY `service_provider_id` (`service_provider_id`),
  KEY `user_search_id` (`user_search_id`),
  CONSTRAINT `user_search_notification_logs_ibfk_1` FOREIGN KEY (`user_id`) REFERENCES `users` (`id`) ON DELETE NO ACTION ON UPDATE NO ACTION,
  CONSTRAINT `user_search_notification_logs_ibfk_2` FOREIGN KEY (`service_provider_id`) REFERENCES `users` (`id`) ON DELETE NO ACTION ON UPDATE NO ACTION,
  CONSTRAINT `user_search_notification_logs_ibfk_3` FOREIGN KEY (`user_search_id`) REFERENCES `user_searches` (`id`) ON DELETE NO ACTION ON UPDATE NO ACTION
) ENGINE=InnoDB DEFAULT CHARSET=utf8 COLLATE=utf8_unicode_ci;


DROP TABLE IF EXISTS `user_tokens`;
CREATE TABLE `user_tokens` (
  `id` bigint(20) NOT NULL AUTO_INCREMENT,
  `created_at` datetime NOT NULL,
  `updated_at` datetime NOT NULL,
  `user_id` bigint(20) unsigned DEFAULT NULL,
  `oauth_client_id` bigint(20) unsigned DEFAULT NULL,
  `token` varchar(255) DEFAULT NULL,
  `expires` datetime NOT NULL,
  PRIMARY KEY (`id`),
  KEY `user_id` (`user_id`),
  KEY `oauth_client_id` (`oauth_client_id`),
  CONSTRAINT `user_tokens_ibfk_1` FOREIGN KEY (`user_id`) REFERENCES `users` (`id`) ON DELETE CASCADE ON UPDATE NO ACTION,
  CONSTRAINT `user_tokens_ibfk_2` FOREIGN KEY (`oauth_client_id`) REFERENCES `oauth_clients` (`id`) ON DELETE SET NULL ON UPDATE NO ACTION
) ENGINE=InnoDB DEFAULT CHARSET=latin1;

INSERT INTO `user_tokens` (`id`, `created_at`, `updated_at`, `user_id`, `oauth_client_id`, `token`, `expires`) VALUES
(2,	'2017-12-08 12:30:12',	'2017-12-08 12:30:12',	2,	1,	'eyJ0eXAiOiJKV1QiLCJhbGciOiJIUzI1NiJ9.eyJzdWIiOjIsImlhdCI6MTUxMjczMTYxMiwiZXhwIjoxNTEyNzM4NjEyLCJuYmYiOjE1MTI3MzI2MTJ9.NuNRgvKEItDLAoe_6w1HWd67JVVwtCcUZEcNEQ0zoVU',	'2017-12-08 15:33:32'),
(4,	'2017-12-08 12:40:04',	'2017-12-08 12:40:04',	3,	1,	'eyJ0eXAiOiJKV1QiLCJhbGciOiJIUzI1NiJ9.eyJzdWIiOjMsImlhdCI6MTUxMjczMjIwNCwiZXhwIjoxNTEyNzM5MjA0LCJuYmYiOjE1MTI3MzMyMDR9.ru5BrLgkXq8N8uyxdTX8dUlng4T7OFWXhxD3RIxe9s8',	'2017-12-08 15:43:24'),
(5,	'2017-12-08 13:12:12',	'2017-12-08 13:12:12',	4,	1,	'eyJ0eXAiOiJKV1QiLCJhbGciOiJIUzI1NiJ9.eyJzdWIiOjQsImlhdCI6MTUxMjczNDEzMiwiZXhwIjoxNTEyNzQxMTMyLCJuYmYiOjE1MTI3MzUxMzJ9.OIjsKHBKH8IIt63S5MopIbw1VV_4lSq9XcB3a6Cj96I',	'2017-12-08 16:15:32'),
(7,	'2017-12-08 13:15:20',	'2017-12-08 13:15:20',	5,	1,	'eyJ0eXAiOiJKV1QiLCJhbGciOiJIUzI1NiJ9.eyJzdWIiOjUsImlhdCI6MTUxMjczNDMyMCwiZXhwIjoxNTEyNzQxMzIwLCJuYmYiOjE1MTI3MzUzMjB9.kETvwDQmCbC1LdsfpY_W9YNsf3vk6jVeMZmr6YqWHaw',	'2017-12-08 16:18:40'),
(9,	'2017-12-08 13:18:12',	'2017-12-08 13:18:12',	6,	1,	'eyJ0eXAiOiJKV1QiLCJhbGciOiJIUzI1NiJ9.eyJzdWIiOjYsImlhdCI6MTUxMjczNDQ5MiwiZXhwIjoxNTEyNzQxNDkyLCJuYmYiOjE1MTI3MzU0OTJ9.gaJoy63BSl5WmzIRihHd5VJVeBI0MjpFAazrZjG-zC0',	'2017-12-08 16:21:32'),
(10,	'2017-12-08 13:18:13',	'2017-12-08 13:18:13',	6,	1,	'eyJ0eXAiOiJKV1QiLCJhbGciOiJIUzI1NiJ9.eyJzdWIiOjYsImlhdCI6MTUxMjczNDQ5MywiZXhwIjoxNTEyNzQxNDkzLCJuYmYiOjE1MTI3MzU0OTN9.vn2hhzktZCnfaG5pziFZdgKAFgTopUxz_Wknfdfha-E',	'2017-12-08 16:21:33'),
(12,	'2017-12-11 06:10:52',	'2017-12-11 06:10:52',	1,	1,	'eyJ0eXAiOiJKV1QiLCJhbGciOiJIUzI1NiJ9.eyJzdWIiOjEsImlhdCI6MTUxMjk2ODA1MiwiZXhwIjoxNTEyOTc1MDUyLCJuYmYiOjE1MTI5NjkwNTJ9.tRvD0r50Z1NUTpztidLb1Sm2Z7TyG9FIhn-N_cQIiBs',	'2017-12-11 09:14:12'),
(14,	'2017-12-11 06:21:50',	'2017-12-11 06:21:50',	7,	1,	'eyJ0eXAiOiJKV1QiLCJhbGciOiJIUzI1NiJ9.eyJzdWIiOjcsImlhdCI6MTUxMjk2ODcxMCwiZXhwIjoxNTEyOTc1NzEwLCJuYmYiOjE1MTI5Njk3MTB9.IzOo3ymsMft3f3VIHSfMIw7_UMpDZxp-JOz3lVj4MNw',	'2017-12-11 09:25:10'),
(15,	'2017-12-11 06:22:50',	'2017-12-11 06:22:50',	1,	1,	'eyJ0eXAiOiJKV1QiLCJhbGciOiJIUzI1NiJ9.eyJzdWIiOjEsImlhdCI6MTUxMjk2ODc3MCwiZXhwIjoxNTEyOTc1NzcwLCJuYmYiOjE1MTI5Njk3NzB9.I-jpwnlMQy0UWQcF4HjVysedX_0lidJ88RcwMSeuziY',	'2017-12-11 09:26:10'),
(16,	'2017-12-11 06:28:37',	'2017-12-11 06:28:37',	3,	1,	'eyJ0eXAiOiJKV1QiLCJhbGciOiJIUzI1NiJ9.eyJzdWIiOjMsImlhdCI6MTUxMjk2OTExNywiZXhwIjoxNTEyOTc2MTE3LCJuYmYiOjE1MTI5NzAxMTd9.mWrTyPWTH8DVUm1KhLGV0x1xsP_tc1GSuwYqZQn1EXM',	'2017-12-11 09:31:57'),
(23,	'2017-12-11 07:59:18',	'2017-12-11 07:59:18',	3,	1,	'eyJ0eXAiOiJKV1QiLCJhbGciOiJIUzI1NiJ9.eyJzdWIiOjMsImlhdCI6MTUxMjk3NDU1OCwiZXhwIjoxNTEyOTgxNTU4LCJuYmYiOjE1MTI5NzU1NTh9.tWAsBwyrPhw7DkqoliBDNuKDJFbVBvcvn0OdvK1wRak',	'2017-12-11 11:02:38'),
(24,	'2017-12-16 11:23:55',	'2017-12-16 11:23:55',	8,	1,	'eyJ0eXAiOiJKV1QiLCJhbGciOiJIUzI1NiJ9.eyJzdWIiOjgsImlhdCI6MTUxMzQxODgzNSwiZXhwIjoxNTEzNDI1ODM1LCJuYmYiOjE1MTM0MTk4MzV9.EEBv-SqwU_1ONWNNSbvx8ZnpUtAKrseR1K1d23fAotE',	'2017-12-16 14:27:15'),
(26,	'2017-12-16 11:49:29',	'2017-12-16 11:49:29',	9,	1,	'eyJ0eXAiOiJKV1QiLCJhbGciOiJIUzI1NiJ9.eyJzdWIiOjksImlhdCI6MTUxMzQyMDM2OSwiZXhwIjoxNTEzNDI3MzY5LCJuYmYiOjE1MTM0MjEzNjl9.pcrZ1ESMOT9kXvTrAwqrXjDvFIxNJP-8UePlqLFa8mM',	'2017-12-16 14:52:49'),
(28,	'2017-12-16 12:19:49',	'2017-12-16 12:19:49',	9,	1,	'eyJ0eXAiOiJKV1QiLCJhbGciOiJIUzI1NiJ9.eyJzdWIiOjksImlhdCI6MTUxMzQyMjE4OSwiZXhwIjoxNTEzNDI5MTg5LCJuYmYiOjE1MTM0MjMxODl9.l5j-bfdF7wiCA82AMGqbkmGPfIWV9ABz1TU6icSm_Mw',	'2017-12-16 15:23:09'),
(30,	'2017-12-16 12:35:33',	'2017-12-16 12:35:33',	9,	1,	'eyJ0eXAiOiJKV1QiLCJhbGciOiJIUzI1NiJ9.eyJzdWIiOjksImlhdCI6MTUxMzQyMzEzMywiZXhwIjoxNTEzNDMwMTMzLCJuYmYiOjE1MTM0MjQxMzN9.5QyCc7bjTnOScWbnX9v4Lq67a2DkZpu1ZnSqP4fFtzE',	'2017-12-16 15:38:53'),
(31,	'2017-12-18 14:13:04',	'2017-12-18 14:13:04',	8,	1,	'eyJ0eXAiOiJKV1QiLCJhbGciOiJIUzI1NiJ9.eyJzdWIiOjgsImlhdCI6MTUxMzYwMTc4NCwiZXhwIjoxNTEzNjA4Nzg0LCJuYmYiOjE1MTM2MDI3ODR9.bflDPph9Iu7Vo5pbf_kuNTEUK2Q82yJt6_Y_e30vUvs',	'2017-12-18 17:16:24'),
(32,	'2017-12-18 15:24:12',	'2017-12-18 15:24:12',	8,	1,	'eyJ0eXAiOiJKV1QiLCJhbGciOiJIUzI1NiJ9.eyJzdWIiOjgsImlhdCI6MTUxMzYwNjA1MiwiZXhwIjoxNTEzNjEzMDUyLCJuYmYiOjE1MTM2MDcwNTJ9.CRQ6kmDSnRk8KHvlFfKEAVfN5IqtP8wgbjjoYj0wH5w',	'2017-12-18 18:27:32'),
(33,	'2017-12-19 05:53:58',	'2017-12-19 05:53:58',	8,	1,	'eyJ0eXAiOiJKV1QiLCJhbGciOiJIUzI1NiJ9.eyJzdWIiOjgsImlhdCI6MTUxMzY1ODIzOCwiZXhwIjoxNTEzNjY1MjM4LCJuYmYiOjE1MTM2NTkyMzh9.dg6v4Wy70-Xk4t9y0laSO8ssv4lmbS7WG_82wFzrGd4',	'2017-12-19 08:57:18'),
(34,	'2017-12-19 05:55:31',	'2017-12-19 05:55:31',	8,	1,	'eyJ0eXAiOiJKV1QiLCJhbGciOiJIUzI1NiJ9.eyJzdWIiOjgsImlhdCI6MTUxMzY1ODMzMSwiZXhwIjoxNTEzNjY1MzMxLCJuYmYiOjE1MTM2NTkzMzF9.XarI0Y_JImjxDr_Ixrd71Pgj05-PykL6t7HwXjmMgxk',	'2017-12-19 08:58:51'),
(35,	'2017-12-19 06:59:58',	'2017-12-19 06:59:58',	8,	1,	'eyJ0eXAiOiJKV1QiLCJhbGciOiJIUzI1NiJ9.eyJzdWIiOjgsImlhdCI6MTUxMzY2MjE5OCwiZXhwIjoxNTEzNjY5MTk4LCJuYmYiOjE1MTM2NjMxOTh9.0sp23uFqUKMqB4kw-i1U9ECjYydDfNA-pwJ6Ta3ZTok',	'2017-12-19 10:03:18'),
(36,	'2017-12-19 07:35:47',	'2017-12-19 07:35:47',	8,	1,	'eyJ0eXAiOiJKV1QiLCJhbGciOiJIUzI1NiJ9.eyJzdWIiOjgsImlhdCI6MTUxMzY2NDM0NywiZXhwIjoxNTEzNjcxMzQ3LCJuYmYiOjE1MTM2NjUzNDd9.f0w9EztGVSPvyfbKGzEynpbxu4PGmPw4LxgMerxp470',	'2017-12-19 10:39:07'),
(37,	'2017-12-19 11:05:24',	'2017-12-19 11:05:24',	8,	1,	'eyJ0eXAiOiJKV1QiLCJhbGciOiJIUzI1NiJ9.eyJzdWIiOjgsImlhdCI6MTUxMzY3NjkyNCwiZXhwIjoxNTEzNjgzOTI0LCJuYmYiOjE1MTM2Nzc5MjR9.uDytOFy6jgMi3aTRWA1obHlusEqKUFJbOcFXJoaBx74',	'2017-12-19 14:08:44'),
(38,	'2017-12-19 12:16:19',	'2017-12-19 12:16:19',	8,	1,	'eyJ0eXAiOiJKV1QiLCJhbGciOiJIUzI1NiJ9.eyJzdWIiOjgsImlhdCI6MTUxMzY4MTE3OSwiZXhwIjoxNTEzNjg4MTc5LCJuYmYiOjE1MTM2ODIxNzl9.8N_8961nIYK5D3Bl6Yz-WRKahMuB7JnLrJfqnWxm5-A',	'2017-12-19 15:19:39'),
(40,	'2017-12-20 09:08:36',	'2017-12-20 09:08:36',	1,	1,	'eyJ0eXAiOiJKV1QiLCJhbGciOiJIUzI1NiJ9.eyJzdWIiOjEsImlhdCI6MTUxMzc1NjMxNSwiZXhwIjoxNTEzNzYzMzE1LCJuYmYiOjE1MTM3NTczMTV9.rK2KjzJ7o-yzAVqA73xXP93emhNgspnGiUVQzD0qSII',	'2017-12-20 12:11:55'),
(41,	'2017-12-20 09:19:02',	'2017-12-20 09:19:02',	1,	1,	'eyJ0eXAiOiJKV1QiLCJhbGciOiJIUzI1NiJ9.eyJzdWIiOjEsImlhdCI6MTUxMzc1Njk0MiwiZXhwIjoxNTEzNzYzOTQyLCJuYmYiOjE1MTM3NTc5NDJ9.Azp73N6TRfkU7tm5wn0Vfwv9htI3R2BlPR2q5SJJNsA',	'2017-12-20 12:22:22'),
(42,	'2017-12-20 10:01:52',	'2017-12-20 10:01:52',	1,	1,	'eyJ0eXAiOiJKV1QiLCJhbGciOiJIUzI1NiJ9.eyJzdWIiOjEsImlhdCI6MTUxMzc1OTUxMiwiZXhwIjoxNTEzNzY2NTEyLCJuYmYiOjE1MTM3NjA1MTJ9.iSOZeQ_fRfJ1Ar5cMhMl02M8vmPudRLmQiwBPpY1mP8',	'2017-12-20 13:05:12'),
(43,	'2017-12-20 10:04:13',	'2017-12-20 10:04:13',	1,	1,	'eyJ0eXAiOiJKV1QiLCJhbGciOiJIUzI1NiJ9.eyJzdWIiOjEsImlhdCI6MTUxMzc1OTY1MywiZXhwIjoxNTEzNzY2NjUzLCJuYmYiOjE1MTM3NjA2NTN9.vNB_fFVsEWPOuAEAgDhrN_2HZDWp009ochSLqnmkURI',	'2017-12-20 13:07:33'),
(45,	'2017-12-20 12:16:10',	'2017-12-20 12:16:10',	3,	1,	'eyJ0eXAiOiJKV1QiLCJhbGciOiJIUzI1NiJ9.eyJzdWIiOjMsImlhdCI6MTUxMzc2NzU3MCwiZXhwIjoxNTEzNzc0NTcwLCJuYmYiOjE1MTM3Njg1NzB9.mnXOm-s9g6HDK_yk7Ei_0bUtyuDeetKoc42OMUY7C8U',	'2017-12-20 15:19:30'),
(46,	'2017-12-20 12:21:35',	'2017-12-20 12:21:35',	1,	1,	'eyJ0eXAiOiJKV1QiLCJhbGciOiJIUzI1NiJ9.eyJzdWIiOjEsImlhdCI6MTUxMzc2Nzg5NSwiZXhwIjoxNTEzNzc0ODk1LCJuYmYiOjE1MTM3Njg4OTV9.aQmfo399e4TbJc0WaT1T5lcTEMg8mET8wSd5nzGaThI',	'2017-12-20 15:24:55'),
(47,	'2017-12-20 12:41:51',	'2017-12-20 12:41:51',	1,	1,	'eyJ0eXAiOiJKV1QiLCJhbGciOiJIUzI1NiJ9.eyJzdWIiOjEsImlhdCI6MTUxMzc2OTExMSwiZXhwIjoxNTEzNzc2MTExLCJuYmYiOjE1MTM3NzAxMTF9.4dXlRIIkBfZC1sQcjEGGUwkZM4Cl8IVGzzFacn26lbI',	'2017-12-20 15:45:11'),
(48,	'2017-12-20 12:43:02',	'2017-12-20 12:43:02',	1,	1,	'eyJ0eXAiOiJKV1QiLCJhbGciOiJIUzI1NiJ9.eyJzdWIiOjEsImlhdCI6MTUxMzc2OTE4MiwiZXhwIjoxNTEzNzc2MTgyLCJuYmYiOjE1MTM3NzAxODJ9.Gj5nuuW6oNzVBG_WwmH9SSdztf2S_7CkxaeEPo36oWc',	'2017-12-20 15:46:22'),
(49,	'2017-12-20 13:28:08',	'2017-12-20 13:28:08',	2,	1,	'eyJ0eXAiOiJKV1QiLCJhbGciOiJIUzI1NiJ9.eyJzdWIiOjIsImlhdCI6MTUxMzc3MTg4OCwiZXhwIjoxNTEzNzc4ODg4LCJuYmYiOjE1MTM3NzI4ODh9.zQTsrcknLe3aczrZM_phYg_do6yiIddiH2D5ApMrYFc',	'2017-12-20 16:31:28'),
(50,	'2017-12-20 14:27:44',	'2017-12-20 14:27:44',	1,	1,	'eyJ0eXAiOiJKV1QiLCJhbGciOiJIUzI1NiJ9.eyJzdWIiOjEsImlhdCI6MTUxMzc3NTQ2NCwiZXhwIjoxNTEzNzgyNDY0LCJuYmYiOjE1MTM3NzY0NjR9.eGN66raNajDUboGraLsD1bEO2PX9D6QKmDVE6DxqXiI',	'2017-12-20 17:31:04'),
(51,	'2017-12-20 15:03:26',	'2017-12-20 15:03:26',	1,	1,	'eyJ0eXAiOiJKV1QiLCJhbGciOiJIUzI1NiJ9.eyJzdWIiOjEsImlhdCI6MTUxMzc3NzYwNiwiZXhwIjoxNTEzNzg0NjA2LCJuYmYiOjE1MTM3Nzg2MDZ9.4hbbD5kTn95zkqAJRAJMdJyGi8ffXPh2uBxtsVYqfjs',	'2017-12-20 18:06:46'),
(52,	'2017-12-20 15:28:24',	'2017-12-20 15:28:24',	3,	1,	'eyJ0eXAiOiJKV1QiLCJhbGciOiJIUzI1NiJ9.eyJzdWIiOjMsImlhdCI6MTUxMzc3OTEwNCwiZXhwIjoxNTEzNzg2MTA0LCJuYmYiOjE1MTM3ODAxMDR9.9aE9RoYZSaOBFhxMaQ9i_nwRyD5b8v0rl49Zq5IWoOc',	'2017-12-20 18:31:44'),
(59,	'2017-12-21 13:46:00',	'2017-12-21 13:46:00',	1,	1,	'eyJ0eXAiOiJKV1QiLCJhbGciOiJIUzI1NiJ9.eyJzdWIiOjEsImlhdCI6MTUxMzg1OTM2MCwiZXhwIjoxNTEzODY2MzYwLCJuYmYiOjE1MTM4NjAzNjB9.zNiQmwAgJ0l0fli4sDEGkluJWWJCX05OMTnXBAWTPpI',	'2017-12-21 16:49:20'),
(61,	'2017-12-21 14:29:55',	'2017-12-21 14:29:55',	1,	1,	'eyJ0eXAiOiJKV1QiLCJhbGciOiJIUzI1NiJ9.eyJzdWIiOjEsImlhdCI6MTUxMzg2MTk5NSwiZXhwIjoxNTEzODY4OTk1LCJuYmYiOjE1MTM4NjI5OTV9.g8SaqleYtnFS2o5zU_t8aY5cSGKx9nlk3dFoMesDiJU',	'2017-12-21 17:33:15'),
(62,	'2017-12-21 14:30:16',	'2017-12-21 14:30:16',	1,	1,	'eyJ0eXAiOiJKV1QiLCJhbGciOiJIUzI1NiJ9.eyJzdWIiOjEsImlhdCI6MTUxMzg2MjAxNiwiZXhwIjoxNTEzODY5MDE2LCJuYmYiOjE1MTM4NjMwMTZ9.dV46u2-Q37eBaQASmsh4ZOsBC2zjT-6jHiIogqgbV80',	'2017-12-21 17:33:36'),
(63,	'2017-12-21 14:30:29',	'2017-12-21 14:30:29',	1,	1,	'eyJ0eXAiOiJKV1QiLCJhbGciOiJIUzI1NiJ9.eyJzdWIiOjEsImlhdCI6MTUxMzg2MjAyOSwiZXhwIjoxNTEzODY5MDI5LCJuYmYiOjE1MTM4NjMwMjl9.7roO4Ny7NDCh0QXxD9a6H1d-u8FHJPjWm04L0U-slRY',	'2017-12-21 17:33:49'),
(64,	'2017-12-21 14:31:19',	'2017-12-21 14:31:19',	1,	1,	'eyJ0eXAiOiJKV1QiLCJhbGciOiJIUzI1NiJ9.eyJzdWIiOjEsImlhdCI6MTUxMzg2MjA3OSwiZXhwIjoxNTEzODY5MDc5LCJuYmYiOjE1MTM4NjMwNzl9.ljEFZ3XbT-ISytLOtLNStU-2c-k7qk67DDSWlkCnN_M',	'2017-12-21 17:34:39'),
(65,	'2017-12-21 14:33:21',	'2017-12-21 14:33:21',	1,	1,	'eyJ0eXAiOiJKV1QiLCJhbGciOiJIUzI1NiJ9.eyJzdWIiOjEsImlhdCI6MTUxMzg2MjIwMSwiZXhwIjoxNTEzODY5MjAxLCJuYmYiOjE1MTM4NjMyMDF9.gDeElXvnPP2_9AGe60Ahw9yAPiNhxpW3IQlkBl6xZcg',	'2017-12-21 17:36:41'),
(66,	'2017-12-21 14:36:42',	'2017-12-21 14:36:42',	1,	1,	'eyJ0eXAiOiJKV1QiLCJhbGciOiJIUzI1NiJ9.eyJzdWIiOjEsImlhdCI6MTUxMzg2MjQwMiwiZXhwIjoxNTEzODY5NDAyLCJuYmYiOjE1MTM4NjM0MDJ9.mgKVwkYfoNMNRrql7IJ2SBvH6TYdB4Cc1v6oz1nL3bU',	'2017-12-21 17:40:02'),
(67,	'2017-12-21 14:37:35',	'2017-12-21 14:37:35',	1,	1,	'eyJ0eXAiOiJKV1QiLCJhbGciOiJIUzI1NiJ9.eyJzdWIiOjEsImlhdCI6MTUxMzg2MjQ1NSwiZXhwIjoxNTEzODY5NDU1LCJuYmYiOjE1MTM4NjM0NTV9.tDyzp59dqW5dgRV5cfmT3YBdmTStb478OzcK2uFDa9o',	'2017-12-21 17:40:55'),
(68,	'2017-12-21 14:47:53',	'2017-12-21 14:47:53',	1,	1,	'eyJ0eXAiOiJKV1QiLCJhbGciOiJIUzI1NiJ9.eyJzdWIiOjEsImlhdCI6MTUxMzg2MzA3MywiZXhwIjoxNTEzODcwMDczLCJuYmYiOjE1MTM4NjQwNzN9.-Ob7mB9qfpdH6htxHcqIIsgSDaMlTh7vkmJ2YnvZpRc',	'2017-12-21 17:51:13'),
(69,	'2017-12-21 14:52:46',	'2017-12-21 14:52:46',	1,	1,	'eyJ0eXAiOiJKV1QiLCJhbGciOiJIUzI1NiJ9.eyJzdWIiOjEsImlhdCI6MTUxMzg2MzM2NiwiZXhwIjoxNTEzODcwMzY2LCJuYmYiOjE1MTM4NjQzNjZ9.MpdNiHhJZI9PkV0-_s9i5GVX6TU-jEPXrnVPqvHzCyU',	'2017-12-21 17:56:06'),
(81,	'2017-12-22 10:10:26',	'2017-12-22 10:10:26',	3,	1,	'eyJ0eXAiOiJKV1QiLCJhbGciOiJIUzI1NiJ9.eyJzdWIiOjMsImlhdCI6MTUxMzkzMjgyNiwiZXhwIjoxNTEzOTM5ODI2LCJuYmYiOjE1MTM5MzM4MjZ9.NvdN7d31e1NungAKzpmTpjAgV1FQjskTtggCXJxC2CU',	'2017-12-22 13:13:46'),
(83,	'2017-12-22 11:44:21',	'2017-12-22 11:44:21',	1,	1,	'eyJ0eXAiOiJKV1QiLCJhbGciOiJIUzI1NiJ9.eyJzdWIiOjEsImlhdCI6MTUxMzkzODQ2MSwiZXhwIjoxNTEzOTQ1NDYxLCJuYmYiOjE1MTM5Mzk0NjF9.WkQ-F_EFC7TpSNtvEeQCfsnkeDFqj5I2vf0Gq7ypC7w',	'2017-12-22 14:47:41'),
(85,	'2017-12-26 06:58:08',	'2017-12-26 06:58:08',	1,	1,	'eyJ0eXAiOiJKV1QiLCJhbGciOiJIUzI1NiJ9.eyJzdWIiOjEsImlhdCI6MTUxNDI2Njg4OCwiZXhwIjoxNTE0MjczODg4LCJuYmYiOjE1MTQyNjc4ODh9.8hxmjp22FJ6y_TTBWDsGgPkHr6YNDf1Rnq8JkRuGV6E',	'2017-12-26 10:01:28'),
(91,	'2017-12-26 10:21:18',	'2017-12-26 10:21:18',	1,	1,	'eyJ0eXAiOiJKV1QiLCJhbGciOiJIUzI1NiJ9.eyJzdWIiOjEsImlhdCI6MTUxNDI3OTA3OCwiZXhwIjoxNTE0Mjg2MDc4LCJuYmYiOjE1MTQyODAwNzh9.P1upPHjZgeOfMXMfkfyZiE2B3XhHCX7Hp4tymBXlco8',	'2017-12-26 13:24:38'),
(92,	'2017-12-26 11:05:19',	'2017-12-26 11:05:19',	14,	1,	'eyJ0eXAiOiJKV1QiLCJhbGciOiJIUzI1NiJ9.eyJzdWIiOjE0LCJpYXQiOjE1MTQyODE3MTksImV4cCI6MTUxNDI4ODcxOSwibmJmIjoxNTE0MjgyNzE5fQ.kI3dIgkmiQmRWucNWnP5pqZ3rBi0u4Izx786VwnOrBE',	'2017-12-26 14:08:39'),
(98,	'2017-12-26 14:56:37',	'2017-12-26 14:56:37',	8,	1,	'eyJ0eXAiOiJKV1QiLCJhbGciOiJIUzI1NiJ9.eyJzdWIiOjgsImlhdCI6MTUxNDI5NTU5NywiZXhwIjoxNTE0MzAyNTk3LCJuYmYiOjE1MTQyOTY1OTd9.qtFnsqkhbb8FfzMMpn_UR9zpdJTBiPwv3vfmtdTCMVA',	'2017-12-26 17:59:57'),
(99,	'2017-12-27 06:59:53',	'2017-12-27 06:59:53',	3,	1,	'eyJ0eXAiOiJKV1QiLCJhbGciOiJIUzI1NiJ9.eyJzdWIiOjMsImlhdCI6MTUxNDM1MzM5MywiZXhwIjoxNTE0MzYwMzkzLCJuYmYiOjE1MTQzNTQzOTN9.DHVV4hknQC-gjRUc8So9w2Vh8N0y4PH0Xg8SiikgcJ0',	'2017-12-27 10:03:13'),
(100,	'2017-12-27 07:54:02',	'2017-12-27 07:54:02',	8,	1,	'eyJ0eXAiOiJKV1QiLCJhbGciOiJIUzI1NiJ9.eyJzdWIiOjgsImlhdCI6MTUxNDM1NjY0MiwiZXhwIjoxNTE0MzYzNjQyLCJuYmYiOjE1MTQzNTc2NDJ9.NJe6cXlaa93HNAQ_WzWADclFVIhkgOVuhD06L_aJ8rc',	'2017-12-27 10:57:22'),
(101,	'2017-12-27 08:34:01',	'2017-12-27 08:34:01',	8,	1,	'eyJ0eXAiOiJKV1QiLCJhbGciOiJIUzI1NiJ9.eyJzdWIiOjgsImlhdCI6MTUxNDM1OTA0MSwiZXhwIjoxNTE0MzY2MDQxLCJuYmYiOjE1MTQzNjAwNDF9.p92vB_AddRqU7-JfVcFADBhyRmbBIsSsgMrAtSMmKEU',	'2017-12-27 11:37:21'),
(104,	'2017-12-27 11:12:29',	'2017-12-27 11:12:29',	8,	1,	'eyJ0eXAiOiJKV1QiLCJhbGciOiJIUzI1NiJ9.eyJzdWIiOjgsImlhdCI6MTUxNDM2ODU0OSwiZXhwIjoxNTE0Mzc1NTQ5LCJuYmYiOjE1MTQzNjk1NDl9.PN1Nc2Zi3LtYI8N67z418zP8OYn4sBWbDAqoITvcC4E',	'2017-12-27 14:15:49'),
(105,	'2017-12-27 11:18:58',	'2017-12-27 11:18:58',	8,	1,	'eyJ0eXAiOiJKV1QiLCJhbGciOiJIUzI1NiJ9.eyJzdWIiOjgsImlhdCI6MTUxNDM2ODkzNywiZXhwIjoxNTE0Mzc1OTM3LCJuYmYiOjE1MTQzNjk5Mzd9.dT5EUD7ngzjpnhVgcmCe7TACr8V3S26vM0ZbX79vCwA',	'2017-12-27 14:22:17'),
(107,	'2017-12-27 14:59:51',	'2017-12-27 14:59:51',	1,	1,	'eyJ0eXAiOiJKV1QiLCJhbGciOiJIUzI1NiJ9.eyJzdWIiOjEsImlhdCI6MTUxNDM4MjE5MSwiZXhwIjoxNTE0Mzg5MTkxLCJuYmYiOjE1MTQzODMxOTF9.VolaV47OD4WQk3BocaHZw-HHghIQGQoJIsJCtFY2334',	'2017-12-27 18:03:11'),
(108,	'2017-12-28 06:15:40',	'2017-12-28 06:15:40',	1,	1,	'eyJ0eXAiOiJKV1QiLCJhbGciOiJIUzI1NiJ9.eyJzdWIiOjEsImlhdCI6MTUxNDQzNzE0MCwiZXhwIjoxNTE0NDQ0MTQwLCJuYmYiOjE1MTQ0MzgxNDB9.9uC-JTsMPEKoa6HpryrH7bBS6MhdXeYCNB85zFgZpIQ',	'2017-12-28 09:19:00'),
(109,	'2017-12-28 06:18:24',	'2017-12-28 06:18:24',	15,	1,	'eyJ0eXAiOiJKV1QiLCJhbGciOiJIUzI1NiJ9.eyJzdWIiOjE1LCJpYXQiOjE1MTQ0MzczMDQsImV4cCI6MTUxNDQ0NDMwNCwibmJmIjoxNTE0NDM4MzA0fQ.WJLMnWFUcsVBjPK-CqHsBXSCqj4J2yoOdJws_A_-doU',	'2017-12-28 09:21:44'),
(111,	'2017-12-28 06:43:02',	'2017-12-28 06:43:02',	16,	1,	'eyJ0eXAiOiJKV1QiLCJhbGciOiJIUzI1NiJ9.eyJzdWIiOjE2LCJpYXQiOjE1MTQ0Mzg3ODIsImV4cCI6MTUxNDQ0NTc4MiwibmJmIjoxNTE0NDM5NzgyfQ.3YM6uQjPQ3kU0odYliJ8v_lp68dApnYSxL8UHCo9FMY',	'2017-12-28 09:46:22'),
(116,	'2017-12-28 07:50:49',	'2017-12-28 07:50:49',	8,	1,	'eyJ0eXAiOiJKV1QiLCJhbGciOiJIUzI1NiJ9.eyJzdWIiOjgsImlhdCI6MTUxNDQ0Mjg0OSwiZXhwIjoxNTE0NDQ5ODQ5LCJuYmYiOjE1MTQ0NDM4NDl9.JOpcAOwObqhmZl1GZ0veU7KreRdJhSbr6NFZQc0s9bY',	'2017-12-28 10:54:09'),
(135,	'2017-12-28 12:26:12',	'2017-12-28 12:26:12',	8,	1,	'eyJ0eXAiOiJKV1QiLCJhbGciOiJIUzI1NiJ9.eyJzdWIiOjgsImlhdCI6MTUxNDQ1OTM3MiwiZXhwIjoxNTE0NDY2MzcyLCJuYmYiOjE1MTQ0NjAzNzJ9.oWVh4GdiOm89C-eE3CZIQVir5wRZC6N5UEKkr3YZ8ys',	'2017-12-28 15:29:32'),
(136,	'2017-12-28 14:04:46',	'2017-12-28 14:04:46',	8,	1,	'eyJ0eXAiOiJKV1QiLCJhbGciOiJIUzI1NiJ9.eyJzdWIiOjgsImlhdCI6MTUxNDQ2NTI4NiwiZXhwIjoxNTE0NDcyMjg2LCJuYmYiOjE1MTQ0NjYyODZ9.SA1lObmQlFCe_dWp9HDOtF524gvrGipX_5K30AEFlT8',	'2017-12-28 17:08:06'),
(148,	'2017-12-29 07:19:07',	'2017-12-29 07:19:07',	17,	1,	'eyJ0eXAiOiJKV1QiLCJhbGciOiJIUzI1NiJ9.eyJzdWIiOjE3LCJpYXQiOjE1MTQ1MjczNDcsImV4cCI6MTUxNDUzNDM0NywibmJmIjoxNTE0NTI4MzQ3fQ.gMicZbfB_oturzb8ML1UBM3-v7dVawoysTm7x-RRj3U',	'2017-12-29 10:22:27'),
(150,	'2017-12-29 07:46:17',	'2017-12-29 07:46:17',	1,	1,	'eyJ0eXAiOiJKV1QiLCJhbGciOiJIUzI1NiJ9.eyJzdWIiOjEsImlhdCI6MTUxNDUyODk3NywiZXhwIjoxNTE0NTM1OTc3LCJuYmYiOjE1MTQ1Mjk5Nzd9.2HrJZvcNVsluk17vLa1jLHzH3VFt5T85-myMYZipdsY',	'2017-12-29 10:49:37'),
(151,	'2017-12-29 08:57:00',	'2017-12-29 08:57:00',	18,	1,	'eyJ0eXAiOiJKV1QiLCJhbGciOiJIUzI1NiJ9.eyJzdWIiOjE4LCJpYXQiOjE1MTQ1MzMyMjAsImV4cCI6MTUxNDU0MDIyMCwibmJmIjoxNTE0NTM0MjIwfQ.G7Vzn2KSyNVwqlVXPSzqfF7VV1bnNxSCJqZvfHXgmHw',	'2017-12-29 12:00:20'),
(154,	'2017-12-29 10:14:04',	'2017-12-29 10:14:04',	19,	1,	'eyJ0eXAiOiJKV1QiLCJhbGciOiJIUzI1NiJ9.eyJzdWIiOjE5LCJpYXQiOjE1MTQ1Mzc4NDQsImV4cCI6MTUxNDU0NDg0NCwibmJmIjoxNTE0NTM4ODQ0fQ.n0bmn4LQgEVkszX4BHYXhph6LvhxRUZeSicKeeNoz7A',	'2017-12-29 13:17:24'),
(157,	'2017-12-29 10:23:57',	'2017-12-29 10:23:57',	20,	1,	'eyJ0eXAiOiJKV1QiLCJhbGciOiJIUzI1NiJ9.eyJzdWIiOjIwLCJpYXQiOjE1MTQ1Mzg0MzcsImV4cCI6MTUxNDU0NTQzNywibmJmIjoxNTE0NTM5NDM3fQ.U54OCLng3Wsm-Xfg-h7JOvjmCEqr-msFeHb8qSQUE_4',	'2017-12-29 13:27:17'),
(159,	'2017-12-29 10:39:46',	'2017-12-29 10:39:46',	1,	1,	'eyJ0eXAiOiJKV1QiLCJhbGciOiJIUzI1NiJ9.eyJzdWIiOjEsImlhdCI6MTUxNDUzOTM4NiwiZXhwIjoxNTE0NTQ2Mzg2LCJuYmYiOjE1MTQ1NDAzODZ9.uDN9_qiirjA0hyFDXPkF61ExikhLH64xkF7zOJ3Jueg',	'2017-12-29 13:43:06'),
(160,	'2017-12-29 10:51:03',	'2017-12-29 10:51:03',	21,	1,	'eyJ0eXAiOiJKV1QiLCJhbGciOiJIUzI1NiJ9.eyJzdWIiOjIxLCJpYXQiOjE1MTQ1NDAwNjMsImV4cCI6MTUxNDU0NzA2MywibmJmIjoxNTE0NTQxMDYzfQ.UgmfjeXupX7v26ZN6V2q1WE4y78vnbrwUOLOTILhyYU',	'2017-12-29 13:54:23'),
(164,	'2017-12-29 11:08:03',	'2017-12-29 11:08:03',	22,	1,	'eyJ0eXAiOiJKV1QiLCJhbGciOiJIUzI1NiJ9.eyJzdWIiOjIyLCJpYXQiOjE1MTQ1NDEwODMsImV4cCI6MTUxNDU0ODA4MywibmJmIjoxNTE0NTQyMDgzfQ.51sfUiN6-rSNtZbvScYiSBmh-GgzD87YCYzOqLcoU1s',	'2017-12-29 14:11:23'),
(166,	'2017-12-29 11:33:34',	'2017-12-29 11:33:34',	23,	1,	'eyJ0eXAiOiJKV1QiLCJhbGciOiJIUzI1NiJ9.eyJzdWIiOjIzLCJpYXQiOjE1MTQ1NDI2MTQsImV4cCI6MTUxNDU0OTYxNCwibmJmIjoxNTE0NTQzNjE0fQ.ngdPTK_aPvzHkMYcM7tn_YaTQtPj_cg00NgRhhuWi9k',	'2017-12-29 14:36:54'),
(168,	'2017-12-29 11:42:41',	'2017-12-29 11:42:41',	24,	1,	'eyJ0eXAiOiJKV1QiLCJhbGciOiJIUzI1NiJ9.eyJzdWIiOjI0LCJpYXQiOjE1MTQ1NDMxNjEsImV4cCI6MTUxNDU1MDE2MSwibmJmIjoxNTE0NTQ0MTYxfQ.dahLfXQd8FIppF0WiX5N9RbcSGMNL24EorashTajFpU',	'2017-12-29 14:46:01'),
(170,	'2017-12-29 11:48:15',	'2017-12-29 11:48:15',	25,	1,	'eyJ0eXAiOiJKV1QiLCJhbGciOiJIUzI1NiJ9.eyJzdWIiOjI1LCJpYXQiOjE1MTQ1NDM0OTUsImV4cCI6MTUxNDU1MDQ5NSwibmJmIjoxNTE0NTQ0NDk1fQ.2bhGFlHjToZdoEI1EEMf7l14ldiNjqcjPdCemfRPVQY',	'2017-12-29 14:51:35'),
(172,	'2017-12-29 12:30:51',	'2017-12-29 12:30:51',	1,	1,	'eyJ0eXAiOiJKV1QiLCJhbGciOiJIUzI1NiJ9.eyJzdWIiOjEsImlhdCI6MTUxNDU0NjA1MSwiZXhwIjoxNTE0NTUzMDUxLCJuYmYiOjE1MTQ1NDcwNTF9.7EOu-R0QuzmY7jPmYZ7vuKd076PPoUj0f3g_Q7-Y_ys',	'2017-12-29 15:34:11'),
(187,	'2017-12-29 14:55:00',	'2017-12-29 14:55:00',	1,	1,	'eyJ0eXAiOiJKV1QiLCJhbGciOiJIUzI1NiJ9.eyJzdWIiOjEsImlhdCI6MTUxNDU1NDcwMCwiZXhwIjoxNTE0NTYxNzAwLCJuYmYiOjE1MTQ1NTU3MDB9.OLsPFMtVhkDBkwAjohUHqHICbUS9HfgC1cp-zjLCp_w',	'2017-12-29 17:58:20'),
(188,	'2018-01-02 09:13:35',	'2018-01-02 09:13:35',	1,	1,	'eyJ0eXAiOiJKV1QiLCJhbGciOiJIUzI1NiJ9.eyJzdWIiOjEsImlhdCI6MTUxNDg3OTgxNSwiZXhwIjoxNTE0ODg2ODE1LCJuYmYiOjE1MTQ4ODA4MTV9.MHq4qBLVJ3BhKaZwNPb-klotS3tqM30SSXcbdxObHwo',	'2018-01-02 12:16:55'),
(200,	'2018-01-02 11:42:19',	'2018-01-02 11:42:19',	22,	1,	'eyJ0eXAiOiJKV1QiLCJhbGciOiJIUzI1NiJ9.eyJzdWIiOjIyLCJpYXQiOjE1MTQ4ODg3MzksImV4cCI6MTUxNDg5NTczOSwibmJmIjoxNTE0ODg5NzM5fQ.iUI6r8yxVMOg52-cNsLjA2L_qf1WZiwN_uUHUPIQIs4',	'2018-01-02 14:45:39'),
(201,	'2018-01-02 12:01:51',	'2018-01-02 12:01:51',	1,	1,	'eyJ0eXAiOiJKV1QiLCJhbGciOiJIUzI1NiJ9.eyJzdWIiOjEsImlhdCI6MTUxNDg4OTkxMSwiZXhwIjoxNTE0ODk2OTExLCJuYmYiOjE1MTQ4OTA5MTF9.XsOFhpCTKkq0Ji-YIeWZeRZiuguuV3UucRFfxDiQkLw',	'2018-01-02 15:05:11'),
(209,	'2018-03-02 14:06:46',	'2018-03-02 14:06:46',	2,	1,	'eyJ0eXAiOiJKV1QiLCJhbGciOiJIUzI1NiJ9.eyJzdWIiOjIsImlhdCI6MTUxOTk5NTAwNiwiZXhwIjoxNTIwMDAyMDA2LCJuYmYiOjE1MTk5OTYwMDZ9.Pxw5kXdSdraSnzk4jd5ulugnySUx5m0zCjBNDl1PdtI',	'2018-03-02 17:10:06'),
(210,	'2018-03-02 14:25:07',	'2018-03-02 14:25:07',	8,	1,	'eyJ0eXAiOiJKV1QiLCJhbGciOiJIUzI1NiJ9.eyJzdWIiOjgsImlhdCI6MTUxOTk5NjEwNywiZXhwIjoxNTIwMDAzMTA3LCJuYmYiOjE1MTk5OTcxMDd9.l3RFSAOKiBopTJp_3nvVJ4LwML0Vsp8NSzJGUpSnGuA',	'2018-03-02 17:28:27'),
(211,	'2018-03-05 05:45:24',	'2018-03-05 05:45:24',	8,	1,	'eyJ0eXAiOiJKV1QiLCJhbGciOiJIUzI1NiJ9.eyJzdWIiOjgsImlhdCI6MTUyMDIyNDEyNCwiZXhwIjoxNTIwMjMxMTI0LCJuYmYiOjE1MjAyMjUxMjR9.jZsUlEZN3qMpt1ceOorrwyFLWK-kl98WzWls-W45iy0',	'2018-03-05 08:48:44'),
(215,	'2018-03-05 06:15:37',	'2018-03-05 06:15:37',	2,	1,	'eyJ0eXAiOiJKV1QiLCJhbGciOiJIUzI1NiJ9.eyJzdWIiOjIsImlhdCI6MTUyMDIyNTkzNywiZXhwIjoxNTIwMjMyOTM3LCJuYmYiOjE1MjAyMjY5Mzd9.ofb-wGmI90OHUX1EpVsdNobhTeyvsz3ZHiT7IbcAn5Q',	'2018-03-05 09:18:57');

DROP TABLE IF EXISTS `user_views`;
CREATE TABLE `user_views` (
  `id` bigint(20) unsigned NOT NULL AUTO_INCREMENT,
  `user_id` bigint(20) unsigned DEFAULT NULL,
  `viewing_user_id` bigint(20) unsigned DEFAULT NULL,
  `ip_id` bigint(20) unsigned NOT NULL DEFAULT '0',
  `created_at` timestamp NULL DEFAULT NULL,
  `updated_at` timestamp NULL DEFAULT NULL,
  PRIMARY KEY (`id`),
  KEY `user_id` (`user_id`),
  KEY `viewing_user_id` (`viewing_user_id`),
  KEY `ip_id` (`ip_id`),
  CONSTRAINT `user_views_ibfk_3` FOREIGN KEY (`user_id`) REFERENCES `users` (`id`) ON DELETE CASCADE ON UPDATE NO ACTION,
  CONSTRAINT `user_views_ibfk_4` FOREIGN KEY (`viewing_user_id`) REFERENCES `users` (`id`) ON DELETE CASCADE ON UPDATE NO ACTION
) ENGINE=InnoDB DEFAULT CHARSET=utf8 COLLATE=utf8_unicode_ci;

INSERT INTO `user_views` (`id`, `user_id`, `viewing_user_id`, `ip_id`, `created_at`, `updated_at`) VALUES
(1,	3,	3,	0,	'2017-12-08 07:41:34',	'2017-12-08 07:41:34'),
(2,	3,	3,	0,	'2017-12-08 07:41:43',	'2017-12-08 07:41:43'),
(3,	3,	3,	0,	'2017-12-08 07:41:48',	'2017-12-08 07:41:48'),
(4,	3,	3,	0,	'2017-12-11 00:35:16',	'2017-12-11 00:35:16'),
(5,	3,	3,	0,	'2017-12-11 00:37:52',	'2017-12-11 00:37:52'),
(6,	7,	7,	0,	'2017-12-11 01:33:37',	'2017-12-11 01:33:37'),
(7,	7,	7,	0,	'2017-12-11 01:33:45',	'2017-12-11 01:33:45'),
(8,	7,	7,	0,	'2017-12-11 01:33:53',	'2017-12-11 01:33:53'),
(9,	7,	7,	0,	'2017-12-11 01:34:14',	'2017-12-11 01:34:14'),
(10,	7,	7,	0,	'2017-12-11 01:37:08',	'2017-12-11 01:37:08'),
(11,	7,	7,	0,	'2017-12-11 01:37:16',	'2017-12-11 01:37:16'),
(12,	2,	3,	0,	'2017-12-11 01:37:54',	'2017-12-11 01:37:54'),
(13,	2,	3,	0,	'2017-12-11 01:42:24',	'2017-12-11 01:42:24'),
(14,	2,	7,	0,	'2017-12-11 01:46:48',	'2017-12-11 01:46:48'),
(15,	2,	7,	0,	'2017-12-11 01:47:01',	'2017-12-11 01:47:01'),
(16,	2,	3,	0,	'2017-12-11 01:51:47',	'2017-12-11 01:51:47'),
(17,	4,	3,	0,	'2017-12-11 01:58:44',	'2017-12-11 01:58:44'),
(18,	9,	3,	0,	'2017-12-16 06:36:59',	'2017-12-16 06:36:59'),
(19,	9,	3,	0,	'2017-12-16 06:37:16',	'2017-12-16 06:37:16'),
(20,	9,	9,	0,	'2017-12-16 07:08:53',	'2017-12-16 07:08:53'),
(21,	9,	8,	0,	'2017-12-16 07:09:28',	'2017-12-16 07:09:28'),
(22,	9,	8,	0,	'2017-12-16 07:09:39',	'2017-12-16 07:09:39'),
(23,	9,	8,	0,	'2017-12-16 07:10:00',	'2017-12-16 07:10:00'),
(24,	9,	9,	0,	'2017-12-16 07:16:41',	'2017-12-16 07:16:41'),
(25,	9,	9,	0,	'2017-12-16 07:18:00',	'2017-12-16 07:18:00'),
(26,	9,	8,	0,	'2017-12-16 07:21:56',	'2017-12-16 07:21:56'),
(27,	9,	8,	0,	'2017-12-16 07:22:44',	'2017-12-16 07:22:44'),
(28,	3,	8,	0,	'2017-12-21 02:22:32',	'2017-12-21 02:22:32'),
(29,	3,	8,	0,	'2017-12-21 02:23:19',	'2017-12-21 02:23:19'),
(30,	3,	8,	0,	'2017-12-21 02:33:35',	'2017-12-21 02:33:35'),
(31,	3,	8,	0,	'2017-12-21 02:34:44',	'2017-12-21 02:34:44'),
(32,	3,	8,	0,	'2017-12-21 02:35:03',	'2017-12-21 02:35:03'),
(33,	3,	8,	0,	'2017-12-21 02:38:41',	'2017-12-21 02:38:41'),
(34,	3,	8,	0,	'2017-12-21 02:42:08',	'2017-12-21 02:42:08'),
(35,	3,	8,	0,	'2017-12-21 02:45:15',	'2017-12-21 02:45:15'),
(36,	3,	8,	0,	'2017-12-21 02:48:54',	'2017-12-21 02:48:54'),
(37,	3,	8,	0,	'2017-12-21 02:49:33',	'2017-12-21 02:49:33'),
(38,	3,	8,	0,	'2017-12-21 02:49:45',	'2017-12-21 02:49:45'),
(39,	3,	8,	0,	'2017-12-21 02:50:43',	'2017-12-21 02:50:43'),
(40,	3,	8,	0,	'2017-12-21 02:50:47',	'2017-12-21 02:50:47'),
(41,	2,	8,	0,	'2017-12-21 03:18:43',	'2017-12-21 03:18:43'),
(42,	2,	8,	0,	'2017-12-21 03:23:09',	'2017-12-21 03:23:09'),
(43,	2,	8,	0,	'2017-12-21 03:28:48',	'2017-12-21 03:28:48'),
(44,	2,	8,	0,	'2017-12-21 03:30:47',	'2017-12-21 03:30:47'),
(45,	2,	8,	0,	'2017-12-21 03:32:36',	'2017-12-21 03:32:36'),
(46,	2,	8,	0,	'2017-12-21 03:37:45',	'2017-12-21 03:37:45'),
(47,	2,	8,	0,	'2017-12-22 05:30:17',	'2017-12-22 05:30:17'),
(48,	2,	8,	0,	'2017-12-22 05:33:37',	'2017-12-22 05:33:37'),
(49,	2,	8,	0,	'2017-12-22 05:34:36',	'2017-12-22 05:34:36'),
(50,	2,	8,	0,	'2017-12-22 05:35:29',	'2017-12-22 05:35:29'),
(51,	2,	8,	0,	'2017-12-22 05:38:33',	'2017-12-22 05:38:33'),
(52,	2,	8,	0,	'2017-12-22 05:39:16',	'2017-12-22 05:39:16'),
(53,	2,	8,	0,	'2017-12-22 05:41:02',	'2017-12-22 05:41:02'),
(54,	2,	8,	0,	'2017-12-22 05:41:42',	'2017-12-22 05:41:42'),
(55,	2,	8,	0,	'2017-12-22 05:42:27',	'2017-12-22 05:42:27'),
(56,	2,	8,	0,	'2017-12-22 05:42:53',	'2017-12-22 05:42:53'),
(57,	2,	8,	0,	'2017-12-22 05:43:32',	'2017-12-22 05:43:32'),
(58,	2,	8,	0,	'2017-12-22 05:44:40',	'2017-12-22 05:44:40'),
(59,	8,	3,	0,	'2017-12-26 04:44:02',	'2017-12-26 04:44:02'),
(60,	8,	7,	0,	'2017-12-26 04:44:44',	'2017-12-26 04:44:44'),
(61,	14,	14,	0,	'2017-12-26 09:13:20',	'2017-12-26 09:13:20'),
(62,	14,	14,	0,	'2017-12-26 09:13:34',	'2017-12-26 09:13:34'),
(63,	8,	8,	0,	'2017-12-27 02:54:03',	'2017-12-27 02:54:03'),
(64,	8,	3,	0,	'2017-12-27 02:54:17',	'2017-12-27 02:54:17'),
(65,	NULL,	15,	0,	'2017-12-28 01:36:26',	'2017-12-28 01:36:26'),
(66,	NULL,	15,	0,	'2017-12-28 01:37:01',	'2017-12-28 01:37:01'),
(67,	NULL,	14,	0,	'2017-12-28 01:40:41',	'2017-12-28 01:40:41'),
(68,	NULL,	16,	0,	'2017-12-28 01:41:48',	'2017-12-28 01:41:48'),
(69,	NULL,	16,	0,	'2017-12-28 01:44:49',	'2017-12-28 01:44:49'),
(70,	2,	3,	0,	'2018-01-02 05:11:46',	'2018-01-02 05:11:46'),
(71,	2,	3,	0,	'2018-01-02 05:11:59',	'2018-01-02 05:11:59'),
(72,	2,	3,	0,	'2018-01-02 05:12:26',	'2018-01-02 05:12:26'),
(73,	2,	8,	0,	'2018-01-02 05:13:59',	'2018-01-02 05:13:59'),
(74,	2,	8,	0,	'2018-01-02 05:16:06',	'2018-01-02 05:16:06'),
(75,	2,	8,	0,	'2018-01-02 05:20:49',	'2018-01-02 05:20:49'),
(76,	2,	8,	0,	'2018-01-02 05:21:27',	'2018-01-02 05:21:27'),
(77,	2,	8,	0,	'2018-01-02 05:29:28',	'2018-01-02 05:29:28'),
(78,	2,	8,	0,	'2018-01-02 05:29:51',	'2018-01-02 05:29:51'),
(79,	2,	8,	0,	'2018-01-02 05:30:15',	'2018-01-02 05:30:15'),
(80,	4,	8,	0,	'2018-01-02 05:34:27',	'2018-01-02 05:34:27'),
(81,	8,	8,	0,	'2018-01-02 05:47:45',	'2018-01-02 05:47:45'),
(82,	16,	16,	0,	'2018-01-02 05:59:18',	'2018-01-02 05:59:18'),
(83,	2,	16,	0,	'2018-01-02 05:59:48',	'2018-01-02 05:59:48'),
(84,	2,	22,	0,	'2018-01-02 06:11:44',	'2018-01-02 06:11:44'),
(85,	2,	22,	0,	'2018-01-02 06:17:31',	'2018-01-02 06:17:31'),
(86,	2,	22,	0,	'2018-01-02 06:20:58',	'2018-01-02 06:20:58'),
(87,	2,	22,	0,	'2018-01-02 06:24:01',	'2018-01-02 06:24:01'),
(88,	2,	8,	0,	'2018-03-02 08:38:40',	'2018-03-02 08:38:40'),
(89,	2,	8,	0,	'2018-03-02 08:39:13',	'2018-03-02 08:39:13'),
(90,	2,	8,	0,	'2018-03-02 08:39:36',	'2018-03-02 08:39:36'),
(91,	2,	8,	0,	'2018-03-02 08:50:56',	'2018-03-02 08:50:56'),
(92,	2,	8,	0,	'2018-03-02 08:53:06',	'2018-03-02 08:53:06'),
(93,	2,	8,	0,	'2018-03-02 08:53:26',	'2018-03-02 08:53:26'),
(94,	2,	8,	0,	'2018-03-02 08:54:07',	'2018-03-02 08:54:07'),
(95,	2,	8,	0,	'2018-03-02 08:56:03',	'2018-03-02 08:56:03'),
(96,	2,	8,	0,	'2018-03-05 00:16:08',	'2018-03-05 00:16:08');

DROP TABLE IF EXISTS `withdrawal_statuses`;
CREATE TABLE `withdrawal_statuses` (
  `id` bigint(20) unsigned NOT NULL AUTO_INCREMENT,
  `created_at` timestamp NULL DEFAULT NULL,
  `updated_at` timestamp NULL DEFAULT NULL,
  `name` varchar(255) COLLATE utf8_unicode_ci NOT NULL,
  PRIMARY KEY (`id`),
  KEY `withdrawal_statuses_id_index` (`id`)
) ENGINE=InnoDB DEFAULT CHARSET=utf8 COLLATE=utf8_unicode_ci;

INSERT INTO `withdrawal_statuses` (`id`, `created_at`, `updated_at`, `name`) VALUES
(1,	'2016-05-13 05:38:15',	'2016-05-13 05:38:15',	'Pending'),
(2,	'2016-05-13 05:38:15',	'2016-05-13 05:38:15',	'Under Process'),
(3,	'2016-05-13 05:38:15',	'2016-05-13 05:38:15',	'Rejected'),
(4,	'2016-05-13 05:38:15',	'2016-05-13 05:38:15',	'Failed'),
(5,	'2016-05-13 05:38:16',	'2016-05-13 05:38:16',	'Success');

-- 2018-03-05 06:04:35